# multi-word expressions (M1): target phrase -> original lexeme(s); lang=arb; from bcv-commons/lexeme-alignments; content+same-testament, count>=2. CC0
surface	strongs	lexemes	kind	confidence	count	methods
أبواق الهتاف	H7782	hbo:7782	fertility	1.0	3	eflomal
أبواق ٱلهتاف	H7782	hbo:7782	fertility	1.0	2	eflomal
أتستطيعان تشربا	G4095	grc:4095	fertility	1.0	2	eflomal
أجئت مسالما	H7965	hbo:7965	fertility	1.0	2	eflomal
أحدا لم	G3762	grc:3762	fertility	1.0	2	eflomal
أحضر رئيس	H5387	hbo:5387	fertility	1.0	10	eflomal
أحمالا عسرة	G5413	grc:5413	fertility	1.0	2	eflomal
أحمر وياقوت	H6357	hbo:6357	fertility	1.0	2	eflomal
أخطأ سهوا	H2398	hbo:2398	fertility	1.0	2	eflomal
أدار نظره	G4017	grc:4017	fertility	1.0	4	eflomal;gloss
أدوني بازق	H0137	hbo:0137	fertility	1.0	10	eflomal;gloss
أدوني صادق	H0139	hbo:0139	fertility	1.0	8	eflomal;gloss
أذرع أمتار	H0520	hbo:0520	fertility	1.0	3	eflomal
أذرع المتر	H0520	hbo:0520	fertility	1.0	2	eflomal
أذرع خمسة أمتار	H0520	hbo:0520	fertility	1.0	3	eflomal
أذرع متر	H0520	hbo:0520	fertility	1.0	2	eflomal
أذرع مترين	H0520	hbo:0520	fertility	1.0	8	eflomal
أذرع مترين المتر	H0520	hbo:0520	fertility	1.0	9	eflomal
أذرع نحو	H0520	hbo:0520	fertility	1.0	3	eflomal
أذرع نحو مترين	H0520	hbo:0520	fertility	1.0	2	eflomal
أرام دمشق	H0758	hbo:0758b	fertility	1.0	2	eflomal
أرام ٱلنهرين	H0763	hbo:0763	fertility	1.0	2	eflomal
أربع سنة	G2094	grc:2094	fertility	1.0	2	eflomal
أربع عشرة	G1180	grc:1180	fertility	1.0	4	eflomal;gloss
أربع مئة	G5071	grc:5071	fertility	1.0	4	eflomal;gloss
أربعة آلاف	G5070	grc:5070	fertility	1.0	10	eflomal;gloss
أربعة عشر	G1074	grc:1074	fertility	1.0	6	eflomal;gloss
أرض صخرية التربة	G4075	grc:4075	fertility	1.0	2	eflomal
أرطاميس أهل	G0735	grc:735	fertility	1.0	2	eflomal
أريوس باغوس	G0697	grc:697	fertility	1.0	4	eflomal;gloss
أزرق لتثبت	H8504	hbo:8504	fertility	1.0	2	eflomal
أزوجه عكسة	H5915	hbo:5915	fertility	1.0	2	eflomal
أسألك سؤالا	H7596	hbo:7596	fertility	1.0	4	eflomal;gloss
أسلم ٱلروح	H1478	hbo:1478	fertility	1.0	3	eflomal
أسلموه حسدا	G5355	grc:5355	fertility	1.0	2	gloss
أشجار ٱلبكا	H1057	hbo:1057	fertility	1.0	8	eflomal;gloss
أصناف الطيور	H6833	hbo:6833	fertility	1.0	4	eflomal;gloss
أطعمة شهية	H4303	hbo:4303	fertility	1.0	4	eflomal;gloss
أطلب منك	G1263	grc:1263	fertility	1.0	4	eflomal;gloss
أطلت ميكال	H4324	hbo:4324	fertility	1.0	2	eflomal
أعدوا أعدوا	H5549	hbo:5549	fertility	1.0	4	eflomal;gloss
أعشار الإيفة	H6241	hbo:6241	fertility	1.0	5	eflomal;gloss
أعماق الظلام	G2217	grc:2217	fertility	1.0	2	eflomal
أعود تذكر	G3403	grc:3403	fertility	1.0	2	eflomal
أفخر لباس	H4358	hbo:4358	fertility	1.0	4	eflomal;gloss
أفعالك المقتدرة	H1369	hbo:1369	fertility	1.0	2	eflomal
أقصبة الرياح	G0417	grc:417	fertility	1.0	2	eflomal
ألياساف دعوئيل	H0460	hbo:0460	fertility	1.0	4	eflomal
أماكن الصدارة	G4411	grc:4411	fertility	1.0	2	eflomal
أنبياء كذبة	G5578	grc:5578	fertility	1.0	3	eflomal
أنتم عصافير	G4765	grc:4765	fertility	1.0	2	eflomal
أنزلت البلاء	H6031	hbo:6031	fertility	1.0	2	eflomal
أوائل الشهور	H2320	hbo:2320	fertility	1.0	2	eflomal
أوفي نذوري	H5088	hbo:5088	fertility	1.0	4	eflomal
أولادا صغارا	G3813	grc:3813	fertility	1.0	2	eflomal
أولادي الصغار	G5040	grc:5040	fertility	1.0	2	eflomal
أويل مرودخ	H0192	hbo:0192	fertility	1.0	4	eflomal;gloss
إحياء لذكرها	G3422	grc:3422	fertility	1.0	4	eflomal;gloss
إرساء أساس	H3245	hbo:3245	fertility	1.0	8	eflomal;gloss
إضافة ٱلغرباء	G5381	grc:5381	fertility	1.0	2	gloss
إلهة أفسس	G2180	grc:2180	fertility	1.0	2	eflomal
إياها لابان	H3837	hbo:3837	fertility	1.0	2	eflomal
اثني وعرضها	H7341	hbo:7341	fertility	1.0	2	eflomal
احترق ويبس	G2739	grc:2739	fertility	1.0	4	eflomal;gloss
احتفل الفصح	H6453	hbo:6453	fertility	1.0	2	eflomal
استيقظي استيقظي	H5782	hbo:5782	fertility	1.0	3	eflomal
استيقظي ٱستيقظي	H5782	hbo:5782	fertility	1.0	2	eflomal
اشتداد حر	H2527	hbo:2527	fertility	1.0	3	eflomal
اصلبه اصلبه	G4717	grc:4717	fertility	1.0	2	eflomal
اعترى الخجل	H0954	hbo:0954	fertility	1.0	2	eflomal
افرحي أيتها	G2165	grc:2165	fertility	1.0	4	eflomal;gloss
الآباء الأولون	G3966	grc:3966	fertility	1.0	4	eflomal;gloss
الأخ أخاه	G0080	grc:80	fertility	1.0	2	eflomal
الأربعة والعشرون	G5064	grc:5064	fertility	1.0	2	eflomal
الأرجاس تنجس	H8251	hbo:8251	fertility	1.0	2	eflomal
الأشغال الشاقة	H4522	hbo:4522	fertility	1.0	2	eflomal
الأم الملكة	H1377	hbo:1377	fertility	1.0	2	eflomal
الأمطار وجرت	G1028	grc:1028	fertility	1.0	4	eflomal;gloss
الأنبياء الدجالين	G5578	grc:5578	fertility	1.0	4	eflomal
الأنبياء الكذبة	H5030	hbo:5030	fertility	1.0	4	eflomal
الإبراء الديون	H8059	hbo:8059	fertility	1.0	2	eflomal
الإيفة نحو خمسة	H6241	hbo:6241	fertility	1.0	2	eflomal
الاحتفال بالفصح	H6453	hbo:6453	fertility	1.0	2	eflomal
البقعة اللامعة	H0934	hbo:0934	fertility	1.0	2	eflomal
البقية الناجية	H7611	hbo:7611	fertility	1.0	2	eflomal
التاسعة صباحا	G5154	grc:5154	fertility	1.0	6	eflomal;gloss
التبشير بإنجيل	G2098	grc:2098	fertility	1.0	2	eflomal
التبشير بالإنجيل	G2098	grc:2098	fertility	1.0	2	eflomal
التلاميذ فضل	G2801	grc:2801	fertility	1.0	3	eflomal
التمثالين المنحوت	H6459	hbo:6459	fertility	1.0	2	eflomal
التيماني وبلدد	H8489	hbo:8489	fertility	1.0	2	eflomal
الثالثة صرخ	G1766	grc:1766	fertility	1.0	2	eflomal
الثانية ظهرا	G1623	grc:1623	fertility	1.0	3	eflomal
الجزاء العادل	G0618	grc:618	fertility	1.0	2	gloss
الجيل الثالث	H8029	hbo:8029	fertility	1.0	3	eflomal
الحديث العليقة	G0942	grc:942	fertility	1.0	2	eflomal
الحصرم فضرست	H1155	hbo:1155	fertility	1.0	4	eflomal;gloss
الحلقات المثبتة	H2885	hbo:2885	fertility	1.0	2	eflomal
الحيوانات الدابة	G5074	grc:5074	fertility	1.0	2	eflomal
الخشبة الكبيرة	G1385	grc:1385	fertility	1.0	2	eflomal
الداخلية وأكارعه	H3767	hbo:3767	fertility	1.0	2	eflomal
الديانة اليهودية	G2454	grc:2454	fertility	1.0	4	eflomal;gloss
الذهب الخالص	H2091	hbo:2091	fertility	1.0	3	eflomal
الرب لجدعون	H3068	hbo:3068	fertility	1.0	2	eflomal
الربح الحرام	H1215	hbo:1215	fertility	1.0	2	eflomal
الساحات العامة	G0058	grc:58	fertility	1.0	5	eflomal
الساعة التاسعة	G5610	grc:5610	fertility	1.0	5	eflomal
الساعة عشرة	G5610	grc:5610	fertility	1.0	3	eflomal
السافكة الدماء	H1818	hbo:1818	fertility	1.0	2	eflomal
السبت ومطالع	H7676	hbo:7676	fertility	1.0	2	eflomal
الشفاه الناطقة	H8193	hbo:8193	fertility	1.0	2	eflomal
الشهادة المختصة	G3141	grc:3141	fertility	1.0	2	eflomal
الشهر يهوياكين	H2320	hbo:2320	fertility	1.0	2	eflomal
الشهوات الجسدية	G1939	grc:1939	fertility	1.0	2	eflomal
الشيء المصاب	H5061	hbo:5061	fertility	1.0	2	eflomal
الضرائب لنفقات الوالي	H6346	hbo:6346	fertility	1.0	2	eflomal
الضريبة فرضها	H4864	hbo:4864	fertility	1.0	2	eflomal
الطريق بثيابهم	G3598	grc:3598	fertility	1.0	3	eflomal
العريس بينهم	G3566	grc:3566	fertility	1.0	2	eflomal
العشائر المنحدرة	H4940	hbo:4940	fertility	1.0	2	eflomal
العشائر نسل	H4940	hbo:4940	fertility	1.0	2	eflomal
الغرف الداخلية	G5009	grc:5009	fertility	1.0	4	eflomal;gloss
القائد الأشوري	H7262	hbo:7262	fertility	1.0	3	eflomal
القصبة المرضوضة	H7070	hbo:7070	fertility	1.0	4	eflomal;gloss
القصر وشبنة	H7644	hbo:7644	fertility	1.0	6	eflomal
الكائن ينادي	G2226	grc:2226	fertility	1.0	3	eflomal
الكائنات الأربعة	G5064	grc:5064	fertility	1.0	3	eflomal
الكاهن الأعلى	G0749	grc:749	fertility	1.0	2	eflomal
المجد الواجب	H3519	hbo:3519	fertility	1.0	2	eflomal
المحارب الجبار	H1368	hbo:1368	fertility	1.0	2	eflomal
المحبة الأخوية	G5360	grc:5360	fertility	1.0	2	eflomal
المدن العشر	G1179	grc:1179	fertility	1.0	4	eflomal;gloss
المرأة زوجة	G1135	grc:1135	fertility	1.0	2	eflomal
المركبات واحتفظ	H7393	hbo:7393	fertility	1.0	2	eflomal
المصنوع التراب	G5517	grc:5517	fertility	1.0	2	eflomal
المعتمد القدس	H6944	hbo:6944	fertility	1.0	3	eflomal
المعد للذبح	H2028	hbo:2028	fertility	1.0	4	eflomal;gloss
المكسب الخسيس	G0146	grc:146	fertility	1.0	4	eflomal;gloss
الملاك ميخائيل	H4317	hbo:4317	fertility	1.0	2	eflomal
المنطقة المجاورة	G4066	grc:4066	fertility	1.0	2	eflomal
الناجون الباقون	H6413	hbo:6413	fertility	1.0	2	eflomal
الهاوية والهلاك	H7585	hbo:7585	fertility	1.0	2	eflomal
الهيكل وخدامه	H5411	hbo:5411	fertility	1.0	2	eflomal
الهين لتر	H1969	hbo:1969	fertility	1.0	7	eflomal
الهين لترين	H1969	hbo:1969	fertility	1.0	2	eflomal
الوبأ يتفشى	H1698	hbo:1698	fertility	1.0	2	eflomal
الوقت السنة	H6256	hbo:6256	fertility	1.0	3	eflomal
الولي الأقرب	H1350	hbo:1350	fertility	1.0	3	eflomal
الياقوت الأزرق	H5601	hbo:5601	fertility	1.0	4	eflomal;gloss
اليوم التالي	H4283	hbo:4283	fertility	1.0	10	eflomal
اليوم الثاني	H4283	hbo:4283	fertility	1.0	7	eflomal;gloss
امتيازات بكوريته	H1062	hbo:1062	fertility	1.0	2	eflomal
بأربعة صفوف	H2905	hbo:2905	fertility	1.0	2	eflomal
بأرملته ويقيم	G1817	grc:1817	fertility	1.0	4	eflomal;gloss
بأعلى صوته	G3173	grc:3173	fertility	1.0	3	eflomal
بأكثر سرعة	G5032	grc:5032	fertility	1.0	4	eflomal;gloss
بإله أموات	G3498	grc:3498	fertility	1.0	2	eflomal
بئر لحي رئي	H0883	hbo:0883	fertility	1.0	2	eflomal
باتجاه الجنوب	H1864	hbo:1864	fertility	1.0	2	eflomal
باشان والكرمل	H1316	hbo:1316	fertility	1.0	2	eflomal
باطل ٱلأباطيل	H1892	hbo:1892	fertility	1.0	3	eflomal
بالإله الحق	H0543	hbo:0543	fertility	1.0	4	eflomal;gloss
بالكم خائفين	G1169	grc:1169	fertility	1.0	4	eflomal;gloss
بالياقوت الأزرق	H5601	hbo:5601	fertility	1.0	5	eflomal;gloss
ببرعم وزهر	H8246	hbo:8246	fertility	1.0	2	gloss
ببعل فغور	H1187	hbo:1187	fertility	1.0	9	eflomal;gloss
بحيرة الجليل	H3672	hbo:3672	fertility	1.0	2	eflomal
بحيرة طبرية	G5085	grc:5085	fertility	1.0	2	eflomal
بخدمة ٱلعين يرضي	G3787	grc:3787	fertility	1.0	2	eflomal
بخوف وارتعاد	G5401	grc:5401	fertility	1.0	5	eflomal;gloss
بخيرك العميم	H2898	hbo:2898	fertility	1.0	4	eflomal;gloss
بشائر الخير	H2896	hbo:2896	fertility	1.0	2	eflomal
بشجرة البلوط	H0424	hbo:0424	fertility	1.0	2	eflomal
بصوت عال	G3173	grc:3173	fertility	1.0	10	eflomal
بعدم إيمان	G0570	grc:570	fertility	1.0	2	eflomal
بغثانا وترش	H8657	hbo:8657	fertility	1.0	4	eflomal;gloss
بلاد ٱلعرب	H6152	hbo:6152	fertility	1.0	2	eflomal
بلغة مجهولة	G1100	grc:1100	fertility	1.0	13	eflomal;gloss
بمنطقة الجليل	G1056	grc:1056	fertility	1.0	3	eflomal
بنزيف دموي	G0129	grc:129	fertility	1.0	2	eflomal
بيدر أطاد	H0329	hbo:0329b	fertility	1.0	8	eflomal;gloss
تتجمع غمار	H1995	hbo:1995	fertility	1.0	2	eflomal
تجلت أمامنا	G5319	grc:5319	fertility	1.0	2	eflomal
تجمع ٱلدجاجة	G3733	grc:3733	fertility	1.0	4	eflomal;gloss
تحلان رباط	G3089	grc:3089	fertility	1.0	2	eflomal
تخمر كله	G2220	grc:2220	fertility	1.0	2	eflomal
تخور عزيمتنا	G1573	grc:1573	fertility	1.0	4	eflomal;gloss
تدمير كامل	H2763	hbo:2763	fertility	1.0	4	eflomal;gloss
ترصيع للرداء	H4394	hbo:4394	fertility	1.0	4	eflomal;gloss
ترقصوا نحنا	G3738	grc:3738	fertility	1.0	2	eflomal
ترنمي أيتها	H7442	hbo:7442	fertility	1.0	4	eflomal;gloss
تزين أعناق	H6677	hbo:6677	fertility	1.0	2	eflomal
تسرق تشهد	G2813	grc:2813	fertility	1.0	4	eflomal
تشهد بالزور	G5576	grc:5576	fertility	1.0	6	eflomal;gloss
تصرفت بحماقة	H5528	hbo:5528	fertility	1.0	2	eflomal
تطريز ماهر	H7551	hbo:7551	fertility	1.0	3	eflomal
تعبت فيه	H5998	hbo:5998	fertility	1.0	4	eflomal;gloss
تعمقوا ٱلسكن	H6009	hbo:6009	fertility	1.0	2	eflomal
تغلث فلاسر	H8407	hbo:8407	fertility	1.0	12	eflomal;gloss
تغلث فلناسر	H8407	hbo:8407a	fertility	1.0	2	eflomal
تفعل عبد	G4889	grc:4889	fertility	1.0	2	eflomal
تفكر بأمور	G5426	grc:5426	fertility	1.0	2	eflomal
تقدمات الدقيق	H4503	hbo:4503	fertility	1.0	4	eflomal;gloss
تقدمة الدقيق	H4503	hbo:4503	fertility	1.0	8	eflomal
تقدمة حنطة	H4503	hbo:4503	fertility	1.0	2	eflomal
تقدمة طوعية	H5071	hbo:5071	fertility	1.0	2	eflomal
تقدمتها الدقيق	H4503	hbo:4503	fertility	1.0	4	eflomal
تقدمون تيسا	H8163	hbo:8163a	fertility	1.0	3	eflomal
تقطع وتلقى	G1581	grc:1581	fertility	1.0	2	eflomal
تقوموا عمل	H4399	hbo:4399	fertility	1.0	2	eflomal
تكشف عورتها	H1540	hbo:1540	fertility	1.0	4	eflomal
تلغث فلناسر	H8407	hbo:8407a	fertility	1.0	4	eflomal;gloss
تماثيل عشتاروث	H0842	hbo:0842	fertility	1.0	4	eflomal
تماثيل مسبوكة	H4541	hbo:4541	fertility	1.0	2	eflomal
تمام المعرفة	G1922	grc:1922	fertility	1.0	2	eflomal
تمثالا منحوتا	H6459	hbo:6459	fertility	1.0	6	eflomal
تمنة سارح	H8556	hbo:8556a	fertility	1.0	6	eflomal;gloss
تموت وتنضم	H0622	hbo:0622	fertility	1.0	2	eflomal
تنشب حرب	H4421	hbo:4421	fertility	1.0	2	eflomal
تنقل معالم	H5472	hbo:5472	fertility	1.0	4	eflomal;gloss
تهتم بما	G5426	grc:5426	fertility	1.0	4	eflomal;gloss
توبال قايين	H8423	hbo:8423	fertility	1.0	8	eflomal;gloss
جابي الضرائب	G5057	grc:5057	fertility	1.0	6	eflomal;gloss
جابي ضرائب	G5057	grc:5057	fertility	1.0	4	eflomal;gloss
جاره يعوض	H7999	hbo:7999	fertility	1.0	2	eflomal
جانبا وأخذ	G0756	grc:756	fertility	1.0	2	eflomal
جباة الضرائب	G5057	grc:5057	fertility	1.0	14	eflomal;gloss
جباة ضرائب	G5057	grc:5057	fertility	1.0	4	eflomal;gloss
جراما ذهب	H2091	hbo:2091	fertility	1.0	12	eflomal
جزيرة كريت	G2914	grc:2914	fertility	1.0	2	eflomal
جلالة القيصر	G4575	grc:4575	fertility	1.0	4	eflomal;gloss
جملتها مدن	H5892	hbo:5892	fertility	1.0	11	eflomal
جمليئيل فدهصور	H1583	hbo:1583	fertility	1.0	4	eflomal
جميلتي وتعالي	H3303	hbo:3303	fertility	1.0	4	eflomal;gloss
جوزان وحاران	H1470	hbo:1470	fertility	1.0	2	eflomal
جيلا جيل	H1755	hbo:1755	fertility	1.0	9	eflomal
حافة الجبل	G2911	grc:2911	fertility	1.0	6	eflomal;gloss
حافة سطح	G4419	grc:4419	fertility	1.0	4	eflomal;gloss
حافظ ٱلسجن	G1200	grc:1200	fertility	1.0	6	eflomal;gloss
حاكم الربع	G5076	grc:5076	fertility	1.0	7	eflomal;gloss
حالة ٱحتمالا	G0414	grc:414	fertility	1.0	3	eflomal
حالتهن ٱلقديمة	H6927	hbo:6927	fertility	1.0	4	eflomal;gloss
حاميات عسكرية	H5333	hbo:5333	fertility	1.0	2	eflomal
حثلون حتى	H2855	hbo:2855	fertility	1.0	4	eflomal;gloss
حجارة كريمة	H0068	hbo:0068	fertility	1.0	2	eflomal
حجارة منحوتة	H1496	hbo:1496	fertility	1.0	4	eflomal;gloss
حجرات الحراس	H8372	hbo:8372	fertility	1.0	2	gloss
حدودهم تمتد	H1366	hbo:1366	fertility	1.0	2	eflomal
حرارة الشمس	H8121	hbo:8121	fertility	1.0	3	eflomal
حراس أبواب	H7778	hbo:7778	fertility	1.0	2	eflomal
حصون تامار	H2688	hbo:2688	fertility	1.0	8	eflomal;gloss
حفرت آبارا	H6979	hbo:6979	fertility	1.0	4	eflomal;gloss
حقويك كرجل	H2504	hbo:2504	fertility	1.0	4	eflomal;gloss
حمار الوحش	H6501	hbo:6501	fertility	1.0	2	eflomal
حملان الفصح	H6453	hbo:6453	fertility	1.0	4	eflomal
خدام الهيكل	H5411	hbo:5411	fertility	1.0	6	eflomal
خذوا حذركم	G4337,G0991	grc:4337,grc:991	phrasal	1.0	7	eflomal;gloss
خمسة آلاف	G4000	grc:4000	fertility	1.0	16	eflomal;gloss
خمسة أمتار	H0520	hbo:0520	fertility	1.0	2	eflomal
خيانة خيانة	H7195	hbo:7195	fertility	1.0	6	eflomal;gloss
خيرا لذلك	G2570	grc:2570	fertility	1.0	2	eflomal
خيمة العبادة	G4633	grc:4633	fertility	1.0	3	eflomal
دفتان تنطويان	H1550	hbo:1550	fertility	1.0	4	eflomal;gloss
دينونة أقسى	G2917	grc:2917	fertility	1.0	2	eflomal
ذبائح سلامة	H8002	hbo:8002	fertility	1.0	5	eflomal
ذبيحة إثم	H0817	hbo:0817	fertility	1.0	10	eflomal
ذبيحة الإثم	H0817	hbo:0817	fertility	1.0	3	eflomal
ذبيحة الخطيئة	H2403	hbo:2403	fertility	1.0	6	eflomal
ذبيحة خطيئة	H2403	hbo:2403	fertility	1.0	30	eflomal
ذبيحة خطية	H2403	hbo:2403	fertility	1.0	9	eflomal
ذبيحة ٱلخطية	H2403	hbo:2403	fertility	1.0	3	eflomal
ذراع خمس متر	H0520	hbo:0520	fertility	1.0	2	eflomal
ذراع نصف	H0520	hbo:0520	fertility	1.0	2	eflomal
ذراعا أمتار	H0520	hbo:0520	fertility	1.0	2	eflomal
ذراعا خمسة	H0520	hbo:0520	fertility	1.0	3	eflomal
ذراعا خمسة مترا	H0520	hbo:0520	fertility	1.0	3	eflomal
ذوي الشذوذ الجنسي	H6945	hbo:6945	fertility	1.0	2	gloss
رؤساء الكهنة	G0749	grc:749	fertility	1.0	42	eflomal
رؤساء المجمع	G0752	grc:752	fertility	1.0	2	eflomal
رؤساء كهنة	G0749	grc:749	fertility	1.0	4	eflomal
رئيس الشرطة	H7227	hbo:7227a	fertility	1.0	5	eflomal
رئيس الكهنة	G0749	grc:749	fertility	1.0	30	eflomal
رئيس المجمع	G0752	grc:752	fertility	1.0	5	eflomal
رئيس كهنة	G0749	grc:749	fertility	1.0	37	eflomal;gloss
رئيس ملائكة	G0743	grc:743	fertility	1.0	2	gloss
رئيس ٱلكهنة	G0749	grc:749	fertility	1.0	26	eflomal
رافعين الشكر	G2168	grc:2168	fertility	1.0	3	eflomal
راموت جلعاد	H7433	hbo:7433	fertility	1.0	30	eflomal
رجالا يافا	G2445	grc:2445	fertility	1.0	2	eflomal
رجل مصاب بالبرص	G3015	grc:3015	fertility	1.0	2	eflomal
رجلان مقرونة	H7947	hbo:7947	fertility	1.0	4	eflomal;gloss
رحمته تدوم	H2617	hbo:2617	fertility	1.0	35	eflomal
رمون فارص	H7428	hbo:7428	fertility	1.0	8	eflomal;gloss
زبرجد وجزع	H8658	hbo:8658	fertility	1.0	4	eflomal;gloss
زهرة السوسن	H7799	hbo:7799	fertility	1.0	2	eflomal
سائله المنوي	H7902	hbo:7902	fertility	1.0	4	eflomal;gloss
سبات عميق	H8639	hbo:8639	fertility	1.0	2	eflomal
سبقنا فقلنا	G4302	grc:4302	fertility	1.0	4	eflomal;gloss
سجلات أنساب	H3187	hbo:3187	fertility	1.0	4	eflomal;gloss
سجلات الأنساب	H3187	hbo:3187	fertility	1.0	2	eflomal
سكائب الخمر	H5262	hbo:5262	fertility	1.0	2	eflomal
سكائب خمرها	H5262	hbo:5262	fertility	1.0	2	eflomal
سكان ٱلقلعة	H1037	hbo:1037	fertility	1.0	4	eflomal;gloss
سكنى مكانا	H2073	hbo:2073	fertility	1.0	4	eflomal;gloss
سلام سلام	H7965	hbo:7965	fertility	1.0	6	eflomal
شاقل الفضة	H3701	hbo:3701	fertility	1.0	2	eflomal
شاقل نحو	H8255	hbo:8255	fertility	1.0	4	eflomal
شاقلا الفضة	H3701	hbo:3701	fertility	1.0	2	eflomal
شاقلا نحو	H8255	hbo:8255	fertility	1.0	2	eflomal
شاقلا نحو مئة	H8255	hbo:8255	fertility	1.0	3	eflomal
شاقلا نحو مئة جرام	H8255	hbo:8255	fertility	1.0	2	eflomal
شاقلا ومنضحة	H4219	hbo:4219	fertility	1.0	24	eflomal;gloss
شاول شاول	G4549	grc:4549	fertility	1.0	7	eflomal
شجرة التين	G4808	grc:4808	fertility	1.0	4	eflomal
شجرة تين	G4808	grc:4808	fertility	1.0	3	eflomal
شجرة ٱلتين	G4808	grc:4808	fertility	1.0	4	eflomal
شدرخ وميشخ	H4336	hbo:4336	fertility	1.0	6	eflomal
شققا شعر	H3407	hbo:3407	fertility	1.0	2	eflomal
شهادة حسنة	G3140	grc:3140	fertility	1.0	3	eflomal
شهادة زور	G5577	grc:5577	fertility	1.0	4	eflomal;gloss
شهود زور	G5575	grc:5575	fertility	1.0	4	eflomal
شواطئ البحر	H3220	hbo:3220	fertility	1.0	3	eflomal
شواقل مئة جراما	H8255	hbo:8255	fertility	1.0	2	eflomal
شوشن العاصمة	H7800	hbo:7800	fertility	1.0	5	eflomal
صالحا للتعليم	G1317	grc:1317	fertility	1.0	4	eflomal;gloss
صانعين ولائم	G4910	grc:4910	fertility	1.0	2	eflomal
صلاتهم وتضرعهم	H8605	hbo:8605	fertility	1.0	6	eflomal;gloss
صناعة حائك	H4639	hbo:4639	fertility	1.0	2	eflomal
صنعة ٱلخراطة	H4749	hbo:4749	fertility	1.0	4	eflomal;gloss
صهوات الجياد	H5483	hbo:5483	fertility	1.0	2	eflomal
صوفا وكتانا	H6593	hbo:6593	fertility	1.0	2	gloss
ضئيلا متغربين	H1481	hbo:1481	fertility	1.0	2	eflomal
ضاربة الحمرة	H0125	hbo:0125	fertility	1.0	3	eflomal
ضاربة ٱلحمرة	H0125	hbo:0125	fertility	1.0	3	eflomal
طبقا فضيا	H7086	hbo:7086	fertility	1.0	26	eflomal;gloss
طلبت وصاياك	H1875	hbo:1875	fertility	1.0	2	eflomal
طوله ذراعان	H0520	hbo:0520	fertility	1.0	2	eflomal
طوله وعرضه	H0753	hbo:0753	fertility	1.0	2	eflomal
طولها وعرضها	H0753	hbo:0753	fertility	1.0	2	eflomal
ظلال الموت	H6757	hbo:6757	fertility	1.0	3	eflomal
عابد أصنام	G1496	grc:1496	fertility	1.0	4	eflomal;gloss
عبادة ٱلأوثان	G1495	grc:1495	fertility	1.0	6	eflomal;gloss
عبدة أوثان	G1496	grc:1496	fertility	1.0	4	eflomal;gloss
عبروا الضفة المقابلة	G1276	grc:1276	fertility	1.0	2	eflomal
عبيدا يخدمون	G1398	grc:1398	fertility	1.0	3	eflomal
عزيا عزريا	H5818	hbo:5818	fertility	1.0	2	eflomal
عشرات الألوف	G3461	grc:3461	fertility	1.0	4	eflomal;gloss
عشرة آلاف	G3463	grc:3463	fertility	1.0	4	eflomal;gloss
عشرة أوتار	H6218	hbo:6218	fertility	1.0	2	eflomal
عشرة سنة	G2094	grc:2094	fertility	1.0	2	eflomal
عصيون جابر	H6100	hbo:6100	fertility	1.0	16	eflomal;gloss
عقوبة الموت	G2288	grc:2288	fertility	1.0	2	eflomal
علماء الشريعة	G3544	grc:3544	fertility	1.0	6	eflomal
علمون دبلاتايم	H5963	hbo:5963	fertility	1.0	8	eflomal;gloss
عمرها سنة	G2094	grc:2094	fertility	1.0	2	eflomal
عنان السماء	H8064	hbo:8064	fertility	1.0	5	eflomal
عنقود زبيب	H6778	hbo:6778	fertility	1.0	2	eflomal
عنيد متمرد	H5637	hbo:5637	fertility	1.0	4	eflomal;gloss
عوبيد أدوم	H5654	hbo:5654	fertility	1.0	21	eflomal
عوملت بالرحمة	G1653	grc:1653	fertility	1.0	2	eflomal
عيشوا بسلام	G1514	grc:1514	fertility	1.0	4	eflomal;gloss
غرفة بالطبقة العليا	G5253	grc:5253	fertility	1.0	2	eflomal
غروب الشمس	H8121	hbo:8121	fertility	1.0	2	eflomal
غروب الشمس وحلول	H6153	hbo:6153	fertility	1.0	2	eflomal
غطاء العار	G2617	grc:2617	fertility	1.0	2	eflomal
فأخذته الشفقة	G4697	grc:4697	fertility	1.0	4	eflomal;gloss
فأنقذهم مصائبهم	H4691	hbo:4691	fertility	1.0	4	eflomal
فانصب غضب	H7110	hbo:7110	fertility	1.0	3	eflomal
فبكل سرور	G2236	grc:2236	fertility	1.0	4	eflomal;gloss
فدان أرام	H6307	hbo:6307	fertility	1.0	9	eflomal
فرمم قسما	H4060	hbo:4060	fertility	1.0	2	eflomal
فسكانها قصار	H7116	hbo:7116	fertility	1.0	4	eflomal;gloss
فشقت ثيابها	H7167	hbo:7167	fertility	1.0	2	eflomal
فضتك وذهبك	H3701	hbo:3701	fertility	1.0	2	eflomal
فقسمه ملزم	G3784	grc:3784	fertility	1.0	2	eflomal
فلشتيم وكفتوريم	H3732	hbo:3732	fertility	1.0	4	eflomal;gloss
فليرفعوا الشكر	H3034	hbo:3034	fertility	1.0	4	eflomal
فليكن عقابا له	G5053	grc:5053	fertility	1.0	2	eflomal
فليكن ملعونا	G0331	grc:331	fertility	1.0	4	eflomal;gloss
فوخرة ٱلظباء	H6380	hbo:6380	fertility	1.0	2	gloss
فيثون ومالك	H4429	hbo:4429	fertility	1.0	2	eflomal
فيقطعه ويجعل	G1371	grc:1371	fertility	1.0	4	eflomal;gloss
فيمزقه ويجعل	G1371	grc:1371	fertility	1.0	4	eflomal;gloss
فٱصنعوا أثمارا	G2590	grc:2590	fertility	1.0	2	eflomal
قائد الجيش	H7262	hbo:7262	fertility	1.0	5	eflomal;gloss
قائد مئة	G1543	grc:1543	fertility	1.0	16	eflomal;gloss
قاتل نفس	G0443	grc:443	fertility	1.0	4	eflomal;gloss
قادش برنيع	H6947	hbo:6947	fertility	1.0	40	eflomal;gloss
قارورة عطر	G3464	grc:3464	fertility	1.0	2	eflomal
قاطفو العنب	H1219	hbo:1219	fertility	1.0	4	eflomal;gloss
قالها سابقا	G4302	grc:4302	fertility	1.0	4	eflomal;gloss
قبروت هتأوة	H6914	hbo:6914	fertility	1.0	7	eflomal
قرية أربع	H7153	hbo:7153	fertility	1.0	21	eflomal;gloss
قرية سفر	H7158	hbo:7158a	fertility	1.0	8	eflomal;gloss
قرية فاجي	G0967	grc:967	fertility	1.0	2	eflomal
قرية يعاريم	H7157	hbo:7157	fertility	1.0	50	eflomal;gloss
قطعت رأسه	G0607	grc:607	fertility	1.0	4	eflomal
قليلا قليلا	H4592	hbo:4592	fertility	1.0	2	eflomal
قليلي الإيمان	G3640	grc:3640	fertility	1.0	3	eflomal
قليلي الخبرة	G2399	grc:2399	fertility	1.0	4	eflomal;gloss
قليلي ٱلإيمان	G3640	grc:3640	fertility	1.0	4	eflomal;gloss
قماش أزرق	H8504	hbo:8504	fertility	1.0	2	eflomal
قواد المئات	G1543	grc:1543	fertility	1.0	2	eflomal
قواد ٱلمئات	G1543	grc:1543	fertility	1.0	4	eflomal;gloss
كاسات وهكذا	H1375	hbo:1375	fertility	1.0	2	eflomal
كامدة ٱللون	H3544	hbo:3544	fertility	1.0	8	eflomal;gloss
كامل السن	G2244	grc:2244	fertility	1.0	4	eflomal;gloss
كرسي ٱلولاية	G0968	grc:968	fertility	1.0	5	eflomal
كعجلة ثلاثية	H5697	hbo:5697a	fertility	1.0	4	eflomal;gloss
كفرناحوم ارتفعت	G2584	grc:2584	fertility	1.0	2	eflomal
كفلقتي رمانة	H7541	hbo:7541	fertility	1.0	2	eflomal
كل واحد منكم	G1538	grc:1538	fertility	1.0	2	eflomal
كنعنة لنفسه	H3668	hbo:3668	fertility	1.0	2	eflomal
كنول النساجين	H4500	hbo:4500	fertility	1.0	2	eflomal
كوشان رشعتايم	H3573	hbo:3573	fertility	1.0	10	eflomal;gloss
لأنكم تفهمون	G1492	grc:1492	fertility	1.0	2	eflomal
لأهل ٱلبرية	H6728	hbo:6728a	fertility	1.0	2	eflomal
لإمدادك بالمركبات	H7393	hbo:7393	fertility	1.0	2	eflomal
لا شيئا	G3762,G3367	grc:3762,grc:3367	phrasal	1.0	12	eflomal
لابسا ناعمة	G0294	grc:294	fertility	1.0	2	eflomal
لابسي الثياب	G3120	grc:3120	fertility	1.0	4	eflomal;gloss
لبنات آوى	H8565	hbo:8565	fertility	1.0	6	eflomal
لبنة انسحب	H3841	hbo:3841	fertility	1.0	2	eflomal
لترصيع الرداء	H0646	hbo:0646	fertility	1.0	2	eflomal
لتكثر ٱلنعمة	G5485	grc:5485	fertility	1.0	2	eflomal
لتكن النعمة	G5485	grc:5485	fertility	1.0	14	eflomal
لتكن نعمة	G5485	grc:5485	fertility	1.0	3	eflomal
لتنظروا أقصبة	G2300	grc:2300	fertility	1.0	4	eflomal;gloss
لحاجبها إكليلا	H2213	hbo:2213	fertility	1.0	2	eflomal
لذبيحة الخطيئة	H2403	hbo:2403	fertility	1.0	2	eflomal
لذبيحة محرقة	H5930	hbo:5930	fertility	1.0	2	eflomal
لرؤساء الكهنة	G0749	grc:749	fertility	1.0	2	eflomal
لعوبيد أدوم	H5654	hbo:5654	fertility	1.0	2	eflomal
لقائد المئة	G1543	grc:1543	fertility	1.0	6	eflomal;gloss
لقائد ٱلمئة	G1543	grc:1543	fertility	1.0	6	eflomal;gloss
لقيصر لقيصر	G2541	grc:2541	fertility	1.0	2	eflomal
للاستعمال الوضيع	G0819	grc:819	fertility	1.0	4	eflomal;gloss
للثعالب أوجار	G0258	grc:258	fertility	1.0	2	eflomal
للجوعان وكسا	H5903	hbo:5903	fertility	1.0	4	eflomal;gloss
للسمع فليسمع	G0191	grc:191	fertility	1.0	11	eflomal
للعرش درجات	H4609	hbo:4609	fertility	1.0	2	eflomal
للعهد الجديد	G1242	grc:1242	fertility	1.0	4	eflomal;gloss
للقيصر للقيصر	G2541	grc:2541	fertility	1.0	2	eflomal
ليتني نعمة	H2580	hbo:2580	fertility	1.0	2	eflomal
ليثيروا سخطي	H3707	hbo:3707	fertility	1.0	7	eflomal;gloss
ليعقد حزقيا	H6148	hbo:6148	fertility	1.0	4	eflomal;gloss
ليفهم ٱلقارئ	G3539	grc:3539	fertility	1.0	2	gloss
مؤخر المسكن	H4908	hbo:4908	fertility	1.0	2	eflomal
مؤمني تسالونيكي	G2331	grc:2331	fertility	1.0	2	eflomal
مائدته ومجلس	H7979	hbo:7979	fertility	1.0	2	eflomal
متقابلتان بإزاء	H7947	hbo:7947	fertility	1.0	2	eflomal
محفل تتوقف	H4744	hbo:4744	fertility	1.0	2	eflomal
محلة دان	H4265	hbo:4265	fertility	1.0	4	eflomal;gloss
مختلطا بخزف	H6151	hbo:6151	fertility	1.0	4	eflomal;gloss
مدة أربعين سنة	G5063	grc:5063	fertility	1.0	2	gloss
مدينة حلح	H2477	hbo:2477	fertility	1.0	4	eflomal;gloss
مدينتي سدوم	G4670	grc:4670	fertility	1.0	2	eflomal
مذابحهم وتكسرون	H5422	hbo:5422	fertility	1.0	5	eflomal;gloss
مرهبة كجيش	H0366	hbo:0366	fertility	1.0	4	eflomal;gloss
مرور جمل	G2123	grc:2123	fertility	1.0	2	gloss
مستهزئون سالكين	G1703	grc:1703	fertility	1.0	4	eflomal;gloss
مسرفوت مايم	H4956	hbo:4956	fertility	1.0	4	eflomal;gloss
مشيرا ميتة	G4591	grc:4591	fertility	1.0	3	eflomal
مصاريعه وأقفاله	H1817	hbo:1817	fertility	1.0	2	eflomal
مصنوع بيد	G0886	grc:886	fertility	1.0	4	eflomal;gloss
مصير ضحايا	H2491	hbo:2491	fertility	1.0	2	eflomal
مطرد ماء	H4308	hbo:4308	fertility	1.0	2	eflomal
معابد المرتفعات	H1116	hbo:1116	fertility	1.0	3	eflomal
معلقين إياه	G2910	grc:2910	fertility	1.0	4	eflomal;gloss
معينهم ومجنهم	H4043	hbo:4043	fertility	1.0	2	eflomal
مغزى المثل	G3850	grc:3850	fertility	1.0	4	eflomal
مقاطعة مقدونية	G3109	grc:3109	fertility	1.0	10	eflomal
مقاطعتي مقدونية	G3109	grc:3109	fertility	1.0	2	eflomal
مقاييس حجراته	H8372	hbo:8372	fertility	1.0	3	eflomal
مقصوصي ٱلشعر	H7112	hbo:7112	fertility	1.0	4	eflomal;gloss
مكان خال	G5117	grc:5117	fertility	1.0	2	eflomal
مكان مقفر	G5117	grc:5117	fertility	1.0	3	eflomal
مكتب الجباية	G5058	grc:5058	fertility	1.0	2	eflomal
ملائكة الكروبيم	H3742	hbo:3742	fertility	1.0	2	eflomal
ملطخة بالدم	H1818	hbo:1818	fertility	1.0	3	eflomal
ملكي صادق	G3198	grc:3198	fertility	1.0	16	eflomal;gloss
مناطق الجليل	G1056	grc:1056	fertility	1.0	2	eflomal
منتصف الليل	G3317	grc:3317	fertility	1.0	8	eflomal;gloss
منسى يوسف	H4519	hbo:4519	fertility	1.0	2	eflomal
منصة القضاء	G0968	grc:968	fertility	1.0	4	eflomal;gloss
مواطن روماني	G4514	grc:4514	fertility	1.0	2	eflomal
موتا تموت	H4191	hbo:4191	fertility	1.0	10	eflomal
موسم حصاد	H7105	hbo:7105	fertility	1.0	5	eflomal
موضوع تأملي	H7881	hbo:7881	fertility	1.0	4	eflomal;gloss
ميخا وضربه	H5221	hbo:5221	fertility	1.0	2	eflomal
ناردين خالص	G3487	grc:3487	fertility	1.0	4	eflomal;gloss
نبوءة بشأن	H4853	hbo:4853a	fertility	1.0	9	eflomal
نبيا سيقيم	G4396	grc:4396	fertility	1.0	2	eflomal
نسل يحمل اسمك	G4690	grc:4690	fertility	1.0	2	eflomal
نصوص التعليمات	H8451	hbo:8451	fertility	1.0	2	eflomal
نصوص التوراة	H8451	hbo:8451	fertility	1.0	2	eflomal
نطلب مشورة	H1875	hbo:1875	fertility	1.0	2	eflomal
نلبس فوقها	G1902	grc:1902	fertility	1.0	4	eflomal;gloss
وأماكن الصدارة	G4411	grc:4411	fertility	1.0	2	eflomal
وأهلك حامل	H8551	hbo:8551	fertility	1.0	4	eflomal;gloss
وإيصر وديشان	H0687	hbo:0687	fertility	1.0	3	eflomal
واحدة وواحدة	G1520	grc:1520	fertility	1.0	2	eflomal
وادي الملح	H1516	hbo:1516c	fertility	1.0	4	eflomal
وادي هنوم	H1516	hbo:1516a	fertility	1.0	22	eflomal
وادي يفتحئيل	H1516	hbo:1516e	fertility	1.0	4	eflomal
وادي ٱلملح	H1516	hbo:1516c	fertility	1.0	4	eflomal
والخادم الأمين	G1249	grc:1249	fertility	1.0	2	eflomal
والسمكتين ورفع	G2486	grc:2486	fertility	1.0	5	eflomal;gloss
والمتصلون بالشياطين	G5333	grc:5333	fertility	1.0	4	eflomal;gloss
والنحاس والحديد	H5174	hbo:5174	fertility	1.0	4	eflomal;gloss
وبعل معون	H1186	hbo:1186	fertility	1.0	8	eflomal;gloss
وبلا لوم	G0299	grc:299	fertility	1.0	4	eflomal;gloss
وبلغت أقاصي	H3411	hbo:3411	fertility	1.0	2	eflomal
وتحصدون وتغرسون	H7114	hbo:7114	fertility	1.0	4	eflomal;gloss
وتضرعهم وانصر	H8467	hbo:8467	fertility	1.0	6	eflomal;gloss
وتقدمة الدقيق	H4503	hbo:4503	fertility	1.0	3	eflomal
وتل حرشا كروب	H3743	hbo:3743	fertility	1.0	4	eflomal;gloss
وتماثيل عشتاروث	H0842	hbo:0842	fertility	1.0	2	eflomal
وتيسا لذبيحة	H8163	hbo:8163a	fertility	1.0	4	eflomal
وثيقة طلاق	G0647	grc:647	fertility	1.0	3	eflomal
وجاز مقابله	G0492	grc:492	fertility	1.0	4	eflomal;gloss
وجميع هؤلاء	H0428	hbo:0428	fertility	1.0	4	eflomal
وحطوا رحالهم	H2583	hbo:2583	fertility	1.0	6	eflomal
وحوش ٱلقفر	H6728	hbo:6728a	fertility	1.0	6	eflomal;gloss
وحيدك القدوس	G3741	grc:3741	fertility	1.0	2	eflomal
وخانت زوجها	H4604	hbo:4604	fertility	1.0	2	eflomal
وخدام الهيكل	H5411	hbo:5411	fertility	1.0	2	eflomal
وخروفا حوليا	H3532	hbo:3532	fertility	1.0	22	eflomal;gloss
ودام حكمه	H4427	hbo:4427	fertility	1.0	2	eflomal
ودام ملكه	H4427	hbo:4427	fertility	1.0	4	eflomal
ودخل إلى	H0935	hbo:0935	fertility	1.0	3	eflomal
وذبائح سلام	H8002	hbo:8002	fertility	1.0	3	eflomal
وذبائح سلامة	H8002	hbo:8002	fertility	1.0	3	eflomal
وذبائح ٱلسلامة	H8002	hbo:8002	fertility	1.0	2	eflomal
ورؤساء الكهنة	G0749	grc:749	fertility	1.0	5	eflomal
وراء شهواتهم	G1939	grc:1939	fertility	1.0	2	eflomal
وردوه فارغ اليدين	G2756	grc:2756	fertility	1.0	5	eflomal;gloss
ورفع نظره	G0308	grc:308	fertility	1.0	11	eflomal;gloss
وزرش زوجته	H2238	hbo:2238	fertility	1.0	4	eflomal;gloss
وزنة نحو	H3603	hbo:3603	fertility	1.0	9	eflomal
وزنة نحو ستة كيلو	H3603	hbo:3603	fertility	1.0	2	eflomal
وزنة وزنة	H3603	hbo:3603	fertility	1.0	2	eflomal
وزنتك ربحت	G3414	grc:3414	fertility	1.0	2	eflomal
وزوجاته وسراريه	H7695	hbo:7695	fertility	1.0	2	gloss
وسكائب الخمر	H5262	hbo:5262	fertility	1.0	13	eflomal
وسكائب خمر	H5262	hbo:5262	fertility	1.0	2	eflomal
وسكيب خمر	H5262	hbo:5262	fertility	1.0	2	eflomal
وسلاسل النسب	G1076	grc:1076	fertility	1.0	4	eflomal;gloss
وصرير الأسنان	G3599	grc:3599	fertility	1.0	14	eflomal;gloss
وضبط النفس	G1466	grc:1466	fertility	1.0	6	eflomal;gloss
وضرب مثلا	G3850	grc:3850	fertility	1.0	3	eflomal
وطول أناة	G3115	grc:3115	fertility	1.0	2	eflomal
وطول البال	G3115	grc:3115	fertility	1.0	4	eflomal
وظلال الموت	H6757	hbo:6757	fertility	1.0	2	eflomal
وظلال ٱلموت	H6757	hbo:6757	fertility	1.0	4	eflomal;gloss
وعبدة الأصنام	G1496	grc:1496	fertility	1.0	4	eflomal;gloss
وعبدة ٱلأوثان	G1496	grc:1496	fertility	1.0	4	eflomal;gloss
وعرضها نحو	H7341	hbo:7341	fertility	1.0	3	eflomal
وعشر الإيفة نحو	H6241	hbo:6241	fertility	1.0	2	eflomal
وعشر الإيفة نحو لترين ونصف اللتر	H6241	hbo:6241	fertility	1.0	7	eflomal;gloss
وعشري الإيفة نحو	H6241	hbo:6241	fertility	1.0	3	gloss
وعقيق أبيض	H3095	hbo:3095	fertility	1.0	6	eflomal;gloss
وعوبيد أدوم	H5654	hbo:5654	fertility	1.0	6	eflomal
وفاء لنذر	H5088	hbo:5088	fertility	1.0	2	eflomal
وفولا وعدسا	H6321	hbo:6321	fertility	1.0	4	eflomal;gloss
وقائد جند	G4755	grc:4755	fertility	1.0	2	eflomal
وقبله بحرارة	G2705	grc:2705	fertility	1.0	2	eflomal
وقرية أربع	H7153	hbo:7153	fertility	1.0	4	eflomal;gloss
وقهات ومراري	H6955	hbo:6955	fertility	1.0	8	eflomal;gloss
وقواد حرس	G4755	grc:4755	fertility	1.0	4	eflomal;gloss
وكاشف ٱلأسرار	H1541	hbo:1541	fertility	1.0	2	eflomal
وكانت إلي	H1961	hbo:1961	fertility	1.0	4	eflomal
ولأن ثورتك	H7264	hbo:7264	fertility	1.0	4	eflomal;gloss
ولدا صغيرا	G3813	grc:3813	fertility	1.0	3	eflomal
ولكل واحد	G1538	grc:1538	fertility	1.0	2	eflomal
ولما ٱلمساء	G3798	grc:3798	fertility	1.0	5	eflomal
وليمة العرس	G1062	grc:1062	fertility	1.0	3	eflomal
وليمة عرس	G1062	grc:1062	fertility	1.0	2	eflomal
ومأوى لبنات	H4583	hbo:4583	fertility	1.0	4	eflomal;gloss
ومئتين يوما	G1250	grc:1250	fertility	1.0	2	eflomal
ومحجوز ومطلق	H5800	hbo:5800	fertility	1.0	2	eflomal
ومستحقة قبول	G0594	grc:594	fertility	1.0	2	eflomal
ومصعده درجات	H4609	hbo:4609	fertility	1.0	2	eflomal
ومنضحة فضية	H4219	hbo:4219	fertility	1.0	23	eflomal;gloss
ونصبوه ملكا	H4427	hbo:4427	fertility	1.0	2	eflomal
وهاوية الموتى	G0086	grc:86	fertility	1.0	2	eflomal
وهبت العواصف	G4154	grc:4154	fertility	1.0	2	eflomal
وهزت سخرية	H5128	hbo:5128	fertility	1.0	2	eflomal
ويتباهون بإطالة	G4392	grc:4392	fertility	1.0	2	eflomal
ويشم وجمشت	H7618	hbo:7618	fertility	1.0	4	eflomal;gloss
ويقيم نسلا	G4690	grc:4690	fertility	1.0	2	eflomal
وٱسمع بأذنيك	H8085	hbo:8085	fertility	1.0	2	eflomal
وٱلأب ولده	G5043	grc:5043	fertility	1.0	2	eflomal
وٱلبرص يطهرون	G3015	grc:3015	fertility	1.0	4	eflomal;gloss
وٱلتلميذ ٱلآخر	G3101	grc:3101	fertility	1.0	2	eflomal
وٱلرباب وٱلسنطير	H7030	hbo:7030	fertility	1.0	4	gloss
وٱلسأف وٱلباز	H5322	hbo:5322a	fertility	1.0	4	eflomal;gloss
وٱلمتكآت ٱلأولى	G4411	grc:4411	fertility	1.0	4	eflomal;gloss
وٱلمجالس ٱلأولى	G4410	grc:4410	fertility	1.0	6	eflomal;gloss
وٱلمكان ٱلمنفصل	H1508	hbo:1508	fertility	1.0	2	eflomal
وٱلنبي ٱلكذاب	G5578	grc:5578	fertility	1.0	4	eflomal;gloss
يؤمن بي	G4100	grc:4100	fertility	1.0	2	eflomal
يائير ومعناها يائير	H2971	hbo:2971	fertility	1.0	2	eflomal
يابيش جلعاد	H3003	hbo:3003b	fertility	1.0	19	eflomal
ياقليلي ٱلإيمان	G3640	grc:3640	fertility	1.0	4	eflomal;gloss
ياكين والآخر	H3199	hbo:3199	fertility	1.0	2	gloss
يتحمل وزر	H2399	hbo:2399	fertility	1.0	4	eflomal;gloss
يثير النزاع	H4066	hbo:4066	fertility	1.0	2	eflomal
يجعلون خمرا	G3631	grc:3631	fertility	1.0	2	eflomal
يحصى عدد	H4557	hbo:4557	fertility	1.0	2	eflomal
يخفى عليكم	G0050	grc:50	fertility	1.0	6	eflomal
يرثون خيرات	H3423	hbo:3423	fertility	1.0	3	eflomal
يرضي ٱلناس	G0441	grc:441	fertility	1.0	4	eflomal;gloss
يرفع أعلامه	H1713	hbo:1713a	fertility	1.0	2	gloss
يزرعيل يبرأ	H3157	hbo:3157a	fertility	1.0	3	eflomal
يسكنه شيطان	G1139	grc:1139	fertility	1.0	6	eflomal;gloss
يصيح الديك	G0220	grc:220	fertility	1.0	5	eflomal
يصيرون أولين	G4413	grc:4413	fertility	1.0	2	eflomal
يطلونه بماء	H2902	hbo:2902	fertility	1.0	4	eflomal;gloss
يفهموا ٱلقول	G4487	grc:4487	fertility	1.0	2	eflomal
يقبلوا تأديبا	H3947	hbo:3947	fertility	1.0	2	eflomal
يقرع له	G2925	grc:2925	fertility	1.0	2	eflomal
يقطفون سنابل	G5089	grc:5089	fertility	1.0	2	eflomal
يلازم ويحتقر	G0472	grc:472	fertility	1.0	2	eflomal
يمارس الخطيئة	G0264	grc:264	fertility	1.0	4	eflomal
ينبغي اقترافها	H6213	hbo:6213	fertility	1.0	2	eflomal
ينفخان بالأبواق	H2689	hbo:2689	fertility	1.0	2	eflomal
ينقض أسد	H0738	hbo:0738a	fertility	1.0	2	eflomal
يونان ٱلنبي	G2495	grc:2495	fertility	1.0	2	eflomal
ٱحتمال ٱلمشقات	G4777	grc:4777	fertility	1.0	4	eflomal;gloss
ٱستوفوا أجرهم	G3408	grc:3408	fertility	1.0	6	eflomal;gloss
ٱصلبه ٱصلبه	G4717	grc:4717	fertility	1.0	2	eflomal
ٱفترس ٱفتراسا	H2963	hbo:2963	fertility	1.0	2	eflomal
ٱلأشياء تحل	G1832	grc:1832	fertility	1.0	8	eflomal;gloss
ٱلأماكن ٱلمحجرة	G4075	grc:4075	fertility	1.0	6	eflomal;gloss
ٱلباب ٱلثلاثة	H5592	hbo:5592	fertility	1.0	2	eflomal
ٱلبقر ٱلوحشي	H7214	hbo:7214	fertility	1.0	4	eflomal;gloss
ٱلتلميذ ٱلآخر	G3101	grc:3101	fertility	1.0	2	eflomal
ٱلتمثال ٱلمنحوت	H6459	hbo:6459	fertility	1.0	8	eflomal;gloss
ٱلثروة ٱكتسبوها	H3502	hbo:3502	fertility	1.0	2	eflomal
ٱلثور ٱلوحشي	H7214	hbo:7214	fertility	1.0	4	eflomal;gloss
ٱلثيران ٱنشمصت	H8058	hbo:8058	fertility	1.0	4	eflomal;gloss
ٱلجان وٱلتوابع	H3049	hbo:3049	fertility	1.0	4	eflomal;gloss
ٱلجيل ٱلثالث	H8029	hbo:8029	fertility	1.0	3	eflomal
ٱلحادية عشرة	G1734	grc:1734	fertility	1.0	4	eflomal;gloss
ٱلديانة ٱليهودية	G2454	grc:2454	fertility	1.0	4	eflomal;gloss
ٱلرعود بأصواتها	G1027	grc:1027	fertility	1.0	2	eflomal
ٱلعقيق ٱلأزرق	H5601	hbo:5601	fertility	1.0	6	eflomal;gloss
ٱلقادر شيء	G3841	grc:3841	fertility	1.0	2	eflomal
ٱلقسم ٱلثاني	H4932	hbo:4932	fertility	1.0	3	eflomal
ٱلكورة ٱلمحيطة	G4066	grc:4066	fertility	1.0	16	eflomal;gloss
ٱللعنة ٱلمر	H0779	hbo:0779	fertility	1.0	2	eflomal
ٱلمحبة ٱلأخوية	G5360	grc:5360	fertility	1.0	4	eflomal;gloss
ٱلمرازبة وٱلشحن	H0324	hbo:0324	fertility	1.0	3	eflomal
ٱلمطر ٱلمتأخر	H4456	hbo:4456	fertility	1.0	2	eflomal
ٱلموضوع أمامنا	G4295	grc:4295	fertility	1.0	4	eflomal;gloss
ٱلنحاس ٱللامع	H2830	hbo:2830	fertility	1.0	6	eflomal;gloss
ٱلنحاس ٱلنقي	G5474	grc:5474	fertility	1.0	2	gloss
ٱلوارث نقتله	G2818	grc:2818	fertility	1.0	2	eflomal
ٱلياقوت ٱلأزرق	H5601	hbo:5601	fertility	1.0	4	eflomal;gloss
رؤساء ٱلكهنة	G0749	grc:749	fertility	0.974	38	eflomal
مختوم سبط	G5443	grc:5443	fertility	0.857	7	eflomal
ذراع نحو مترا	H0520	hbo:0520	fertility	0.833	5	eflomal
كتاب تاريخ	H5612	hbo:5612	fertility	0.833	5	eflomal
قائد المئة	G1543,G2760	grc:1543,grc:2760	phrasal	0.818	23	eflomal;gloss
لا أحدا	G3367,G3762	grc:3367,grc:3762	phrasal	0.818	18	eflomal
تقدمة دقيق	H4503	hbo:4503	fertility	0.8	5	eflomal
ذراع نحو	H0520	hbo:0520	fertility	0.8	4	eflomal
ذراعا نحو أمتار	H0520	hbo:0520	fertility	0.8	4	eflomal
كل واحد	G1538,G1520	grc:1538,grc:1520	phrasal	0.784	40	eflomal
قائد ٱلمئة	G1543,G2760	grc:1543,grc:2760	phrasal	0.75	24	eflomal;gloss
قطعة الفضة	G0694	grc:694	fertility	0.75	3	eflomal
موسم الحصاد	H7105	hbo:7105	fertility	0.75	6	eflomal
ميزان البناء	H0594	hbo:0594	fertility	0.75	6	eflomal;gloss
أروقته المقببة	H0361	hbo:0361	fertility	0.667	4	eflomal;gloss
إحراق البخور	H6999	hbo:6999	fertility	0.667	2	eflomal
الأولاد الصغار	G5040,G3813	grc:5040,grc:3813	phrasal	0.667	6	eflomal
بجبل الزيتون	G1636	grc:1636	fertility	0.667	2	eflomal
بلغات مجهولة	G1100	grc:1100	fertility	0.667	2	eflomal
بنهر الأردن	H3383	hbo:3383	fertility	0.667	2	eflomal
حاشية طرف	H8193	hbo:8193	fertility	0.667	3	eflomal
سقطت سقطت	G4098	grc:4098	fertility	0.667	2	eflomal
ظلام دامس	H0653	hbo:0653	fertility	0.667	2	eflomal
عبئا ثقيلا	G1912,G2655	grc:1912,grc:2655	phrasal	0.667	6	eflomal;gloss
وحجارة كريمة	H0068	hbo:0068	fertility	0.667	2	eflomal
وقتلوا أنبياءك	H2026	hbo:2026	fertility	0.667	6	eflomal
يسعون وراء	G1377	grc:1377	fertility	0.667	2	eflomal
لا أحد	G3762,G3367	grc:3762,grc:3367	phrasal	0.636	27	eflomal
ذراعا نحو	H0520	hbo:0520	fertility	0.6	4	eflomal
بنات آوى	H8565,H0338	hbo:8565,hbo:0338	phrasal	0.571	7	eflomal
أصدر الملك	H4430	hbo:4430	fertility	0.5	2	eflomal
أقرب أقربائه	H7138	hbo:7138	fertility	0.5	2	eflomal
أمام أعينهم	H5869	hbo:5869	fertility	0.5	4	eflomal
إيفة لقاء	H0374	hbo:0374	fertility	0.5	2	eflomal
الأخيرة نحو	H6437	hbo:6437	fertility	0.5	2	eflomal
التكلم بلغات مجهولة	G1100	grc:1100	fertility	0.5	2	eflomal
الحية الأربعة	G2226	grc:2226	fertility	0.5	2	eflomal
الخالص المصاغ	H2889	hbo:2889	fertility	0.5	2	eflomal
الزاوية الأساس	G1137	grc:1137	fertility	0.5	2	eflomal
القرى المجاورة	G2968,G4066	grc:2968,grc:4066	phrasal	0.5	4	eflomal
تسلكوا سلوكا	G4043	grc:4043	fertility	0.5	2	eflomal
جملتها مدينة	H5892	hbo:5892	fertility	0.5	2	eflomal
ساحة المسكن	H2691	hbo:2691	fertility	0.5	2	eflomal
عجفاء لفحتها	H1851	hbo:1851	fertility	0.5	2	eflomal
علوة يتيت	H5933	hbo:5933	fertility	0.5	2	eflomal
فوجدوه قامة	G3712	grc:3712	fertility	0.5	2	eflomal
قدام عيني	H5869	hbo:5869	fertility	0.5	2	eflomal
قربان خطية	H2403	hbo:2403	fertility	0.5	2	eflomal
للحظوة برضى	H7381	hbo:7381	fertility	0.5	2	eflomal
نصوص تعليمات	H8451	hbo:8451	fertility	0.5	2	eflomal
هؤلاء ٱلرجال	H0479	hbo:0479	fertility	0.5	2	eflomal
وبدأ يشعر	G0756	grc:756	fertility	0.5	2	eflomal
ونرجل شراصر رئيس	H5371	hbo:5371	fertility	0.5	2	eflomal
وٱلساقة سائرة	H0622	hbo:0622	fertility	0.5	2	eflomal
وٱلكلدانيين وٱلمنجمين	H3779	hbo:3779	fertility	0.5	2	eflomal
يشكل وقوة	H6098	hbo:6098	fertility	0.5	2	eflomal
يصوم يوحنا	G2491	grc:2491	fertility	0.5	2	eflomal
يموت بذنبه	H4191	hbo:4191	fertility	0.5	5	eflomal
ٱلناموس ناموس	G3551	grc:3551	fertility	0.5	2	eflomal
واحد منهم	H0376	hbo:0376	fertility	0.4	5	eflomal
البحر غربا	H3220	hbo:3220	fertility	0.333	3	eflomal
لترات دقيق	H5560	hbo:5560	fertility	0.333	3	eflomal
وتكونون مكروهين	G3404	grc:3404	fertility	0.333	3	eflomal
وحجلة وملكة	H2295	hbo:2295	fertility	0.333	2	eflomal
أضعاف خطاياكم	H2403	hbo:2403	fertility	0.25	4	eflomal
ارفعوا الشكر	H3034	hbo:3034	fertility	0.25	4	eflomal
البالغين العمر	H1121	hbo:1121	fertility	0.25	4	eflomal
ٱلله ٱلله	G2316	grc:2316	fertility	0.25	4	eflomal
هذه الأمور	H0428,H1697	hbo:0428,hbo:1697	phrasal	0.2	4	eflomal
أؤدبكم بالعقارب	H6137	hbo:6137	fertility	0.0	2	eflomal
أبرئك تبرئة	H5352	hbo:5352	fertility	0.0	2	eflomal
أبناء سبط	H1121	hbo:1121	fertility	0.0	2	eflomal
أبواب باب	H8179	hbo:8179	fertility	0.0	2	eflomal
أتريد أن	G2309	grc:2309	fertility	0.0	3	eflomal
أتقدران أن	G1410	grc:1410	fertility	0.0	2	eflomal
أراد أن	G2309	grc:2309	fertility	0.0	4	eflomal
أرجو منك	G2065	grc:2065	fertility	0.0	2	eflomal
أعاد بناء	H1129	hbo:1129	fertility	0.0	2	eflomal
أقدر أن	G1410	grc:1410	fertility	0.0	6	eflomal
أماكن ماء	G0504	grc:504	fertility	0.0	2	eflomal
أمام أعيننا	H5869	hbo:5869	fertility	0.0	2	eflomal
أمام بعل	H6440	hbo:6440	fertility	0.0	2	eflomal
أمام وجهي	H6440	hbo:6440	fertility	0.0	2	eflomal
أمرتهم به	H6680	hbo:6680	fertility	0.0	2	eflomal
أولاد الأفاعي	G2191	grc:2191	fertility	0.0	3	eflomal
أيها ٱلملك	H4430	hbo:4430	fertility	0.0	2	eflomal
إليه يدك	H3027	hbo:3027	fertility	0.0	2	eflomal
إنهما يقتلان	H4191	hbo:4191	fertility	0.0	2	eflomal
اذهب إلى	H5927	hbo:5927	fertility	0.0	2	eflomal
استطاع أن	G1410	grc:1410	fertility	0.0	2	eflomal
استمعي يا	H8085	hbo:8085	fertility	0.0	2	eflomal
استيقظي تسربلي	H3847	hbo:3847	fertility	0.0	2	eflomal
افعل كل	H3605	hbo:3605	fertility	0.0	2	eflomal
الإصغاء إلى	H8085	hbo:8085	fertility	0.0	2	eflomal
الإنسان ٱلصالح	G0444	grc:444	fertility	0.0	2	eflomal
الحاضرين في	H0935	hbo:0935	fertility	0.0	2	eflomal
الخالص الغالي	G4101	grc:4101	fertility	0.0	2	eflomal
الخالص فالفضة	H5458	hbo:5458a	fertility	0.0	2	eflomal
الخفاء وأبوك	G3962	grc:3962	fertility	0.0	2	eflomal
الدائمة وتقدمتها	H4503	hbo:4503	fertility	0.0	4	eflomal
الذي أسس	H0001	hbo:0001	fertility	0.0	4	eflomal
الذي يقدسكم	H6942	hbo:6942	fertility	0.0	2	eflomal
الذين يحرسون	H8104	hbo:8104	fertility	0.0	2	eflomal
الرجل الثالث المتسلط	H8531	hbo:8531	fertility	0.0	2	eflomal
الرعدة على	H0270	hbo:0270	fertility	0.0	2	eflomal
الزمان الحاضر	G0165	grc:165	fertility	0.0	2	eflomal
الصباح الباكر	H7925	hbo:7925	fertility	0.0	3	eflomal
العامل يستحق	G0514	grc:514	fertility	0.0	3	eflomal
الفقيرة ألقت	G4434	grc:4434	fertility	0.0	2	eflomal
القادرة أن	G1410	grc:1410	fertility	0.0	2	eflomal
الملاك في	G0032	grc:32	fertility	0.0	4	eflomal
المنحدرين إلى	H3381	hbo:3381	fertility	0.0	4	eflomal
المنظر الأبدان	H1320	hbo:1320	fertility	0.0	2	eflomal
بآذانهم بقلوبهم	G2588	grc:2588	fertility	0.0	2	eflomal
باسطا جناحيه	H6566	hbo:6566	fertility	0.0	2	eflomal
بحروب حروب	G4171	grc:4171	fertility	0.0	2	eflomal
بخيط أسمانجوني	H6616	hbo:6616	fertility	0.0	2	eflomal
بطنها توأمان	H0990	hbo:0990	fertility	0.0	2	eflomal
بمثل ٱلكلام	H1697	hbo:1697	fertility	0.0	2	eflomal
بناء الهيكل	H1124	hbo:1124	fertility	0.0	2	eflomal
بناء هيكل	H1005	hbo:1005	fertility	0.0	3	eflomal
بهرمان وياقوت أزرق	H5306	hbo:5306	fertility	0.0	2	eflomal
بيدي أنا	G5495	grc:5495	fertility	0.0	2	eflomal
بينكم رجل	H0376	hbo:0376	fertility	0.0	2	eflomal
بيوتكم الخمير	H1004	hbo:1004	fertility	0.0	2	eflomal
تبحثن عن	G2212	grc:2212	fertility	0.0	2	eflomal
تحضره إلى	H0935	hbo:0935	fertility	0.0	2	eflomal
ترتدى أثناء الخدمة	H8334	hbo:8334	fertility	0.0	2	eflomal
تطبخ جديا	H1310	hbo:1310	fertility	0.0	2	eflomal
تعاظم شأن	H1431	hbo:1431	fertility	0.0	2	eflomal
تقدرون أن	G1410	grc:1410	fertility	0.0	16	eflomal
تكلم به	H1696	hbo:1696	fertility	0.0	7	eflomal
تلبث أن	H7725	hbo:7725	fertility	0.0	3	eflomal
تمتد إليه	H4916	hbo:4916	fertility	0.0	3	eflomal
تنبهن الحبيب	H0160	hbo:0160	fertility	0.0	2	eflomal
توجه إلى	H5927	hbo:5927	fertility	0.0	2	eflomal
ثيران وكبشين	H0352	hbo:0352	fertility	0.0	8	eflomal
جمال بهائه	H6643	hbo:6643	fertility	0.0	2	eflomal
جميع أرجاء	H3605	hbo:3605	fertility	0.0	3	eflomal
جومر أشكناز	H0813	hbo:0813	fertility	0.0	2	eflomal
جيوش العمونيين	H1121	hbo:1121	fertility	0.0	2	eflomal
حاصر الشعب	H6887	hbo:6887	fertility	0.0	2	eflomal
حصلوا على	H3947	hbo:3947	fertility	0.0	2	eflomal
حصيد أرضكم	H0776	hbo:0776	fertility	0.0	2	eflomal
حظيت برضاك	H2580	hbo:2580	fertility	0.0	2	eflomal
حنمئيل عمي	H1730	hbo:1730	fertility	0.0	2	eflomal
حيوانا آخر	H0317	hbo:0317	fertility	0.0	2	eflomal
داخل أبوابك	H8179	hbo:8179	fertility	0.0	2	eflomal
دينونة أعظم	G4053	grc:4053	fertility	0.0	2	eflomal
زواياه ٱلأربع	H6438	hbo:6438	fertility	0.0	2	eflomal
سيأكلون مثلكم	H0398	hbo:0398	fertility	0.0	2	eflomal
سيتناولون الطعام	H0398	hbo:0398	fertility	0.0	2	eflomal
شئتم أن	G2309	grc:2309	fertility	0.0	2	eflomal
شهاداتهم متناقضة	G2470	grc:2470	fertility	0.0	2	eflomal
شهادته حق	G0227	grc:227	fertility	0.0	2	eflomal
صخرة جرداء	H6706	hbo:6706	fertility	0.0	3	eflomal
صعدا إلى	H5927	hbo:5927	fertility	0.0	2	eflomal
ضاربة ٱلخضرة	H3422	hbo:3422	fertility	0.0	2	eflomal
عالم الأموات	H7585	hbo:7585	fertility	0.0	2	eflomal
عبدا لسيدين	G1398	grc:1398	fertility	0.0	2	eflomal
عتيدا أن	G3195	grc:3195	fertility	0.0	3	eflomal
عزمت أن	G2919	grc:2919	fertility	0.0	2	eflomal
عشائر رأسهم	H6635	hbo:6635	fertility	0.0	2	eflomal
عضائده نخيل	H8561	hbo:8561	fertility	0.0	3	eflomal
عقاب ويزد	H3254	hbo:3254	fertility	0.0	3	eflomal
عقيق أحمر وياقوت	H0124	hbo:0124	fertility	0.0	2	eflomal
عكاز ٱلقصبة	H7070	hbo:7070	fertility	0.0	2	eflomal
عملا بأمر	H6310	hbo:6310	fertility	0.0	2	eflomal
عملا ما	H4399	hbo:4399	fertility	0.0	7	eflomal
عنبا رديئا	H0891	hbo:0891	fertility	0.0	2	eflomal
عين الهر ويشم	H3958	hbo:3958	fertility	0.0	2	eflomal
فأطلق صرخة	H2199	hbo:2199	fertility	0.0	2	eflomal
فاعلي الإثم	H7489	hbo:7489	fertility	0.0	2	eflomal
فاعلي الشر	H7489	hbo:7489	fertility	0.0	2	eflomal
فاعلي ٱلشر	H7489	hbo:7489	fertility	0.0	5	eflomal
فتتأصل جذورهم	H8328	hbo:8328	fertility	0.0	2	eflomal
فتقدم إليه	G4334	grc:4334	fertility	0.0	4	eflomal
فحلاه وأتيا	G3089	grc:3089	fertility	0.0	2	eflomal
فخلفه ابنه	H4427	hbo:4427	fertility	0.0	2	eflomal
فرخي حمام	H1121	hbo:1121	fertility	0.0	4	eflomal
فسلمه بيلاطس	G3860	grc:3860	fertility	0.0	2	eflomal
فضيا وزنه	H3701	hbo:3701	fertility	0.0	12	eflomal
فقال قد	H0559	hbo:0559	fertility	0.0	3	eflomal
فكانت جملة	H3605	hbo:3605	fertility	0.0	4	eflomal
فلما رآهم	G3708	grc:3708	fertility	0.0	2	eflomal
فليمت موتا	G2288	grc:2288	fertility	0.0	2	eflomal
فهزم الأراميون	H5221	hbo:5221	fertility	0.0	2	eflomal
قائلا إن	H0559	hbo:0559	fertility	0.0	6	eflomal
قائلا قد	H0559	hbo:0559	fertility	0.0	3	eflomal
قائلا هذا	H0559	hbo:0559	fertility	0.0	3	eflomal
قائلين إن	H0559	hbo:0559	fertility	0.0	4	eflomal
قائلين قد	H0559	hbo:0559	fertility	0.0	9	eflomal
قربان إثم	H0817	hbo:0817	fertility	0.0	2	eflomal
قطعة القماش المنسوجة	H8359	hbo:8359	fertility	0.0	3	eflomal
قوائمه الأربع	H6471	hbo:6471	fertility	0.0	2	eflomal
كباش تيوس	H6260	hbo:6260	fertility	0.0	12	eflomal
كرجل واحد	H0376	hbo:0376	fertility	0.0	3	eflomal
كل واحد منهم	G1538	grc:1538	fertility	0.0	2	eflomal
لأرث الأبدية	G0166	grc:166	fertility	0.0	2	eflomal
لأرث ٱلأبدية	G0166	grc:166	fertility	0.0	3	eflomal
لابد مائت	H4191	hbo:4191	fertility	0.0	2	eflomal
لابد يمضي	G5217	grc:5217	fertility	0.0	2	eflomal
لتمثال ٱلذهب	H1722	hbo:1722	fertility	0.0	2	eflomal
لرضى وسروره	H7381	hbo:7381	fertility	0.0	2	eflomal
للرداء وٱلصدرة	H0646	hbo:0646	fertility	0.0	2	eflomal
للصلاة في	H5927	hbo:5927	fertility	0.0	2	eflomal
للعتيدين أن	G3195	grc:3195	fertility	0.0	2	eflomal
لنذهب إلى	H1980	hbo:1980	fertility	0.0	2	eflomal
لوزية ببراعمها	H8246	hbo:8246	fertility	0.0	2	eflomal
ليبحث عن	H1245	hbo:1245	fertility	0.0	2	eflomal
لينزلوا إلى	H3381	hbo:3381	fertility	0.0	2	eflomal
مازالوا منذ	G4357	grc:4357	fertility	0.0	2	eflomal
مبسطا للشباك	H2764	hbo:2764a	fertility	0.0	2	eflomal
مثلي سيقيم	G0450	grc:450	fertility	0.0	2	eflomal
محرقات وذبائح	H5930	hbo:5930	fertility	0.0	2	eflomal
محرقة رضى	H7381	hbo:7381	fertility	0.0	2	eflomal
محفل ما	H3605	hbo:3605	fertility	0.0	2	eflomal
مدفنا خاصا	H6913	hbo:6913	fertility	0.0	2	eflomal
مرات لخطاياكم	H2403	hbo:2403	fertility	0.0	3	eflomal
مرضوض نقيا	H2134	hbo:2134	fertility	0.0	2	eflomal
مزمعون أن	G3195	grc:3195	fertility	0.0	3	eflomal
مزمعين أن	G3195	grc:3195	fertility	0.0	3	eflomal
مسبوكه كذب	H8267	hbo:8267	fertility	0.0	2	eflomal
مشقوق الظلف	H6536,H6541	hbo:6536,hbo:6541	phrasal	0.0	4	eflomal
مقببه كوى	H2474	hbo:2474	fertility	0.0	2	eflomal
مقتدرة في	H6213	hbo:6213	fertility	0.0	2	eflomal
موضع خلاء	G5117	grc:5117	fertility	0.0	5	eflomal
نبوخذنصر ٱلملك	H4430	hbo:4430	fertility	0.0	4	eflomal
نرغب في	G2309	grc:2309	fertility	0.0	2	eflomal
نقدر أن	G1410	grc:1410	fertility	0.0	3	eflomal
نمريم خربة	H4923	hbo:4923	fertility	0.0	2	eflomal
هزيمة منكرة	H1419	hbo:1419	fertility	0.0	3	eflomal
وأحجب وجهي	H5641	hbo:5641	fertility	0.0	2	eflomal
وأسدان واقفان	H0738	hbo:0738	fertility	0.0	2	eflomal
وأنتم كلكم	H3605	hbo:3605	fertility	0.0	2	eflomal
واجبنا أن	G3784	grc:3784	fertility	0.0	2	eflomal
واجعلوا سبله	G2117	grc:2117	fertility	0.0	2	eflomal
واحد حاملا	H0376	hbo:0376	fertility	0.0	2	eflomal
واستولى على	H3947	hbo:3947	fertility	0.0	2	eflomal
واعتصموا بعنادهم	H3802	hbo:3802	fertility	0.0	2	eflomal
والصلاة يرفعها	H8605	hbo:8605	fertility	0.0	2	eflomal
والكليتين وشحمهما	H2459	hbo:2459	fertility	0.0	3	eflomal
وانطلقوا خارجا	G1831	grc:1831	fertility	0.0	2	eflomal
وبعد أن	H1961	hbo:1961	fertility	0.0	2	eflomal
وبنى برج حراسة	G3618	grc:3618	fertility	0.0	2	eflomal
وتغرسون كروما	H5193	hbo:5193	fertility	0.0	2	eflomal
وتقدمتها الدقيق	H4503	hbo:4503	fertility	0.0	2	eflomal
وجاء إلى	H0935	hbo:0935	fertility	0.0	3	eflomal
وجهت قلبي	H3820	hbo:3820	fertility	0.0	2	eflomal
وجهك ملاكي	G4383	grc:4383	fertility	0.0	3	eflomal
وحصر شوعال	H2705	hbo:2705	fertility	0.0	2	eflomal
وحمراء وخيوط	H8144	hbo:8144	fertility	0.0	2	eflomal
وخلفه ابنه	H4427	hbo:4427	fertility	0.0	2	eflomal
وسقط آخر	G0243	grc:243	fertility	0.0	2	eflomal
وصلوا إلى	H0935	hbo:0935	fertility	0.0	4	eflomal
وضعت أمانة	G4100	grc:4100	fertility	0.0	2	eflomal
وطوقه بإطار	H1406	hbo:1406	fertility	0.0	2	eflomal
وقادة بني	H2205	hbo:2205	fertility	0.0	2	eflomal
وقال لهم	G3004	grc:3004	fertility	0.0	2	eflomal
وقال يا	G3004	grc:3004	fertility	0.0	3	eflomal
وقرمز وبوص	H8144	hbo:8144	fertility	0.0	8	eflomal
وقضى ليلته	H3885	hbo:3885a	fertility	0.0	2	eflomal
وقود محرقة	H0801	hbo:0801	fertility	0.0	2	eflomal
وقيل قد	H0559	hbo:0559	fertility	0.0	6	eflomal
وكان إلي	H1961	hbo:1961	fertility	0.0	17	eflomal
وكان لما	H1961	hbo:1961	fertility	0.0	6	eflomal
وكسر عظيم	H7667	hbo:7667	fertility	0.0	2	eflomal
ولعلة يطيلون	G3117	grc:3117	fertility	0.0	2	eflomal
ولكل من	H3605	hbo:3605	fertility	0.0	2	eflomal
ولما أدركت	H7200	hbo:7200	fertility	0.0	2	eflomal
وليخيم برايته	H4264	hbo:4264	fertility	0.0	2	eflomal
ومريم ٱلأخرى	G3137	grc:3137	fertility	0.0	2	eflomal
ومشهودا له	G3140	grc:3140	fertility	0.0	2	eflomal
وميشخ وعبدنغو	H4336	hbo:4336	fertility	0.0	2	eflomal
ونقلوها إلى	H0935	hbo:0935	fertility	0.0	2	eflomal
وهذا سجل	H0428	hbo:0428	fertility	0.0	5	eflomal
وهذه هي	H0428	hbo:0428	fertility	0.0	4	eflomal
وواحدة لإيليا	G1520	grc:1520	fertility	0.0	2	eflomal
ووجهت قلبي	H3820	hbo:3820	fertility	0.0	3	eflomal
ويغرسون كروما	H5193	hbo:5193	fertility	0.0	3	eflomal
ويكون أن	H1961	hbo:1961	fertility	0.0	4	eflomal
وٱلأمم وٱلألسنة	H0524	hbo:0524	fertility	0.0	3	eflomal
وٱلرب ٱلمسيح	G5547	grc:5547	fertility	0.0	3	eflomal
وٱلعود وٱلسنطير	H7030	hbo:7030	fertility	0.0	3	eflomal
وٱلمجمع كله	G4892	grc:4892	fertility	0.0	2	eflomal
وٱلناي وٱلعود	H4953	hbo:4953	fertility	0.0	3	eflomal
يارب يارب	G2962	grc:2962	fertility	0.0	2	eflomal
يتخل عن	H5800	hbo:5800	fertility	0.0	2	eflomal
يجازيك علانية	G0591	grc:591	fertility	0.0	2	eflomal
يجتر لكنه	H1625	hbo:1625	fertility	0.0	2	eflomal
يحفظ كلامي	G5083	grc:5083	fertility	0.0	2	eflomal
يدافع دعواهم	H7379	hbo:7379	fertility	0.0	2	eflomal
يذبل ويذوي	H5034	hbo:5034	fertility	0.0	2	eflomal
يسبق أن	H7200	hbo:7200	fertility	0.0	2	eflomal
يستطع أن	G1410	grc:1410	fertility	0.0	5	eflomal
يستطيعوا أن	G1410	grc:1410	fertility	0.0	2	eflomal
يستطيعون أن	G1410	grc:1410	fertility	0.0	2	eflomal
يسند رأسه	G2776	grc:2776	fertility	0.0	2	eflomal
يشاهد رؤيا	H4236	hbo:4236	fertility	0.0	2	eflomal
يشكل خطة	H8193	hbo:8193	fertility	0.0	2	eflomal
يصعدها في	H5927	hbo:5927	fertility	0.0	2	eflomal
يطلقه تعويضا	H7971	hbo:7971	fertility	0.0	2	eflomal
يفزعهم أحد	H2729	hbo:2729	fertility	0.0	2	eflomal
يفضي الحياة	H2416	hbo:2416	fertility	0.0	2	eflomal
يقفان إلى	H5975	hbo:5975	fertility	0.0	2	eflomal
يقود أعمى يسقطان	G3594	grc:3594	fertility	0.0	2	eflomal
يقولوا لأحد	G3004	grc:3004	fertility	0.0	3	eflomal
يلبس كواحدة	G4016	grc:4016	fertility	0.0	2	eflomal
يمكنكم أن	G1410	grc:1410	fertility	0.0	2	eflomal
يمكنه أن	G1410	grc:1410	fertility	0.0	4	eflomal
ينادي إيليا	G2243	grc:2243	fertility	0.0	2	eflomal
يورثها إلهكم	H0430	hbo:0430	fertility	0.0	2	eflomal
ٱبنه ٱبنه	H1121	hbo:1121	fertility	0.0	3	eflomal
ٱصنعوا سبله	G4160	grc:4160	fertility	0.0	3	eflomal
ٱصنعوا مستقيمة	G2117	grc:2117	fertility	0.0	3	eflomal
ٱغتظت بٱلصواب	H3190	hbo:3190	fertility	0.0	3	eflomal
ٱفرحي أيتها	G2165	grc:2165	fertility	0.0	2	eflomal
ٱلأرتاج رؤوسكن	H7218	hbo:7218	fertility	0.0	2	eflomal
ٱلأرجوان وقلادة	H2002	hbo:2002	fertility	0.0	2	eflomal
ٱلفاعل مستحق	G0514	grc:514	fertility	0.0	3	eflomal
ٱلقائلين إنهم	G3004	grc:3004	fertility	0.0	2	eflomal
ٱلقادرة أن	G1410	grc:1410	fertility	0.0	3	eflomal
ٱلقيام قوما	G2476	grc:2476	fertility	0.0	2	eflomal
ٱلمنظر شبه	G3706	grc:3706	fertility	0.0	2	eflomal
ٱلواحد ٱلآخر	G2087	grc:2087	fertility	0.0	2	eflomal
