# multi-word expressions (M1): target phrase -> original lexeme(s); lang=ben; from bcv-commons/lexeme-alignments; content+same-testament, count>=2. CC0
surface	strongs	lexemes	kind	confidence	count	methods
অকরণের পগীযেল	H6295	hbo:6295	fertility	1.0	4	eflomal
অতবকছেদ অবসথায	G0203	grc:203	fertility	1.0	2	eflomal
অদনডিত থাকবে	H5352	hbo:5352	fertility	1.0	3	eflomal
অদোনী বেষক	H0137	hbo:0137	fertility	1.0	2	eflomal
অদোনী ষেদক	H0139	hbo:0139	fertility	1.0	2	eflomal
অনতর পা	H3767	hbo:3767	fertility	1.0	2	eflomal
অনতরের জবালা	H7065	hbo:7065	fertility	1.0	3	eflomal
অননত পেতে	G0166	grc:166	fertility	1.0	3	eflomal
অননতকাল সথাযী	H5769	hbo:5769	fertility	1.0	6	eflomal
অনযানয অবশিষট	H3499	hbo:3499	fertility	1.0	2	eflomal
অনুগমনে বযভিচার	H2181	hbo:2181	fertility	1.0	3	eflomal
অনুগরহ থাকি	H2580	hbo:2580	fertility	1.0	8	eflomal
অনুগরহ দান	G5486	grc:5486	fertility	1.0	12	eflomal
অনুগরহের বলতেন	G5485	grc:5485	fertility	1.0	2	eflomal
অনুসরণকারী হযেছি	G0190	grc:190	fertility	1.0	2	eflomal
অনেক অনেক	H7227	hbo:7227	fertility	1.0	3	eflomal
অপরাধের বলি	H0817	hbo:0817	fertility	1.0	4	eflomal
অপরাধের বলির	H0817	hbo:0817	fertility	1.0	5	eflomal
অপেকষা করছি	G0553	grc:553	fertility	1.0	2	eflomal
অপেকষা করছিল	G4328	grc:4328	fertility	1.0	3	eflomal
অপেকষায থাকব	G4328	grc:4328	fertility	1.0	3	eflomal
অবশযই হবে	G1163	grc:1163	fertility	1.0	3	eflomal
অবশিষট কাজের	H3499	hbo:3499	fertility	1.0	6	eflomal
অবশিষট রাখলেন	H7604	hbo:7604	fertility	1.0	3	eflomal
অবশিষট রাখি	H7604	hbo:7604	fertility	1.0	2	eflomal
অবসথিত মরীবৎ	H4809	hbo:4809	fertility	1.0	2	eflomal
অবিশবসত লোকেরা	G3428	grc:3428	fertility	1.0	2	eflomal
অবিশবসততার পরচার	H5627	hbo:5627a	fertility	1.0	2	eflomal
অবীদ ইলদাযা	H0420	hbo:0420	fertility	1.0	2	eflomal
অভিজঞতাও কম	H7390	hbo:7390	fertility	1.0	2	eflomal
অভিষিকত বযকতিকে	H4899	hbo:4899	fertility	1.0	2	eflomal
অভিষিকত বযকতির	H4899	hbo:4899	fertility	1.0	5	eflomal
অভিষেক লোকের	H4899	hbo:4899	fertility	1.0	3	eflomal
অমমীনাদবের নহশোন	H5177	hbo:5177	fertility	1.0	4	eflomal
অমমীশদদযের অহীযেষর	H0295	hbo:0295	fertility	1.0	4	eflomal
অমরিযের অমরিয	H0568	hbo:0568	fertility	1.0	3	eflomal
অযিহুদি মেযেদেরকে	H5237	hbo:5237	fertility	1.0	4	eflomal
অরণোন নদীর	H0769	hbo:0769	fertility	1.0	2	eflomal
অরাবা উপতযকা	H6160	hbo:6160	fertility	1.0	4	eflomal
অরাবা উপতযকার	H6160	hbo:6160	fertility	1.0	4	eflomal
অরাম নহরযিম	H0763	hbo:0763	fertility	1.0	2	eflomal
অরামীয ভাষায	H0762	hbo:0762	fertility	1.0	3	eflomal
অলোন গাছের	H0437	hbo:0437	fertility	1.0	2	eflomal
অষটারোৎ দেবীর মুরততিগুলো	H6253	hbo:6253	fertility	1.0	2	eflomal
অসবীকার করেছিলে	G0720	grc:720	fertility	1.0	2	eflomal
অসরিযের অসরিয	H5838	hbo:5838	fertility	1.0	2	eflomal
অসরীকাম বোখরূ	H5840	hbo:5840	fertility	1.0	2	eflomal
আইন কানুন মেনে	G3551	grc:3551	fertility	1.0	3	eflomal
আগমন কালে	G3952	grc:3952	fertility	1.0	3	eflomal
আগমনের দিন	G2250	grc:2250	fertility	1.0	2	eflomal
আগুন পোহাতে	G2328	grc:2328	fertility	1.0	2	eflomal
আগুনে উপহার	H0801	hbo:0801	fertility	1.0	6	eflomal
আগুনে করা উপহার	H0801	hbo:0801	fertility	1.0	2	eflomal
আগুনে তৈরী	H0801	hbo:0801	fertility	1.0	3	eflomal
আগুনে তৈরী উপহার	H0801	hbo:0801	fertility	1.0	8	eflomal
আগুনে দেওযা	G4442	grc:4442	fertility	1.0	4	eflomal
আগুনের আগুনের	H0784	hbo:0784	fertility	1.0	4	eflomal
আগেই বলেছিলেন	G4302	grc:4302	fertility	1.0	2	eflomal
আগের অবসথা	H6927	hbo:6927	fertility	1.0	3	eflomal
আঘাত পেযেছি	H2470	hbo:2470	fertility	1.0	2	eflomal
আঙগুর কষেত	H3754	hbo:3754	fertility	1.0	24	eflomal
আঙগুর কুণড	H3342	hbo:3342	fertility	1.0	4	eflomal
আঙগুর কুণডের	H3342	hbo:3342	fertility	1.0	2	eflomal
আঙগুর খেত	H3754	hbo:3754	fertility	1.0	4	eflomal
আঙগুর খেতের	G0290	grc:290	fertility	1.0	2	eflomal
আঙগুর গাছ	H1612	hbo:1612	fertility	1.0	3	eflomal
আঙগুর মাডাই	H1869	hbo:1869	fertility	1.0	3	eflomal
আঙগুর লতার	H1612	hbo:1612	fertility	1.0	2	eflomal
আঙগুরের রসের	H3196	hbo:3196	fertility	1.0	2	eflomal
আঙুর খেতের	G0290	grc:290	fertility	1.0	2	eflomal
আচার আচরণ	H1870	hbo:1870	fertility	1.0	4	eflomal
আছেন আছেন	H2416	hbo:2416	fertility	1.0	2	eflomal
আজকের দিন	H3117	hbo:3117	fertility	1.0	5	eflomal
আটদের খামারে	H0329	hbo:0329b	fertility	1.0	2	eflomal
আটার কাঠের	H2935	hbo:2935	fertility	1.0	2	eflomal
আতমপকষ সমরথনের	G0627	grc:627	fertility	1.0	4	eflomal;gloss
আতমা আতমা	H7307	hbo:7307	fertility	1.0	2	eflomal
আদালতে তরক	H7378	hbo:7378	fertility	1.0	2	eflomal
আদেশ দিলেন	G2753	grc:2753	fertility	1.0	8	eflomal
আদেশে সবাকষর	H7560	hbo:7560	fertility	1.0	2	eflomal
আননদ গান	H7442	hbo:7442	fertility	1.0	2	eflomal
আননদে চিতকার	H7440	hbo:7440	fertility	1.0	2	eflomal
আননদের সহভাগী	G5479	grc:5479	fertility	1.0	2	eflomal
আননি বলিদানের	H2077	hbo:2077	fertility	1.0	2	eflomal
আপনার ইচছা	G2309	grc:2309	fertility	1.0	5	eflomal
আবরণীয অনাবৃত	H6172	hbo:6172	fertility	1.0	15	eflomal
আবার ফিরিযে	H7725	hbo:7725	fertility	1.0	3	eflomal
আবাস তাঁবু	H4908	hbo:4908	fertility	1.0	2	eflomal
আমাকেই গরহণ	G1209	grc:1209	fertility	1.0	3	eflomal
আমাদের আছে	G2192	grc:2192	fertility	1.0	3	eflomal
আমার আছে	G2192	grc:2192	fertility	1.0	4	eflomal
আমার ইচছা	G2309	grc:2309	fertility	1.0	5	eflomal
আমোদ পরমোদ	G2165	grc:2165	fertility	1.0	3	eflomal
আমোসের যিশাইয	H3470	hbo:3470a	fertility	1.0	8	eflomal
আমোসের যিশাইযের	H3470	hbo:3470a	fertility	1.0	3	eflomal
আযোজনের দিন	G3904	grc:3904	fertility	1.0	5	eflomal
আলফেযের ছেলে	G0256	grc:256	fertility	1.0	4	eflomal
আশরয নিই	H2620	hbo:2620	fertility	1.0	2	eflomal
আশেপাশের গরামগুলো	H1323	hbo:1323	fertility	1.0	4	eflomal
আশেরা খুঁটি	H0842	hbo:0842	fertility	1.0	3	eflomal
আশেরা মূরততি	H0842	hbo:0842	fertility	1.0	11	eflomal
আশেরা মূরতিগুলি	H0842	hbo:0842	fertility	1.0	4	eflomal
আসতে অনুমতি	G2010	grc:2010	fertility	1.0	3	eflomal
আসবে আসবে	H0935	hbo:0935	fertility	1.0	2	eflomal
আসা থাকে তাতে	G3306	grc:3306	fertility	1.0	2	eflomal
আসার বছরের	H8141	hbo:8141	fertility	1.0	2	eflomal
ইগলৎ শলিশীযা	H5697	hbo:5697a	fertility	1.0	2	eflomal
ইচছা আমার	G2309	grc:2309	fertility	1.0	2	eflomal
ইচছা পূরণ	G2307	grc:2307	fertility	1.0	2	eflomal
ইচছা মেনে	G2307	grc:2307	fertility	1.0	2	eflomal
ইচছাদতত উপহার	H5071	hbo:5071	fertility	1.0	2	eflomal
ইতিহাস বইতে	H5612	hbo:5612	fertility	1.0	3	eflomal
ইনদরিয দমন	G1467	grc:1467	fertility	1.0	2	eflomal
ইবরীয ভাষায	H3066	hbo:3066	fertility	1.0	4	eflomal
ইলীযাসা ইলীযাসার	H0501	hbo:0501	fertility	1.0	2	eflomal
ইসরাযেল ইসরাযেলের	H3478	hbo:3478	fertility	1.0	2	eflomal
ইসরাযেলীযদের বিদরোহের	G3894	grc:3894	fertility	1.0	2	eflomal
ইসরাযেলের ইসরাযেলের	H3478	hbo:3478	fertility	1.0	3	eflomal
ইহূদি নেতারা	G2453	grc:2453	fertility	1.0	4	eflomal
ইৎসিযোন গেবর	H6100	hbo:6100	fertility	1.0	2	eflomal
ঈশবর আমাদের	H5329	hbo:5329	fertility	1.0	3	eflomal
ঈশবরের বাডির	H0426	hbo:0426	fertility	1.0	2	eflomal
ঈষেবল ফেলছিলেন	H0348	hbo:0348	fertility	1.0	2	eflomal
উঁচু গুলির	H1116	hbo:1116	fertility	1.0	2	eflomal
উঁচু জাযগা	H1116	hbo:1116	fertility	1.0	10	eflomal
উঁচু জাযগাগুলি	H1116	hbo:1116	fertility	1.0	2	eflomal
উঁচু জাযগাগুলো	H1116	hbo:1116	fertility	1.0	2	eflomal
উঁচু সথান	H1116	hbo:1116	fertility	1.0	10	eflomal
উঁচু সথানগুলিতে	H1116	hbo:1116	fertility	1.0	2	eflomal
উঁচু সথানগুলোতে	H1116	hbo:1116	fertility	1.0	2	eflomal
উঁচু সথানগুলোর	H1116	hbo:1116	fertility	1.0	3	eflomal
উঁচু সথানে	H1116	hbo:1116	fertility	1.0	5	eflomal
উজজবল দাগ	H0934	hbo:0934	fertility	1.0	2	eflomal
উটের পিঠে	H1581	hbo:1581	fertility	1.0	3	eflomal
উঠলেন থেমে	G2869	grc:2869	fertility	1.0	2	eflomal
উততরে বললেন	H0559	hbo:0559	fertility	1.0	2	eflomal
উতসব সভা	H6116	hbo:6116	fertility	1.0	2	eflomal
উদদেশযে আগুনে	H0801	hbo:0801	fertility	1.0	2	eflomal
উদযের দিকে	H4217	hbo:4217	fertility	1.0	2	eflomal
উপডে ফেলব	H5428	hbo:5428	fertility	1.0	4	eflomal
উপদেশ দিচছিলেন	G1321	grc:1321	fertility	1.0	3	eflomal
উপদেশ দিচছেন	G1321	grc:1321	fertility	1.0	2	eflomal
উপরে করতৃতব	G2961	grc:2961	fertility	1.0	2	eflomal
উপরে দোষ	G2723	grc:2723	fertility	1.0	2	eflomal
উপরে দোষারোপ	G2723	grc:2723	fertility	1.0	3	eflomal
উপরের ঘরে	G5253	grc:5253	fertility	1.0	2	eflomal
উপহার ভূমি	H8641	hbo:8641	fertility	1.0	4	eflomal
উপহার ভূমির	H8641	hbo:8641	fertility	1.0	2	eflomal
উপাসনা গৃহে	G2411	grc:2411	fertility	1.0	2	eflomal
উপাসনা ঘরটা	G3485	grc:3485	fertility	1.0	2	eflomal
উপাসনা ঘরে	G2411	grc:2411	fertility	1.0	6	eflomal
উপাসনার উঁচু	H1116	hbo:1116	fertility	1.0	3	eflomal
উপুড হযে পরণাম	H5457	hbo:5457	fertility	1.0	3	eflomal
উলঙগতা অনাবৃত	H6172	hbo:6172	fertility	1.0	3	eflomal
এই কথা বলেন	H5002	hbo:5002	fertility	1.0	3	eflomal
একজন রাজতব	H4427	hbo:4427	fertility	1.0	2	eflomal
একটা ঘোডা	G2462	grc:2462	fertility	1.0	2	eflomal
একতরে জডো	H0622	hbo:0622	fertility	1.0	3	eflomal
একসঙগে জডো	G4863	grc:4863	fertility	1.0	3	eflomal
এবদের গাল	H1603	hbo:1603	fertility	1.0	4	eflomal
এভাবে বাদ	H1197	hbo:1197a	fertility	1.0	3	eflomal
এমনকি ধারমিক	H6663	hbo:6663	fertility	1.0	2	eflomal
এরণড গাছটির	H7021	hbo:7021	fertility	1.0	2	eflomal
এলিয কেউ	G2243	grc:2243	fertility	1.0	2	eflomal
এলোন বনের	H0436	hbo:0436	fertility	1.0	3	eflomal
এৎসর দীশন	H1789	hbo:1789	fertility	1.0	3	eflomal
ঐশবরযয সমপততি	H6239	hbo:6239	fertility	1.0	2	eflomal
ওপারে গেরাসেনীদের	G1086	grc:1086	fertility	1.0	2	eflomal
ওবেদ ইদোম	H5654	hbo:5654	fertility	1.0	6	eflomal
ওবেদ ইদোমের	H5654	hbo:5654	fertility	1.0	12	eflomal
ঔরসে জনমাবে	H4578	hbo:4578	fertility	1.0	2	eflomal
কঠিন করতৃতব	H7287	hbo:7287	fertility	1.0	2	eflomal
কঠিন কোরো	G4645	grc:4645	fertility	1.0	3	eflomal
করতে পারবে	G1410	grc:1410	fertility	1.0	2	eflomal
করতে পারলেন	G1410	grc:1410	fertility	1.0	2	eflomal
করতে পারেন	G1410	grc:1410	fertility	1.0	3	eflomal
করুশ বহন	G4716	grc:4716	fertility	1.0	2	eflomal
করুশে টাঙিযে	G2910	grc:2910	fertility	1.0	2	eflomal
করুশে হত	G4717	grc:4717	fertility	1.0	4	eflomal
করূবের ছবি	H3742	hbo:3742	fertility	1.0	2	eflomal
করেথীয পলেথীযদের	H3774	hbo:3774	fertility	1.0	3	eflomal
করোধ নেমে	H7110	hbo:7110	fertility	1.0	4	eflomal
করোধে জবলে	H0639	hbo:0639	fertility	1.0	2	eflomal
কষমা কোরো	H5545	hbo:5545	fertility	1.0	8	eflomal
কষোদিত পরতিমা	H6459	hbo:6459	fertility	1.0	7	eflomal
কষোদিত পরতিমাগুলিকে	H6456	hbo:6456	fertility	1.0	2	eflomal
কাঁকডা বিছা	H6137	hbo:6137	fertility	1.0	4	eflomal
কাঁটা কাঁটাগাছ	H6975	hbo:6975	fertility	1.0	3	eflomal
কাঁধের ফিতের	H3802	hbo:3802	fertility	1.0	2	eflomal
কাউকেও না	G3367	grc:3367	fertility	1.0	3	eflomal
কাছে গিযে	G4334	grc:4334	fertility	1.0	9	eflomal
কাছে দাঁডালেন	G3936	grc:3936	fertility	1.0	2	eflomal
কাছে দাঁডিযে	G3936	grc:3936	fertility	1.0	2	eflomal
কাছে দাঁডিযেছিল	G3936	grc:3936	fertility	1.0	5	eflomal
কাছে পরচার	G2097	grc:2097	fertility	1.0	2	eflomal
কাছেও সুসমাচার	G2097	grc:2097	fertility	1.0	2	eflomal
কাজে নিযুকত	H4399	hbo:4399	fertility	1.0	2	eflomal
কাটা পাথর	H1496	hbo:1496	fertility	1.0	2	eflomal
কাঠের বহন	H6086	hbo:6086	fertility	1.0	4	eflomal
কাতর সবরে	H1897	hbo:1897	fertility	1.0	2	eflomal
কাদেশ বরণেয	H6947	hbo:6947	fertility	1.0	6	eflomal
কাদেশ বরণেযে	H6947	hbo:6947	fertility	1.0	2	eflomal
কাদেশে মিশরের	H6946	hbo:6946	fertility	1.0	2	eflomal
কাননার শবদ	H2201	hbo:2201	fertility	1.0	2	eflomal
কানে কানে	G3775	grc:3775	fertility	1.0	2	eflomal
কানের দুল	H5141	hbo:5141	fertility	1.0	3	eflomal
কালেব চাও	H3612	hbo:3612	fertility	1.0	2	eflomal
কিছুই নেই	G3762	grc:3762	fertility	1.0	2	eflomal
কিছুতে দেবে	H4916	hbo:4916	fertility	1.0	2	eflomal
কিবরোৎ হততাবা	H6914	hbo:6914	fertility	1.0	2	eflomal
কিরিযৎ অরব	H7153	hbo:7153	fertility	1.0	2	eflomal
কিরিযৎ যিযারীম	H7157	hbo:7157	fertility	1.0	8	eflomal
কিরিযৎ যিযারীমে	H7157	hbo:7157	fertility	1.0	2	eflomal
কিরিযৎ যিযারীমের	H7157	hbo:7157	fertility	1.0	7	eflomal
কিরিযৎ সেফর	H7158	hbo:7158a	fertility	1.0	2	eflomal
কিরিযৎ সেফরকে	H7158	hbo:7158a	fertility	1.0	2	eflomal
কিলিকিযা পরদেশের	G2791	grc:2791	fertility	1.0	2	eflomal
কিশমিশের পিঠে	H0809	hbo:0809	fertility	1.0	3	eflomal
কুমারীতবের চিহন	H1331	hbo:1331	fertility	1.0	5	eflomal
কুষঠ রুগীরা	G3015	grc:3015	fertility	1.0	2	eflomal
কুষঠরোগ উদধার	H6883	hbo:6883	fertility	1.0	2	eflomal
কেউই না	G3762	grc:3762	fertility	1.0	2	eflomal
কেটে ফেলা	H3772	hbo:3772	fertility	1.0	3	eflomal
কেডে নিতে	G0726	grc:726	fertility	1.0	2	eflomal
কেনীয হেবরের	H2268	hbo:2268	fertility	1.0	2	eflomal
কোণের পাথর	G1137	grc:1137	fertility	1.0	2	eflomal
কোথাও অসমমানিত	G0820	grc:820	fertility	1.0	2	eflomal
কোনটা সহজ	G2123	grc:2123	fertility	1.0	2	eflomal
কোনটি শরেষঠ	G3173	grc:3173	fertility	1.0	2	eflomal
কোমর বেঁধে	G4024	grc:4024	fertility	1.0	3	eflomal
কোরহ কোরহের	H7141	hbo:7141	fertility	1.0	2	eflomal
খচচরে বসিযে	H6506	hbo:6506	fertility	1.0	2	eflomal
খরীষটকে নিনদা	G0987	grc:987	fertility	1.0	2	eflomal
খাঁটি সোনা	G5553	grc:5553	fertility	1.0	2	eflomal
খাডা পাহাডের	H5553	hbo:5553	fertility	1.0	3	eflomal
খাবার খাচছেন	G2068	grc:2068	fertility	1.0	2	eflomal
খাবার খাবে	H0398	hbo:0398	fertility	1.0	2	eflomal
খাবার রুটি	G0740	grc:740	fertility	1.0	2	eflomal
খামি রুটি	H4682	hbo:4682	fertility	1.0	2	eflomal
খামি রুটির	H4682	hbo:4682	fertility	1.0	2	eflomal
খামিবিহীন রুটিগুলি	H4682	hbo:4682	fertility	1.0	2	eflomal
খামিরহীন রুটির	G0106	grc:106	fertility	1.0	2	eflomal
খামিহীন রুটি	H4682	hbo:4682	fertility	1.0	2	eflomal
খালি হাতে	G2756	grc:2756	fertility	1.0	4	eflomal
খুঁজে পেতে	H4672	hbo:4672	fertility	1.0	3	eflomal
খুঁজে পেলাম	H4672	hbo:4672	fertility	1.0	2	eflomal
খুঁটি ভেঙে ফেলব	H7665	hbo:7665	fertility	1.0	2	eflomal
খুব সুগনধি তেল	G3464	grc:3464	fertility	1.0	2	eflomal
খুবই ছোট	H6996	hbo:6996a	fertility	1.0	2	eflomal
খুলে নিল	G1562	grc:1562	fertility	1.0	2	eflomal
খেজুর গাছ	H8561	hbo:8561	fertility	1.0	10	eflomal
খেতে বসলেন	G0345	grc:345	fertility	1.0	2	eflomal
গদলিযকে শাসনকরততা	H1436	hbo:1436a	fertility	1.0	2	eflomal
গনতবয পথে	H1870	hbo:1870	fertility	1.0	2	eflomal
গভীর গরতের	G0012	grc:12	fertility	1.0	2	eflomal
গভীর জলের	H8415	hbo:8415	fertility	1.0	2	eflomal
গভীরভাবে ঘুমিযে	H8639	hbo:8639	fertility	1.0	2	eflomal
গরভবতী সতরীলোকদের পেট চিরে	H2030	hbo:2030	fertility	1.0	2	eflomal
গরম কালের ফল	H7019	hbo:7019	fertility	1.0	2	eflomal
গরমের ফল	H7019	hbo:7019	fertility	1.0	3	eflomal
গরাম শহর	H5892	hbo:5892	fertility	1.0	2	eflomal
গরামে গরামে	G2968	grc:2968	fertility	1.0	7	eflomal
গরুর গাডি	H5699	hbo:5699	fertility	1.0	6	eflomal
গরুর পাল	H1241	hbo:1241	fertility	1.0	2	eflomal
গলার শবদ	G5456	grc:5456	fertility	1.0	3	eflomal
গলার সবর	H6963	hbo:6963	fertility	1.0	5	eflomal
গশূরীযদের মাখাথীযদের	H1651	hbo:1651	fertility	1.0	2	eflomal
গাছপালাহীন উঁচু	H8205	hbo:8205	fertility	1.0	2	eflomal
গাদির মনহেম	H4505	hbo:4505	fertility	1.0	2	eflomal
গাধার বাচচা	G4454	grc:4454	fertility	1.0	2	eflomal
গাধার বাচচাটিকে	G4454	grc:4454	fertility	1.0	3	eflomal
গাযে থুথু	G1716	grc:1716	fertility	1.0	4	eflomal
গাযের রং লালচে	H0132	hbo:0132	fertility	1.0	2	eflomal
গালে চড মারে	G4600	grc:4600	fertility	1.0	2	eflomal
গিদিযোনির অবীদান	H1441	hbo:1441	fertility	1.0	4	eflomal
গিলিযদের গিলিযদ	H1568	hbo:1568	fertility	1.0	2	eflomal
গুটানো কাগজটি	H4039	hbo:4039	fertility	1.0	6	eflomal
গুপত সতয	G3466	grc:3466	fertility	1.0	3	eflomal
গুলমেঁদি গাছগুলোর	H1918	hbo:1918	fertility	1.0	3	eflomal
গুলি উঠল	H1486	hbo:1486	fertility	1.0	3	eflomal
গুলিবাঁটের পেল	H1486	hbo:1486	fertility	1.0	2	eflomal
গেঁথে তুলবার	G3619	grc:3619	fertility	1.0	3	eflomal
গেঁথে তোলা	G3618	grc:3618	fertility	1.0	2	eflomal
গেঁথে তোলার	G3619	grc:3619	fertility	1.0	2	eflomal
গেঁথে তোলে	G3618	grc:3618	fertility	1.0	3	eflomal
গেলেন কবর	H6912	hbo:6912	fertility	1.0	5	eflomal
গোটানো বইটি	H4039	hbo:4039	fertility	1.0	2	eflomal
গোপন তততবের	G3466	grc:3466	fertility	1.0	2	eflomal
গোপনে দেখেন	G2927	grc:2927	fertility	1.0	3	eflomal
গোপনে বরতমান	G2927	grc:2927	fertility	1.0	2	eflomal
গোপনে সৈনযদল	H0693	hbo:0693	fertility	1.0	2	eflomal
গোষঠী গোষঠী	H4940	hbo:4940	fertility	1.0	3	eflomal
গোষঠী থেকে গোষঠী	H4940	hbo:4940	fertility	1.0	6	eflomal
গোষঠীর গুরুতর	H6390	hbo:6390	fertility	1.0	2	eflomal
ঘটনা ঘটবে	G1096	grc:1096	fertility	1.0	2	eflomal
ঘাঁটি বসায	H0693	hbo:0693	fertility	1.0	2	eflomal
ঘাডের ফিতের	H3802	hbo:3802	fertility	1.0	2	eflomal
ঘাসের বেডে	H2682	hbo:2682	fertility	1.0	2	eflomal
ঘুমিযে পডলেন	H7901	hbo:7901	fertility	1.0	4	eflomal
ঘুমিযে পডেছেন	G2518	grc:2518	fertility	1.0	4	eflomal
ঘুমিযে রযেছে	G2518	grc:2518	fertility	1.0	2	eflomal
ঘুরতে ঘুরতে	G1330	grc:1330	fertility	1.0	3	eflomal
ঘৃণার চোখে	H8581	hbo:8581	fertility	1.0	3	eflomal
চললিশ বছর	G5063	grc:5063	fertility	1.0	2	eflomal
চাদরে জডালেন পাথর	G4616	grc:4616	fertility	1.0	2	eflomal
চাপানো জোযাল	H5923	hbo:5923	fertility	1.0	2	eflomal
চাবুক মারবে	G3146	grc:3146	fertility	1.0	2	eflomal
চারণ ভূমি	H5116	hbo:5116	fertility	1.0	2	eflomal
চাষী বীজ	G4687	grc:4687	fertility	1.0	2	eflomal
চিতকার লাগল	G2896	grc:2896	fertility	1.0	2	eflomal
চিনতে পারবে	G1921	grc:1921	fertility	1.0	2	eflomal
চিনতে পারল	G1921	grc:1921	fertility	1.0	2	eflomal
চিনতে পেরে	H5234	hbo:5234	fertility	1.0	2	eflomal
চিহন অদভুত	H4159	hbo:4159	fertility	1.0	2	eflomal
চিহন আশচরযয	G4592	grc:4592	fertility	1.0	2	eflomal
চুকতির বিশবসততায	H2617	hbo:2617	fertility	1.0	6	eflomal
চুকতির বিশবসততার	H2617	hbo:2617	fertility	1.0	2	eflomal
চুলগুলিও গোনা	G0705	grc:705	fertility	1.0	2	eflomal
চেঁচিযে উঠলেন	H2199	hbo:2199	fertility	1.0	2	eflomal
চেটে খেল	H3952	hbo:3952	fertility	1.0	2	eflomal
চেষটা করছিল	G2212	grc:2212	fertility	1.0	5	eflomal
চোখের জলে	H1832	hbo:1832	fertility	1.0	3	eflomal
চোখের জলের	G1144	grc:1144	fertility	1.0	3	eflomal
চোখের পাতা	H6079	hbo:6079	fertility	1.0	2	eflomal
চোযালের হাড	H3895	hbo:3895	fertility	1.0	2	eflomal
ছডিযে পডতে	H6327	hbo:6327	fertility	1.0	2	eflomal
ছডিযে পডল	G3650	grc:3650	fertility	1.0	3	eflomal
ছডিযে পডেছিল	H5080	hbo:5080	fertility	1.0	2	eflomal
ছডিযে ফেলে	G4650	grc:4650	fertility	1.0	2	eflomal
ছাঁচে ঢালা পরতিমা	H4541	hbo:4541	fertility	1.0	3	eflomal
ছাঁচে মূরততি	H4541	hbo:4541	fertility	1.0	2	eflomal
ছাগল ষাঁড	H1241	hbo:1241	fertility	1.0	2	eflomal
ছাগলের বাচচা	H1423	hbo:1423	fertility	1.0	2	eflomal
ছাগলের লোম	H5795	hbo:5795	fertility	1.0	2	eflomal
ছাগলের লোমের	H5795	hbo:5795	fertility	1.0	4	eflomal
ছাদের নামুক	G1430	grc:1430	fertility	1.0	2	eflomal
ছেলে ছেলেরা	H1121	hbo:1121	fertility	1.0	3	eflomal
ছেলের জনম	H3205	hbo:3205	fertility	1.0	3	eflomal
ছেলের নাম	H8034	hbo:8034	fertility	1.0	3	eflomal
ছেলের সতরী	H3618	hbo:3618	fertility	1.0	5	eflomal
জঘনয জিনিসগুলি	H8251	hbo:8251	fertility	1.0	3	eflomal
জঘনয দেবতা	H8251	hbo:8251	fertility	1.0	3	eflomal
জনয থাকার তৈরী	G2090	grc:2090	fertility	1.0	2	eflomal
জবলনত ফেলে	H0861	hbo:0861	fertility	1.0	3	eflomal
জমির ফলের	H1061	hbo:1061	fertility	1.0	2	eflomal
জলের জল	H4325	hbo:4325	fertility	1.0	2	eflomal
জাগো জাগো	H5782	hbo:5782	fertility	1.0	2	eflomal
জানতে পারল	G1921	grc:1921	fertility	1.0	3	eflomal
জানালাও খুলে	H0699	hbo:0699	fertility	1.0	2	eflomal
জানে না	G0050	grc:50	fertility	1.0	2	eflomal
জাবর কাটে	H1625	hbo:1625	fertility	1.0	9	eflomal
জাবর কাটে বটে	H1625	hbo:1625	fertility	1.0	2	eflomal
জাযগায জাযগায	G5117	grc:5117	fertility	1.0	3	eflomal
জাল ফেলছেন জেলে	G0231	grc:231	fertility	1.0	2	eflomal
জাহাজে পরবেশ	H8392	hbo:8392	fertility	1.0	2	eflomal
জিনিসপতর চুরি	G1283	grc:1283	fertility	1.0	2	eflomal
জীবন দেন	G2227	grc:2227	fertility	1.0	2	eflomal
জীবনত দিবয	H2416	hbo:2416	fertility	1.0	4	eflomal
জীবনত দিবযি	H2416	hbo:2416	fertility	1.0	30	eflomal
জীবনত পরাণী	G2226	grc:2226	fertility	1.0	5	eflomal
জীবনত পরাণীটি	G2226	grc:2226	fertility	1.0	2	eflomal
জীবনের দিবয	H2416	hbo:2416	fertility	1.0	3	eflomal
জীবিত দিবযি	H2416	hbo:2416	fertility	1.0	3	eflomal
জুতো পরো	H5275	hbo:5275	fertility	1.0	2	eflomal
জুতোর ফিতে	G5266	grc:5266	fertility	1.0	2	eflomal
জেগে ওঠ	G1127	grc:1127	fertility	1.0	2	eflomal
জেগে ওঠে	H6974	hbo:6974a	fertility	1.0	4	eflomal
জেগে থাক	G1127	grc:1127	fertility	1.0	7	eflomal
জেগে থাকতে	G1127	grc:1127	fertility	1.0	4	eflomal
জেগে থাকো	G1127	grc:1127	fertility	1.0	3	eflomal
জেলখানায বনদী	G5438	grc:5438	fertility	1.0	2	eflomal
জেলে বনদি	G5438	grc:5438	fertility	1.0	2	eflomal
জৈতুন পরবত	G3735	grc:3735	fertility	1.0	2	eflomal
জৈতুন পরবতে	G3735	grc:3735	fertility	1.0	5	eflomal
জোডায জোডায	H6776	hbo:6776	fertility	1.0	2	eflomal
জোযাল চাপিযে	H5923	hbo:5923	fertility	1.0	2	eflomal
জোরে চেঁচিযে	G2896	grc:2896	fertility	1.0	2	eflomal
টলতে টলতে	H5128	hbo:5128	fertility	1.0	3	eflomal
ডুমুর গাছের	H8384	hbo:8384	fertility	1.0	5	eflomal
ডেকে পাঠালেন	G3343	grc:3343	fertility	1.0	2	eflomal
ঢুকে দরশনরুটি	G4286	grc:4286	fertility	1.0	2	eflomal
ঢোকা মাতরই	G1531	grc:1531	fertility	1.0	2	eflomal
তবে নিরধারিত মূলয	H6187	hbo:6187	fertility	1.0	3	eflomal
তরিশটা মুদরা	G0694	grc:694	fertility	1.0	2	eflomal
তরুণ সিংহের	H3715	hbo:3715	fertility	1.0	2	eflomal
তাঁবু সথাপন	H2583	hbo:2583	fertility	1.0	3	eflomal
তাঁর রাজা	H4427	hbo:4427	fertility	1.0	9	eflomal
তাজা শীষ	H3759	hbo:3759a	fertility	1.0	2	eflomal
তাডীশূনয রুটি	H4682	hbo:4682	fertility	1.0	7	eflomal
তাডীশূনয রুটির	H4682	hbo:4682	fertility	1.0	4	eflomal
তাতেই দাস	G3816	grc:3816	fertility	1.0	2	eflomal
তারা ঠাটটা	G2606	grc:2606	fertility	1.0	3	eflomal
তারা দোষ	G2723	grc:2723	fertility	1.0	3	eflomal
তিন ভাগের একভাগ	G5154	grc:5154	fertility	1.0	5	eflomal
তুঁত গাছের	H1057	hbo:1057	fertility	1.0	2	eflomal
তুচছ সব	G1848	grc:1848	fertility	1.0	2	eflomal
তুলে ধরি	H5375	hbo:5375	fertility	1.0	2	eflomal
তুলে নেবেন	G0142	grc:142	fertility	1.0	2	eflomal
তূরী বাজাবার	G4537	grc:4537	fertility	1.0	2	eflomal
তূরী বাজাবে	H7782	hbo:7782	fertility	1.0	2	eflomal
তূরী বাদকেরা	H2689	hbo:2689	fertility	1.0	2	eflomal
তৃতীয বার	G5154	grc:5154	fertility	1.0	8	eflomal
তৃতীয মৃতযু	G5154	grc:5154	fertility	1.0	3	eflomal
তেতো শাকের	H4844	hbo:4844	fertility	1.0	2	eflomal
তৈরী জিনিসের	H4639	hbo:4639	fertility	1.0	2	eflomal
তোমাদের আছে	G2192	grc:2192	fertility	1.0	2	eflomal
তোমার আছে	G2192	grc:2192	fertility	1.0	3	eflomal
তোলা উপহার	H8641	hbo:8641	fertility	1.0	3	eflomal
তোলা উপহারের	H8641	hbo:8641	fertility	1.0	2	eflomal
থাকি কঠোর	G2292	grc:2292	fertility	1.0	2	eflomal
থেকে গোষঠী	H4940	hbo:4940	fertility	1.0	7	eflomal
থেকে গোষঠী থেকে	H4940	hbo:4940	fertility	1.0	2	eflomal
থেকেও মহান	G3173	grc:3173	fertility	1.0	2	eflomal
থেকেও মহৎ	G3173	grc:3173	fertility	1.0	2	eflomal
দকষিণ অঞচলে	H5045	hbo:5045	fertility	1.0	2	eflomal
দবারা মারা	H2491	hbo:2491	fertility	1.0	2	eflomal
দবিতীয শরেণীর	H4932	hbo:4932	fertility	1.0	3	eflomal
দরজা দরজার	H1817	hbo:1817	fertility	1.0	2	eflomal
দরজা পাহারা দিচছিলেন	G2377	grc:2377	fertility	1.0	2	eflomal
দরজায আঘাত	G2925	grc:2925	fertility	1.0	3	eflomal
দরজার পাহারাদার	H7778	hbo:7778	fertility	1.0	2	eflomal
দরিদরতা ডাকাতের	H7389	hbo:7389	fertility	1.0	2	eflomal
দশমাংশ আলাদা	H6237	hbo:6237	fertility	1.0	2	eflomal
দাঁডিযে থাকতে	G2476	grc:2476	fertility	1.0	3	eflomal
দাঁতে দাঁত	G3599	grc:3599	fertility	1.0	7	eflomal
দাথনের অবীরামের	H0048	hbo:0048	fertility	1.0	3	eflomal
দাযে পডবে	G1777	grc:1777	fertility	1.0	2	eflomal
দিকে মুখ	H6437	hbo:6437	fertility	1.0	5	eflomal
দিতে অসবীকার	H4513	hbo:4513	fertility	1.0	2	eflomal
দিনের লোকদের	G1074	grc:1074	fertility	1.0	2	eflomal
দিযে বযে	H5674	hbo:5674	fertility	1.0	2	eflomal
দিযে মুডিযে	H6823	hbo:6823	fertility	1.0	4	eflomal
দিযে মুডে	H6823	hbo:6823	fertility	1.0	9	eflomal
দীরঘদিন বেঁচে	H0748	hbo:0748	fertility	1.0	2	eflomal
দুঃখ কষটের	G2347	grc:2347	fertility	1.0	2	eflomal
দুঃখ সহয	G3958	grc:3958	fertility	1.0	11	eflomal
দুঃখের পানপাতর	G4221	grc:4221	fertility	1.0	2	eflomal
দুটি ফলক	H3871	hbo:3871	fertility	1.0	2	eflomal
দুযের ভাগের	H6241	hbo:6241	fertility	1.0	2	eflomal
দুযের ভাগের ভাগ	H6241	hbo:6241	fertility	1.0	2	eflomal
দুরনীতিগরসথ ইচছা	G1939	grc:1939	fertility	1.0	2	eflomal
দৃষটি ফিরে	G0308	grc:308	fertility	1.0	2	eflomal
দেখতে পাইনি	G2147	grc:2147	fertility	1.0	3	eflomal
দেখতে পাওযা	G2147	grc:2147	fertility	1.0	3	eflomal
দেখতে পাচছ	H7200	hbo:7200	fertility	1.0	2	eflomal
দেখতে পাচছে	G0991	grc:991	fertility	1.0	2	eflomal
দেখা পেল	G2147	grc:2147	fertility	1.0	2	eflomal
দেখে আতঙকিত	H2865	hbo:2865	fertility	1.0	2	eflomal
দেবদারু গাছের	H0730	hbo:0730	fertility	1.0	2	eflomal
দেযাল ঘেরা	H1208	hbo:1208	fertility	1.0	4	eflomal
দেশে দেশ	H0776	hbo:0776	fertility	1.0	2	eflomal
দোলনীয নৈবেদয	H8573	hbo:8573	fertility	1.0	2	eflomal
দোলনীয নৈবেদযের দোলালেন	H8573	hbo:8573	fertility	1.0	2	eflomal
দোষারথক উপহার	H0817	hbo:0817	fertility	1.0	4	eflomal
দোষারথক বলি	H0817	hbo:0817	fertility	1.0	3	eflomal
ধনুকে টান	H7198	hbo:7198	fertility	1.0	3	eflomal
ধরতে এসেছো	G4815	grc:4815	fertility	1.0	2	eflomal
ধরমগৃহে সাহসের	G3955	grc:3955	fertility	1.0	2	eflomal
ধরমময আদেশ	H4941	hbo:4941	fertility	1.0	3	eflomal
ধরমময আদেশের	H4941	hbo:4941	fertility	1.0	2	eflomal
ধরমে ধরমানতরিত	G4339	grc:4339	fertility	1.0	2	eflomal
ধারমিক বলে	G1344	grc:1344	fertility	1.0	5	eflomal
ধারমিক বলে গণয	G1344	grc:1344	fertility	1.0	7	eflomal
ধারমিক বলে চিহনিত	G1344	grc:1344	fertility	1.0	6	eflomal
ধারমিক বলে পরমাণিত	G1344	grc:1344	fertility	1.0	2	eflomal
ধূলোয পরবে	H6083	hbo:6083	fertility	1.0	2	eflomal
ধৈরযয পরীকষা	H3811	hbo:3811	fertility	1.0	2	eflomal
নগরে নগরে	H5892	hbo:5892	fertility	1.0	4	eflomal
নগরের দরজা	H8179	hbo:8179	fertility	1.0	3	eflomal
নগরের দরজায	H8179	hbo:8179	fertility	1.0	2	eflomal
নজরে চেযে	G0816	grc:816	fertility	1.0	3	eflomal
নজরে তাকিযে	G0816	grc:816	fertility	1.0	2	eflomal
নতুন আঙগুর রস	H8492	hbo:8492	fertility	1.0	5	eflomal
নতুন আঙগুর রসের	H8492	hbo:8492	fertility	1.0	2	eflomal
নতুন নিযম	G1242	grc:1242	fertility	1.0	3	eflomal
নতুন নিযমের	G1242	grc:1242	fertility	1.0	5	eflomal
নতুন রসের	H8492	hbo:8492	fertility	1.0	2	eflomal
নদীর সরোতের	H5158	hbo:5158	fertility	1.0	2	eflomal
নপুংসক দাসেরা	H5288	hbo:5288	fertility	1.0	2	eflomal
নবুখদ নিৎসর	H5019	hbo:5019	fertility	1.0	2	eflomal
নবূখদ নিৎসর	H5019	hbo:5019	fertility	1.0	6	eflomal
নবূখদ নিৎসরের	H5019	hbo:5019	fertility	1.0	3	eflomal
নযায বিচার	H4941	hbo:4941	fertility	1.0	2	eflomal
নানা ধরনের	G1243	grc:1243	fertility	1.0	3	eflomal
নামে আখযাত	G2564	grc:2564	fertility	1.0	2	eflomal
নামে গুলি উঠল	H1486	hbo:1486	fertility	1.0	2	eflomal
নামে পরিচিত	G2564	grc:2564	fertility	1.0	3	eflomal
নামে শপথ	H7650	hbo:7650	fertility	1.0	7	eflomal
নামের নাম	H8034	hbo:8034	fertility	1.0	3	eflomal
নিঃশেষে বিনষট	H2763	hbo:2763	fertility	1.0	2	eflomal
নিজেদেরকে অশুচি	H2930	hbo:2930	fertility	1.0	8	eflomal
নিজের ধুযে	H3526	hbo:3526	fertility	1.0	2	eflomal
নিজের ধোবে	H3526	hbo:3526	fertility	1.0	13	eflomal
নিজের পরাণকে	H5315	hbo:5315	fertility	1.0	2	eflomal
নিমরীমের শুকিযে	H5249	hbo:5249	fertility	1.0	2	eflomal
নিযম কানুনে	G3551	grc:3551	fertility	1.0	2	eflomal
নিযম ভেঙগেছে	H1285	hbo:1285	fertility	1.0	2	eflomal
নিযমগুলি পালন	H8104	hbo:8104	fertility	1.0	2	eflomal
নিযমের আদেশ	H5715	hbo:5715	fertility	1.0	13	eflomal
নিযমের আদেশের	H5715	hbo:5715	fertility	1.0	3	eflomal
নিযমের বিশবসততা	H2617	hbo:2617	fertility	1.0	3	eflomal
নিযমের বিশবসততার	H2617	hbo:2617	fertility	1.0	4	eflomal
নিযে নেবে	H3947	hbo:3947	fertility	1.0	2	eflomal
নিরদিষট পরবের	H4150	hbo:4150	fertility	1.0	2	eflomal
নিরদেশ দিচছি	G3853	grc:3853	fertility	1.0	2	eflomal
নিরদোষ চাই	H8549	hbo:8549	fertility	1.0	2	eflomal
নিরদোষ পশু	H8549	hbo:8549	fertility	1.0	2	eflomal
নিরদোষ বলে পরমাণিত	G1344	grc:1344	fertility	1.0	2	eflomal
নিরধারিত মূলয	H6187	hbo:6187	fertility	1.0	10	eflomal
নিরধারিত মূলযের	H6187	hbo:6187	fertility	1.0	3	eflomal
নিশচয জানি	G3982	grc:3982	fertility	1.0	2	eflomal
নিসতার পরবের	H6453	hbo:6453	fertility	1.0	2	eflomal
নিসতারপরবব পালন	H6453	hbo:6453	fertility	1.0	7	eflomal
নিসতারপরববের উৎসরগের	H6453	hbo:6453	fertility	1.0	2	eflomal
নিসতারপরববের ভোজ	G3957	grc:3957	fertility	1.0	8	eflomal
নীচু পাহাডী	H8219	hbo:8219	fertility	1.0	4	eflomal
নীচে নামিযে	H3381	hbo:3381	fertility	1.0	2	eflomal
নীচে নেমে	H3381	hbo:3381	fertility	1.0	3	eflomal
নীনবীতে মহানগরে	H5210	hbo:5210	fertility	1.0	2	eflomal
নূতন টাটকা	G3501	grc:3501	fertility	1.0	3	eflomal
নেকডে বাঘ	H2061	hbo:2061	fertility	1.0	3	eflomal
নেচে নেচে	H4246	hbo:4246	fertility	1.0	2	eflomal
নেমে আসবেন	H3381	hbo:3381	fertility	1.0	3	eflomal
নেরের নের	H5369	hbo:5369	fertility	1.0	2	eflomal
পকষাঘাতী রোগীকে	G3885	grc:3885	fertility	1.0	4	eflomal
পদদন অরাম	H6307	hbo:6307	fertility	1.0	3	eflomal
পদদন অরামে	H6307	hbo:6307	fertility	1.0	7	eflomal
পদাহসূরের গমলীযেল	H1583	hbo:1583	fertility	1.0	4	eflomal
পবিতর জাযগা	H4720	hbo:4720	fertility	1.0	9	eflomal
পবিতর বসতু	H6944	hbo:6944	fertility	1.0	13	eflomal
পবিতর মানয	H6942	hbo:6942	fertility	1.0	2	eflomal
পবিতর সথান	H4720	hbo:4720	fertility	1.0	4	eflomal
পবিতর সথানকে	H4720	hbo:4720	fertility	1.0	2	eflomal
পবিতর সথানে	H4720	hbo:4720	fertility	1.0	3	eflomal
পরচণড রাগে	H0639	hbo:0639	fertility	1.0	3	eflomal
পরচণড রেগে	H7107	hbo:7107	fertility	1.0	3	eflomal
পরচুর লোক	G3793	grc:3793	fertility	1.0	3	eflomal
পরতযেক জন	H0376	hbo:0376	fertility	1.0	3	eflomal
পরতি অনযায	G0091	grc:91	fertility	1.0	2	eflomal
পরতি অনুগরহ	H2603	hbo:2603	fertility	1.0	4	eflomal
পরতি কৃপা	H2603	hbo:2603	fertility	1.0	3	eflomal
পরতি দযা করুন	G1653	grc:1653	fertility	1.0	6	eflomal
পরতিও রেগে	H0599	hbo:0599	fertility	1.0	2	eflomal
পরতিজঞা করেছেন	G1861	grc:1861	fertility	1.0	3	eflomal
পরতিমা পূজারী	G1496	grc:1496	fertility	1.0	3	eflomal
পরতিমার পরসাদ	G1494	grc:1494	fertility	1.0	4	eflomal
পরতিশোধ নেওযার	H5360	hbo:5360	fertility	1.0	2	eflomal
পরথম অগরিমাংশ	H7225	hbo:7225	fertility	1.0	2	eflomal
পরদা একে	H3407	hbo:3407	fertility	1.0	2	eflomal
পরদা টাঙগিযে	H4539	hbo:4539	fertility	1.0	4	eflomal
পরদার যতন	H4539	hbo:4539	fertility	1.0	2	eflomal
পরদেশের অংশের	H6418	hbo:6418a	fertility	1.0	5	eflomal
পরধান করমচারী পদ	G3622	grc:3622	fertility	1.0	2	eflomal
পরধান যাজক	G0749	grc:749	fertility	1.0	5	eflomal
পরধান যাজকগণ	G0749	grc:749	fertility	1.0	3	eflomal
পরধান যাজকদের	G0749	grc:749	fertility	1.0	16	eflomal
পরধান যাজকরা	G0749	grc:749	fertility	1.0	6	eflomal
পরধান যাজকেরা	G0749	grc:749	fertility	1.0	25	eflomal
পরবতময পরদেশে	H2022	hbo:2022	fertility	1.0	2	eflomal
পরবল উতসাহী	G2206	grc:2206	fertility	1.0	2	eflomal
পরবাদের উপহাসের	H4912	hbo:4912	fertility	1.0	2	eflomal
পরবেশ দরজায	H6607	hbo:6607	fertility	1.0	4	eflomal
পরবেশ দরজার	H6607	hbo:6607	fertility	1.0	5	eflomal
পরমপরাগত নিযম কানুনের	G3862	grc:3862	fertility	1.0	3	eflomal
পরযনত গেল	H8444	hbo:8444	fertility	1.0	2	eflomal
পরশংসা গান	H2167	hbo:2167	fertility	1.0	4	eflomal
পরশন জিজঞাসা	G2065	grc:2065	fertility	1.0	2	eflomal
পরসথ হাত	H7341	hbo:7341	fertility	1.0	2	eflomal
পরাণীর মাংস	G4156	grc:4156	fertility	1.0	2	eflomal
পরাণের শপথ	H2416	hbo:2416	fertility	1.0	2	eflomal
পরাথমিক শিকষার	G4747	grc:4747	fertility	1.0	3	eflomal
পরিপূরণ শেকল পরিমাপের	H4392	hbo:4392	fertility	1.0	11	eflomal
পরিমাপ পরিমাপ	G3354	grc:3354	fertility	1.0	3	eflomal
পরিয অপরিয	H0157	hbo:0157	fertility	1.0	2	eflomal
পরিয বনধুরা	G0027	grc:27	fertility	1.0	4	eflomal
পরীকষা জনয	G3985	grc:3985	fertility	1.0	2	eflomal
পরের দিন	H4283	hbo:4283	fertility	1.0	4	eflomal
পশচিম দিক	H4628	hbo:4628	fertility	1.0	3	eflomal
পশচিম দিকের	H4628	hbo:4628	fertility	1.0	2	eflomal
পশু চডানোর মাঠ	H4054	hbo:4054	fertility	1.0	4	eflomal
পশু চরাবার মাঠ	H4054	hbo:4054	fertility	1.0	2	eflomal
পশু চরাবার মাঠের	H4054	hbo:4054	fertility	1.0	2	eflomal
পসুরী বিকরি	H5429	hbo:5429	fertility	1.0	3	eflomal
পাঁচ হাজার	G4000	grc:4000	fertility	1.0	6	eflomal
পাওনা অংশ	H4521	hbo:4521	fertility	1.0	2	eflomal
পাওযা গেল	G2147	grc:2147	fertility	1.0	3	eflomal
পাকা চুল	H7872	hbo:7872	fertility	1.0	2	eflomal
পাথরের ফলক	H3871	hbo:3871	fertility	1.0	4	eflomal
পাথরের সতমভ	H4676	hbo:4676	fertility	1.0	2	eflomal
পাথুরে ঠিকমত মাটি	G4075	grc:4075	fertility	1.0	2	eflomal
পানীয নৈবেদয	H5262	hbo:5262	fertility	1.0	2	eflomal
পানীয পরিবেশকদের	H4945	hbo:4945	fertility	1.0	2	eflomal
পাপের দেবেন	H2403	hbo:2403	fertility	1.0	3	eflomal
পাপের বলি	H2403	hbo:2403	fertility	1.0	14	eflomal
পাপের বলিদান	H2403	hbo:2403	fertility	1.0	2	eflomal
পাপের বলিরূপে	H2403	hbo:2403	fertility	1.0	4	eflomal
পাযের চাদর	H4772	hbo:4772	fertility	1.0	2	eflomal
পাযের তলায	G4228	grc:4228	fertility	1.0	3	eflomal
পাযের শিরা	H6131	hbo:6131	fertility	1.0	3	eflomal
পারবতয অঞচলে	H2022	hbo:2022	fertility	1.0	2	eflomal
পারে অবসথিত	H5676	hbo:5676	fertility	1.0	2	eflomal
পাশে কাঁটার	H6654	hbo:6654	fertility	1.0	2	eflomal
পাশের কাঠামোর	H4526	hbo:4526	fertility	1.0	2	eflomal
পাহাডি অঞচল	H2022	hbo:2022	fertility	1.0	2	eflomal
পাহাডি অঞচলে	H2022	hbo:2022	fertility	1.0	6	eflomal
পাহাডি পরদেশের	H2022	hbo:2022	fertility	1.0	2	eflomal
পাহাডি পালিযে	G5343	grc:5343	fertility	1.0	2	eflomal
পাহাডী অঞচলে	H2022	hbo:2022	fertility	1.0	2	eflomal
পাহারাদার সৈনযদলকে	H5333	hbo:5333	fertility	1.0	2	eflomal
পিছন তাডা	H7291	hbo:7291	fertility	1.0	3	eflomal
পিছন পিছন	G0190	grc:190	fertility	1.0	11	eflomal
পিছন পিছন তাডা	H7291	hbo:7291	fertility	1.0	2	eflomal
পিছন ফিরিযেছে	H6203	hbo:6203	fertility	1.0	2	eflomal
পিছনে আসছিল	G0190	grc:190	fertility	1.0	2	eflomal
পিছনে তাডা	H7291	hbo:7291	fertility	1.0	3	eflomal
পিছনের অংশের	H3411	hbo:3411	fertility	1.0	2	eflomal
পিথোন মেলক	H6377	hbo:6377	fertility	1.0	2	eflomal
পিপাসা পাবে	G1372	grc:1372	fertility	1.0	3	eflomal
পিপাসা পেযেছে	G1372	grc:1372	fertility	1.0	2	eflomal
পিপাসা মিটাবার	H6772	hbo:6772	fertility	1.0	2	eflomal
পুরনো তালি	H1087	hbo:1087	fertility	1.0	2	eflomal
পুরাতন পাথর সরিও	H5472	hbo:5472	fertility	1.0	2	eflomal
পুরানো শসয	H3465	hbo:3465	fertility	1.0	4	eflomal
পুরুষ দযা	H2617	hbo:2617	fertility	1.0	2	eflomal
পুরুষাংঙগের সামনের চামডা	H6190	hbo:6190	fertility	1.0	2	eflomal
পুরুষানুকরমে পালনীয	H1755	hbo:1755	fertility	1.0	7	eflomal
পুরোপুরি ঝুডি ভরতি	G4711	grc:4711	fertility	1.0	2	eflomal
পূজার উঁচু	H1116	hbo:1116	fertility	1.0	2	eflomal
পূজার উঁচু সথান	H1116	hbo:1116	fertility	1.0	2	eflomal
পূরণ ঝুডি	G2894	grc:2894	fertility	1.0	3	eflomal
পূরব দিক	G0395	grc:395	fertility	1.0	4	eflomal
পূরব দিকে	H4217	hbo:4217	fertility	1.0	13	eflomal
পূরব দিকের	H4217	hbo:4217	fertility	1.0	4	eflomal
পূরবপুরুষদের পিতা	H0001	hbo:0001	fertility	1.0	9	eflomal
পূরবীয বাযু	H6921	hbo:6921	fertility	1.0	2	eflomal
পেছন পেছন	G0190	grc:190	fertility	1.0	4	eflomal
পেছনে দৌডবে	H7291	hbo:7291	fertility	1.0	2	eflomal
পেছনে পেছনে	G0190	grc:190	fertility	1.0	4	eflomal
পেয নৈবেদয নিবেদন	H5262	hbo:5262	fertility	1.0	2	eflomal
পেলগ বিভাগ	H6389	hbo:6389	fertility	1.0	2	eflomal
পোডাবে আগুনে	H0801	hbo:0801	fertility	1.0	2	eflomal
পোশাক পর	H3847	hbo:3847	fertility	1.0	2	eflomal
পোশাক পরুক	H3847	hbo:3847	fertility	1.0	2	eflomal
ফরাৎ নদী	H5104	hbo:5104	fertility	1.0	3	eflomal
ফরাৎ নদীর	H5104	hbo:5104	fertility	1.0	8	eflomal
ফলকে খোদাই	H3871	hbo:3871	fertility	1.0	2	eflomal
ফলবান বহুবংশ	H6509	hbo:6509	fertility	1.0	4	eflomal
ফলের রস	G1081	grc:1081	fertility	1.0	2	eflomal
ফাঁসিকাঠে ঝুলানো	H8518	hbo:8518	fertility	1.0	2	eflomal
ফিরিযে আনে	G1994	grc:1994	fertility	1.0	2	eflomal
ফিরে আস	H7725	hbo:7725	fertility	1.0	2	eflomal
ফিরে আসব	H7725	hbo:7725	fertility	1.0	9	eflomal
ফিরে আসবেন	H7725	hbo:7725	fertility	1.0	2	eflomal
ফিরে আসি	H7725	hbo:7725	fertility	1.0	2	eflomal
ফিরে আসে	G1994	grc:1994	fertility	1.0	3	eflomal
ফেলবার চেষটা	H1245	hbo:1245	fertility	1.0	6	eflomal
ফেলার চেষটা	G2212	grc:2212	fertility	1.0	2	eflomal
বংশ তালিকায লেখা	H3187	hbo:3187	fertility	1.0	2	eflomal
বংশাবলি লেখা	H3187	hbo:3187	fertility	1.0	2	eflomal
বংশে অভাব	H3772	hbo:3772	fertility	1.0	2	eflomal
বংশের অধিকার	H4294	hbo:4294	fertility	1.0	15	eflomal
বইটিতে লেখা	H3789	hbo:3789	fertility	1.0	8	eflomal
বউরা জাহাজে পরবেশ	H8392	hbo:8392	fertility	1.0	2	eflomal
বছরের একের	H3532	hbo:3532	fertility	1.0	2	eflomal
বড বড	G3117,G3173	grc:3117,grc:3173	phrasal	1.0	7	eflomal;gloss
বড হওযার অধিকার	H1062	hbo:1062	fertility	1.0	3	eflomal
বনধকী জিনিস	H5667	hbo:5667	fertility	1.0	4	eflomal
বনায যোযাবকে	H1141	hbo:1141a	fertility	1.0	2	eflomal
বযকতিই উততরাধিকারী	G2818	grc:2818	fertility	1.0	2	eflomal
বযবসথা গুরু	G3547	grc:3547	fertility	1.0	2	eflomal
বযবসথার গুরু	G3544	grc:3544	fertility	1.0	4	eflomal
বযবসথার গুরুরা	G3544	grc:3544	fertility	1.0	3	eflomal
বযবসথার শিকষক	G1122	grc:1122	fertility	1.0	6	eflomal
বযবসথার শিকষকদের	G1122	grc:1122	fertility	1.0	9	eflomal
বযবসথার শিকষকরা	G1122	grc:1122	fertility	1.0	9	eflomal
বযবসথার শিকষকেরা	G1122	grc:1122	fertility	1.0	20	eflomal
বযবসা বাণিজয	H5503	hbo:5503	fertility	1.0	2	eflomal
বযবহার জানত	H1869	hbo:1869	fertility	1.0	2	eflomal
বযভিচারী মহিলার	H2181	hbo:2181	fertility	1.0	2	eflomal
বরণনা লিখে	H3789	hbo:3789	fertility	1.0	3	eflomal
বললেন এই	H0559	hbo:0559	fertility	1.0	3	eflomal
বললেন বলছি	G3004	grc:3004	fertility	1.0	3	eflomal
বলিদান উৎসরগ	H2076	hbo:2076	fertility	1.0	2	eflomal
বলেন যেমন	H5002	hbo:5002	fertility	1.0	2	eflomal
বাঁকা গাছগুলোর	H1057	hbo:1057	fertility	1.0	2	eflomal
বাইরে কবর	G2290	grc:2290	fertility	1.0	2	eflomal
বাইরে গেলেন	G1831	grc:1831	fertility	1.0	2	eflomal
বাইরে চলে	G1831	grc:1831	fertility	1.0	2	eflomal
বাইরে যাবার	H3318	hbo:3318	fertility	1.0	2	eflomal
বাকযে পরতিজঞা	H0565	hbo:0565	fertility	1.0	2	eflomal
বাকি অংশকে	H7611	hbo:7611	fertility	1.0	3	eflomal
বাকি কাজের	H3499	hbo:3499	fertility	1.0	6	eflomal
বাকি থাকল	H7604	hbo:7604	fertility	1.0	2	eflomal
বাণিজযদরবযের বিনিময	H4627	hbo:4627	fertility	1.0	3	eflomal
বাতাস বযে	G4154	grc:4154	fertility	1.0	2	eflomal
বাতিদানের উপরেই	G3087	grc:3087	fertility	1.0	2	eflomal
বাধা হোঁচট খাওযার	H4383	hbo:4383	fertility	1.0	3	eflomal
বাপতিষম দিচছি	G0907	grc:907	fertility	1.0	2	eflomal
বাপতিষম নিতে	G0907	grc:907	fertility	1.0	5	eflomal
বাপতিষম নিযেছ	G0907	grc:907	fertility	1.0	3	eflomal
বাপতিষম নিযেছি	G0907	grc:907	fertility	1.0	2	eflomal
বাপতিষম নিল	G0907	grc:907	fertility	1.0	5	eflomal
বাবা মা	G1118	grc:1118	fertility	1.0	4	eflomal
বাবার পিতা	H0001	hbo:0001	fertility	1.0	2	eflomal
বাযনা হিসাবে	G0728	grc:728	fertility	1.0	2	eflomal
বাল দেবতার ফেলল	H1168	hbo:1168	fertility	1.0	2	eflomal
বালক বালিকা	H2945	hbo:2945	fertility	1.0	2	eflomal
বাশনের ওগের	H5747	hbo:5747	fertility	1.0	4	eflomal
বাসা বাঁধে	H7077	hbo:7077	fertility	1.0	2	eflomal
বিকরি করছিল	G4453	grc:4453	fertility	1.0	2	eflomal
বিকাল তিনটের	G1766	grc:1766	fertility	1.0	3	eflomal
বিচার নযায	H4941	hbo:4941	fertility	1.0	2	eflomal
বিচার নিষপনন	H8201	hbo:8201	fertility	1.0	2	eflomal
বিচারসিদধ শাসতি	H8201	hbo:8201	fertility	1.0	2	eflomal
বিছানা তুলে	G0142	grc:142	fertility	1.0	2	eflomal
বিজয যাতরা	G2358	grc:2358	fertility	1.0	2	eflomal
বিদযুতের ঝলক	H0216	hbo:0216	fertility	1.0	3	eflomal
বিধি বযবসথা	H2706	hbo:2706	fertility	1.0	2	eflomal
বিন হিননোম উপতযকায	H1516	hbo:1516a	fertility	1.0	4	eflomal
বিপদ ঘটে	H0611	hbo:0611	fertility	1.0	4	eflomal
বিপরীত আচরণ	H7147	hbo:7147	fertility	1.0	6	eflomal
বিবাদিন বনদিনী	H4079	hbo:4079	fertility	1.0	3	eflomal
বিভিনন দলে	H4256	hbo:4256	fertility	1.0	2	eflomal
বিভিনন দলের	H4256	hbo:4256	fertility	1.0	3	eflomal
বিযে বাডির	G1062	grc:1062	fertility	1.0	2	eflomal
বিযে রকষা	G1817	grc:1817	fertility	1.0	2	eflomal
বিযের ভোজ	G1062	grc:1062	fertility	1.0	2	eflomal
বিযের ভোজে	G1062	grc:1062	fertility	1.0	4	eflomal
বিরাটাকার সাপের	G1404	grc:1404	fertility	1.0	3	eflomal
বিরুদধাচারী আসছ	H4784	hbo:4784	fertility	1.0	2	eflomal
বিরুদধে কিসব বলছে	G2649	grc:2649	fertility	1.0	2	eflomal
বিশবসত চুকতি	H2617	hbo:2617	fertility	1.0	2	eflomal
বিশবসত বিধি	H2617	hbo:2617	fertility	1.0	4	eflomal
বিশবসততার চুকতি	H2617	hbo:2617	fertility	1.0	2	eflomal
বিশবসততার নিযম	H2617	hbo:2617	fertility	1.0	32	eflomal
বিশবসততার বিধি	H2617	hbo:2617	fertility	1.0	5	eflomal
বিশবসততার বিধির	H2617	hbo:2617	fertility	1.0	5	eflomal
বিশবাসঘাতকতা করবে	G3860	grc:3860	fertility	1.0	6	eflomal
বিশবাসঘাতকতা বিশবাসঘাতকতা	H7195	hbo:7195	fertility	1.0	2	eflomal
বিশবাসের উতস	H0986	hbo:0986	fertility	1.0	2	eflomal
বিশরামের জাযগা	H4496	hbo:4496	fertility	1.0	4	eflomal
বিশেষ বিশেষ ভাষা	G1100	grc:1100	fertility	1.0	4	eflomal
বিশেষ বিশেষ ভাষায	G1100	grc:1100	fertility	1.0	4	eflomal
বিশেষ ভাষায	G1100	grc:1100	fertility	1.0	6	eflomal
বিষাকত সাপ	H8314	hbo:8314	fertility	1.0	2	eflomal
বীণা বাজাতে	H5059	hbo:5059	fertility	1.0	2	eflomal
বীণা সুরবাহার	H3658	hbo:3658	fertility	1.0	2	eflomal
বীণার গান	H3658	hbo:3658	fertility	1.0	2	eflomal
বুক চাপডাতে চাপডাতে	G4738	grc:4738	fertility	1.0	2	eflomal
বুক রকষার পোষাক	G2382	grc:2382	fertility	1.0	2	eflomal
বুকে বেলট	G2223	grc:2223	fertility	1.0	2	eflomal
বুকে হেঁটে চলা	H8318	hbo:8318	fertility	1.0	2	eflomal
বুঝতে পারছ	G1097	grc:1097	fertility	1.0	2	eflomal
বুঝতে পারছি	G1492	grc:1492	fertility	1.0	2	eflomal
বুঝিযে দেয	G1329	grc:1329	fertility	1.0	2	eflomal
বুডো আঙগুলে	H0931	hbo:0931	fertility	1.0	6	eflomal
বুডো আঙগুলের	H0931	hbo:0931	fertility	1.0	3	eflomal
বুদধিতে বিদযায	H8394	hbo:8394	fertility	1.0	2	eflomal
বুদধির পরিচয	H7919	hbo:7919	fertility	1.0	3	eflomal
বুনো গাধার	H6501	hbo:6501	fertility	1.0	2	eflomal
বৃকষদের দুলতে	H5128	hbo:5128	fertility	1.0	3	eflomal
বৃথাই আরাধনা	G4576	grc:4576	fertility	1.0	2	eflomal
বৃদধ নেতাদের	H2205	hbo:2205	fertility	1.0	4	eflomal
বৃদধ বযসে	H2209	hbo:2209	fertility	1.0	2	eflomal
বৃষটি বরষণ	H4305	hbo:4305	fertility	1.0	2	eflomal
বেগুনী রঙের	H0713	hbo:0713	fertility	1.0	2	eflomal
বেডায দুপুরবেলায	H6672	hbo:6672a	fertility	1.0	2	eflomal
বেতন সবরূপ	H7939	hbo:7939	fertility	1.0	2	eflomal
বের লহয রযী	H0883	hbo:0883	fertility	1.0	2	eflomal
বেরিযে গেলেন	G1831	grc:1831	fertility	1.0	2	eflomal
বেশি জঞানবান	H2449	hbo:2449	fertility	1.0	2	eflomal
বেশী পাপ	H4603	hbo:4603	fertility	1.0	2	eflomal
বৈৎ শেমশের বৈৎ	H1053	hbo:1053	fertility	1.0	2	eflomal
বৈৎফগী গরামে	G0967	grc:967	fertility	1.0	2	eflomal
বৈৎলেহমের কাছের	H1035	hbo:1035	fertility	1.0	3	eflomal
বোঝা হই	G1912	grc:1912	fertility	1.0	2	eflomal
বোনা যায	G4687	grc:4687	fertility	1.0	5	eflomal
বোনের সীহোন	H5511	hbo:5511	fertility	1.0	3	eflomal
ভকষয নৈবেদযের	H4503	hbo:4503	fertility	1.0	17	eflomal
ভবিষযৎ বকতা	G4396	grc:4396	fertility	1.0	3	eflomal
ভবিষযৎ বকতারা	G4396	grc:4396	fertility	1.0	2	eflomal
ভাইযেরা বোনেরা	G0080	grc:80	fertility	1.0	5	eflomal
ভাটীর ছাই	H6368	hbo:6368	fertility	1.0	2	eflomal
ভানডারের ভার	H0214	hbo:0214	fertility	1.0	3	eflomal
ভাববাণী পরচার	H5012	hbo:5012	fertility	1.0	8	eflomal
ভাববাণী বল	H5012	hbo:5012	fertility	1.0	11	eflomal
ভাববাণী বলছে	H5012	hbo:5012	fertility	1.0	3	eflomal
ভাববাণী বলতে	G4395	grc:4395	fertility	1.0	2	eflomal
ভাববানী পরচার	H5012	hbo:5012	fertility	1.0	2	eflomal
ভারুই পাখি	H7958	hbo:7958	fertility	1.0	3	eflomal
ভিততি গাঁথা	H3245	hbo:3245	fertility	1.0	3	eflomal
ভিততি সথাপন	H3245	hbo:3245	fertility	1.0	2	eflomal
ভিতরে পরবেশ	H0935	hbo:0935	fertility	1.0	2	eflomal
ভিতরে যায	G1531	grc:1531	fertility	1.0	4	eflomal
ভুলে গিযেছিলেন	G1950	grc:1950	fertility	1.0	2	eflomal
ভুলে গেছ	H7911	hbo:7911	fertility	1.0	6	eflomal
ভুলে যাই	H7911	hbo:7911	fertility	1.0	6	eflomal
ভেঙে টুকরো	H7665	hbo:7665	fertility	1.0	2	eflomal
ভেঙে ফেলব	H7665	hbo:7665	fertility	1.0	6	eflomal
ভেডা ভেডা	H3532	hbo:3532	fertility	1.0	2	eflomal
ভেডাদের লোমকাটা	H1494	hbo:1494	fertility	1.0	2	eflomal
ভেডার পালকে	H6629	hbo:6629	fertility	1.0	3	eflomal
ভেডার বাচচার	H3532	hbo:3532	fertility	1.0	6	eflomal
ভেদে দলপতি	H0441	hbo:0441	fertility	1.0	2	eflomal
ভোরে ঘুম	H7925	hbo:7925	fertility	1.0	2	eflomal
মগদলীনী মরিযম	G3137	grc:3137	fertility	1.0	5	eflomal
মঙগলারথক উৎসরগ	H8002	hbo:8002	fertility	1.0	2	eflomal
মঙগলারথক বলির	H8002	hbo:8002	fertility	1.0	7	eflomal
মঙগলের বলি	H8002	hbo:8002	fertility	1.0	2	eflomal
মঙগলের বলির	H8002	hbo:8002	fertility	1.0	2	eflomal
মধযেই ধবংস	G2049	grc:2049	fertility	1.0	2	eflomal
মনঃশি গোষঠীর	H4519	hbo:4519	fertility	1.0	3	eflomal
মনদির ফেল	G3485	grc:3485	fertility	1.0	2	eflomal
মসীনা কাপড	G1039	grc:1039	fertility	1.0	4	eflomal
মসীনার পরা	H0906	hbo:0906	fertility	1.0	2	eflomal
মহলা নোযা	H4244	hbo:4244	fertility	1.0	2	eflomal
মহলোন কিলিযোন	H4248	hbo:4248	fertility	1.0	2	eflomal
মহসেযের নেরিযের	H5374	hbo:5374	fertility	1.0	2	eflomal
মহান মহান	G3173	grc:3173	fertility	1.0	2	eflomal
মহান সরবশকতিমান ঈশবরের	G5310	grc:5310	fertility	1.0	4	eflomal
মহাপবিতর সথানের	H1687	hbo:1687	fertility	1.0	2	eflomal
মহারাজ আপনি	H4430	hbo:4430	fertility	1.0	2	eflomal
মহাশবদকারী তূরী	H7782	hbo:7782	fertility	1.0	4	eflomal
মহিমা কীরতন	G3170	grc:3170	fertility	1.0	2	eflomal
মাথা ঠেকিযে পরণাম	H7812	hbo:7812a	fertility	1.0	2	eflomal
মাথা নত	H7812	hbo:7812a	fertility	1.0	6	eflomal
মাথা নিচু	H7812	hbo:7812a	fertility	1.0	4	eflomal
মাথা নীচু	H7812	hbo:7812a	fertility	1.0	2	eflomal
মাথার তালু	H6936	hbo:6936	fertility	1.0	2	eflomal
মানুষ খুন	G5407	grc:5407	fertility	1.0	3	eflomal
মানুষ হতযা	G5407	grc:5407	fertility	1.0	2	eflomal
মাযের গরভে	H0990	hbo:0990	fertility	1.0	2	eflomal
মারা গেছে	G2837	grc:2837	fertility	1.0	2	eflomal
মারা গেছেন	G2348	grc:2348	fertility	1.0	3	eflomal
মালবাহী গাডি	H5699	hbo:5699	fertility	1.0	2	eflomal
মাসে মাসের	H2320	hbo:2320	fertility	1.0	5	eflomal
মাসের দিনের	H2320	hbo:2320	fertility	1.0	3	eflomal
মিথযা বলবার	H8267	hbo:8267	fertility	1.0	4	eflomal
মিথযা বলবেন	H3576	hbo:3576	fertility	1.0	2	eflomal
মিথযে বললে	G5574	grc:5574	fertility	1.0	2	eflomal
মিসতরীরা অগরাহয	G0593	grc:593	fertility	1.0	2	eflomal
মীখায আপনি	H4321	hbo:4321	fertility	1.0	2	eflomal
মীখাযের গালে	H3895	hbo:3895	fertility	1.0	2	eflomal
মুকতিদাতা জঞাতি	H1350	hbo:1350	fertility	1.0	3	eflomal
মুখে থুথু	G1716	grc:1716	fertility	1.0	2	eflomal
মূরততি নাম	G1504	grc:1504	fertility	1.0	2	eflomal
মূলয নিরধারন	H6186	hbo:6186	fertility	1.0	2	eflomal
মেরে ফেলবার	G0615	grc:615	fertility	1.0	2	eflomal
মেরে ফেলবে	G0615	grc:615	fertility	1.0	3	eflomal
মেরে ফেলা হযেছিল	G4969	grc:4969	fertility	1.0	3	eflomal
মেরে ফেলার জনয	G0337	grc:337	fertility	1.0	2	eflomal
মেরে ফেলেছি	H2026	hbo:2026	fertility	1.0	2	eflomal
মেশানো এক	H1101	hbo:1101	fertility	1.0	2	eflomal
মোটাসোটা গরু	H6510	hbo:6510	fertility	1.0	2	eflomal
মোটাসোটা বাছুর	H4806	hbo:4806	fertility	1.0	5	eflomal
মোরগ উঠল	G0220	grc:220	fertility	1.0	4	eflomal
মোলক দেবের	H4432	hbo:4432	fertility	1.0	5	eflomal
মোহর সুতো	H6616	hbo:6616	fertility	1.0	2	eflomal
যতনসহকারে পালন	H8104	hbo:8104	fertility	1.0	6	eflomal
যতনের পালন	H8104	hbo:8104	fertility	1.0	2	eflomal
যনতরণা মাতর	G5604	grc:5604	fertility	1.0	2	eflomal
যরদদন নদীতে	G2446	grc:2446	fertility	1.0	2	eflomal
যরদদন নদীর	G2446	grc:2446	fertility	1.0	2	eflomal
যহসিযেল গূনি	H1476	hbo:1476	fertility	1.0	2	eflomal
যাঁর বাহিনীগণের	H6635	hbo:6635	fertility	1.0	3	eflomal
যাজক সেবা	H3547	hbo:3547	fertility	1.0	2	eflomal
যাজকের কাজ	H3547	hbo:3547	fertility	1.0	6	eflomal
যাবেশ গিলিযদ	H3003	hbo:3003b	fertility	1.0	4	eflomal
যাবেশ গিলিযদের	H3003	hbo:3003b	fertility	1.0	5	eflomal
যারা ভয	H3373	hbo:3373	fertility	1.0	2	eflomal
যারা সমমান	H3373	hbo:3373	fertility	1.0	10	eflomal
যাসিযের বিনো	H3269	hbo:3269	fertility	1.0	2	eflomal
যিতরীয যিতরীয	H3505	hbo:3505	fertility	1.0	2	eflomal
যিনি পাঠিযেছেন	G3992	grc:3992	fertility	1.0	19	eflomal
যিরূশালেম যিরূশালেম	G2419	grc:2419	fertility	1.0	2	eflomal
যিহিষকিযের আটেরের	H0333	hbo:0333	fertility	1.0	2	eflomal
যিহূদার পুতর	G2455	grc:2455	fertility	1.0	2	eflomal
যিহূদী যিহূদী	G2453	grc:2453	fertility	1.0	2	eflomal
যুগের লোকদের	G1074	grc:1074	fertility	1.0	5	eflomal
যুদধে জযের	H1369	hbo:1369	fertility	1.0	5	eflomal
যুদধের সাজ	G3833	grc:3833	fertility	1.0	2	eflomal
যুবতী দাসীদের	H5291	hbo:5291	fertility	1.0	2	eflomal
যোঁযাল হালকা	H5923	hbo:5923	fertility	1.0	2	eflomal
যোনার পরচারে	G2495	grc:2495	fertility	1.0	2	eflomal
রকতবরণ সুতো	H8144	hbo:8144	fertility	1.0	2	eflomal
রকতের শোধ	H1818	hbo:1818	fertility	1.0	2	eflomal
রকষা পালন	H8104	hbo:8104	fertility	1.0	2	eflomal
রহোবের হদদেষর	H7340	hbo:7340	fertility	1.0	2	eflomal
রাগে জবলে	H0639	hbo:0639	fertility	1.0	4	eflomal
রাজতব করেছিলেন	H4427	hbo:4427	fertility	1.0	12	eflomal
রাজতব শুরু	H4427	hbo:4427	fertility	1.0	17	eflomal
রাজতব শুরু করেছিলেন	H4427	hbo:4427	fertility	1.0	9	eflomal
রাজতবের দিনের	H3117	hbo:3117	fertility	1.0	2	eflomal
রাজতবের বছরে	H8141	hbo:8141	fertility	1.0	8	eflomal
রাজসব মাশুল	H1093	hbo:1093	fertility	1.0	2	eflomal
রাজি হলেন	H0014	hbo:0014	fertility	1.0	12	eflomal
রাতের খাবারের	G1173	grc:1173	fertility	1.0	2	eflomal
রাতের বেলা	H3915	hbo:3915	fertility	1.0	8	eflomal
রাতের বেলায	H3915	hbo:3915	fertility	1.0	7	eflomal
রামোৎ গিলিযদ	H7433	hbo:7433	fertility	1.0	8	eflomal
রামোৎ গিলিযদে	H7433	hbo:7433	fertility	1.0	7	eflomal
রামোৎ গিলিযদের যাব	H7433	hbo:7433	fertility	1.0	4	eflomal
রাযা রাযার	H7211	hbo:7211	fertility	1.0	2	eflomal
রূপানতরীকৃত হব	G0236	grc:236	fertility	1.0	2	eflomal
রোতম গাছের	H7574	hbo:7574	fertility	1.0	2	eflomal
লজজাজনক আচরণ	H2154	hbo:2154	fertility	1.0	2	eflomal
লজজার জনয	G1791	grc:1791	fertility	1.0	2	eflomal
লমবা চুল রাখে	G2863	grc:2863	fertility	1.0	2	eflomal
লাঠি নিযে	G3586	grc:3586	fertility	1.0	4	eflomal
লালন পালন	G2282	grc:2282	fertility	1.0	2	eflomal
লিখিত বিধি	H3789	hbo:3789	fertility	1.0	2	eflomal
লিঙগের চামডা	H6190	hbo:6190	fertility	1.0	2	eflomal
লিনেন কাপডগুলি	G3608	grc:3608	fertility	1.0	2	eflomal
লিপিকারের সরঞজাম	H7083	hbo:7083	fertility	1.0	3	eflomal
লিলি ফুল	H7799	hbo:7799	fertility	1.0	3	eflomal
লুকানো সতয	G3466	grc:3466	fertility	1.0	2	eflomal
লুটকারী সৈনযদল	H1416	hbo:1416	fertility	1.0	2	eflomal
লুটের জিনিষে	H0961	hbo:0961	fertility	1.0	3	eflomal
লেজ খেজুরের ডাল	H2180	hbo:2180	fertility	1.0	2	eflomal
লোকটী বাবা মা	G1118	grc:1118	fertility	1.0	2	eflomal
লোকদেরকে লোকে	G3793	grc:3793	fertility	1.0	2	eflomal
লোকের ভীড	H1995	hbo:1995	fertility	1.0	2	eflomal
লোকেরা কবর	H6912	hbo:6912	fertility	1.0	2	eflomal
শদেযূরের ইলীষূর	H0468	hbo:0468	fertility	1.0	3	eflomal
শবেত পাথরের পাতরে	G0211	grc:211	fertility	1.0	3	eflomal
শরীর গরম	H2552	hbo:2552	fertility	1.0	2	eflomal
শরেৎসর নামে	H7249	hbo:7249	fertility	1.0	2	eflomal
শললুমের শললুম	H7967	hbo:7967	fertility	1.0	2	eflomal
শসযের শীষ	H7641	hbo:7641	fertility	1.0	2	eflomal
শহরের দরজায	H8179	hbo:8179	fertility	1.0	11	eflomal
শহরের দরজার	H8179	hbo:8179	fertility	1.0	19	eflomal
শানতি আসুক	G1515	grc:1515	fertility	1.0	6	eflomal
শাপগরসত হোক	H0779	hbo:0779	fertility	1.0	2	eflomal
শাসতরীয বাকয	G1124	grc:1124	fertility	1.0	4	eflomal
শাসতরে লেখা	G1125	grc:1125	fertility	1.0	14	eflomal
শাসতরের কথা	G1124	grc:1124	fertility	1.0	4	eflomal
শাসতরের বাকয	G1124	grc:1124	fertility	1.0	2	eflomal
শিকষা অনুযাযী	G1318	grc:1318	fertility	1.0	2	eflomal
শিকষা দিচছেন	G1321	grc:1321	fertility	1.0	3	eflomal
শিকষা দিতে	G1321	grc:1321	fertility	1.0	15	eflomal
শিকষা দিতে লাগলেন	G1321	grc:1321	fertility	1.0	2	eflomal
শিকষা দেয	G2085	grc:2085	fertility	1.0	2	eflomal
শিখিমের দূরগে	H4026	hbo:4026b	fertility	1.0	2	eflomal
শিঙগা বাজালে	H8628	hbo:8628	fertility	1.0	3	eflomal
শিটীম দুটি	H7848	hbo:7848	fertility	1.0	3	eflomal
শিবির উঠাবে	H2583	hbo:2583	fertility	1.0	2	eflomal
শিবির এগিযে	H5265	hbo:5265	fertility	1.0	2	eflomal
শিবির করত	H2583	hbo:2583	fertility	1.0	3	eflomal
শিবির গডবে	H2583	hbo:2583	fertility	1.0	4	eflomal
শিবির তৈরী	H2583	hbo:2583	fertility	1.0	13	eflomal
শিবির সথাপন	H2583	hbo:2583	fertility	1.0	80	eflomal
শিম শোন ধরল	H8123	hbo:8123	fertility	1.0	4	eflomal
শিমোনের ছেলে	G4613	grc:4613	fertility	1.0	2	eflomal
শুকনো জমিতে	H2724	hbo:2724	fertility	1.0	2	eflomal
শুকিযে গিযেছিল	G3584	grc:3584	fertility	1.0	3	eflomal
শুকিযে গেল	G3583	grc:3583	fertility	1.0	3	eflomal
শুচি হবার	H2893	hbo:2893	fertility	1.0	2	eflomal
শুদধকরণ রকতসরাব	H2893	hbo:2893	fertility	1.0	2	eflomal
শুধুই মুখে	G5491	grc:5491	fertility	1.0	2	eflomal
শুনুন শুনুন	H0238	hbo:0238	fertility	1.0	2	eflomal
শুভেচছা জানাও	G0782	grc:782	fertility	1.0	14	eflomal
শুভেচছা জানাচছি	G0782	grc:782	fertility	1.0	2	eflomal
শুভেচছা জানাচছে	G0782	grc:782	fertility	1.0	3	eflomal
শুভেচছা জানাচছেন	G0782	grc:782	fertility	1.0	6	eflomal
শুভেচছা জানালেন	G0782	grc:782	fertility	1.0	3	eflomal
শুভেচছা জানিও	G0782	grc:782	fertility	1.0	2	eflomal
শূকর চরাচছিল	G1006	grc:1006	fertility	1.0	2	eflomal
শূকর পালের	G5519	grc:5519	fertility	1.0	2	eflomal
শূকরের পাল	G0034	grc:34	fertility	1.0	2	eflomal
শূনেমীযা অবীশগকে	H7767	hbo:7767	fertility	1.0	2	eflomal
শূহীয বিলদদ	H7747	hbo:7747	fertility	1.0	4	eflomal
শেকল অনুসারে	H8255	hbo:8255	fertility	1.0	2	eflomal
শেকল রূপা	H3701	hbo:3701	fertility	1.0	3	eflomal
শেষে পডবে	G2078	grc:2078	fertility	1.0	2	eflomal
ষাঁড এক	H6499	hbo:6499	fertility	1.0	3	eflomal
ষাঁডের তিনের	H6499	hbo:6499	fertility	1.0	3	eflomal
সংকরামক মহামারীর	H1698	hbo:1698	fertility	1.0	2	eflomal
সংখযা অনুসারে	H4557	hbo:4557	fertility	1.0	7	eflomal
সংখযা কমিযে	G2856	grc:2856	fertility	1.0	2	eflomal
সংখযা বৃদধি	H7235	hbo:7235	fertility	1.0	2	eflomal
সখরিযের সখরিয	H2148	hbo:2148	fertility	1.0	3	eflomal
সঙগে গেলেন	G0190	grc:190	fertility	1.0	3	eflomal
সঙগে দেখা গেলেন	H7122	hbo:7122	fertility	1.0	2	eflomal
সঙগে বলত	H3779	hbo:3779	fertility	1.0	2	eflomal
সঙগে যুদধ	H7122	hbo:7122	fertility	1.0	3	eflomal
সঙগে সাকষাৎ	H7122	hbo:7122	fertility	1.0	2	eflomal
সচেতন যদি	H2094	hbo:2094a	fertility	1.0	2	eflomal
সজীব পরাণীর	H2416	hbo:2416a	fertility	1.0	2	eflomal
সথাপন করেছেন	H3245	hbo:3245	fertility	1.0	3	eflomal
সথির থাক	G4739	grc:4739	fertility	1.0	4	eflomal
সদাপরভু সদাপরভু	H3068	hbo:3068	fertility	1.0	5	eflomal
সদাপরভুু আমার	H4210	hbo:4210	fertility	1.0	2	eflomal
সদাপরভুুর কর	H3050	hbo:3050	fertility	1.0	18	eflomal
সদাপরভুুর কর কর	H3050	hbo:3050	fertility	1.0	3	eflomal
সনতরাস এনেছিল	H2851	hbo:2851	fertility	1.0	4	eflomal
সনধযা থাকবে	H6153	hbo:6153	fertility	1.0	2	eflomal
সনধযার ছাযার	H6738	hbo:6738	fertility	1.0	2	eflomal
সফলতা লাভ	H6743	hbo:6743	fertility	1.0	2	eflomal
সবকিছু যা	H3605	hbo:3605	fertility	1.0	2	eflomal
সবচেযে ছোট	H6996	hbo:6996	fertility	1.0	2	eflomal
সবথেকে ছোট	G3398	grc:3398	fertility	1.0	2	eflomal
সবপনটা বললাম	H0772	hbo:0772	fertility	1.0	2	eflomal
সবরগ দূতদের	G0032	grc:32	fertility	1.0	2	eflomal
সবরগ দূতেরা	G0032	grc:32	fertility	1.0	3	eflomal
সবরগ সবরগের	H8064	hbo:8064	fertility	1.0	2	eflomal
সবরগদূতকে নিনদা	G0987	grc:987	fertility	1.0	4	eflomal
সবরগের ঈশবর	H0426	hbo:0426	fertility	1.0	2	eflomal
সবরগের ঈশবরের	H0426	hbo:0426	fertility	1.0	5	eflomal
সবূলূনীয এলোন	H0356	hbo:0356	fertility	1.0	2	eflomal
সবের নিজেদেরকে অশুচি	H2930	hbo:2930	fertility	1.0	2	eflomal
সমগর জনতার	H1995	hbo:1995	fertility	1.0	2	eflomal
সমপততি থাকাতে	H7399	hbo:7399	fertility	1.0	2	eflomal
সমপততি লুট	H2428	hbo:2428	fertility	1.0	2	eflomal
সমপূরণরূপে ধবংস	H2763	hbo:2763	fertility	1.0	3	eflomal
সমবেদনার তাকাবে	H2347	hbo:2347	fertility	1.0	2	eflomal
সমরপণ করবে	G3860	grc:3860	fertility	1.0	4	eflomal
সমসত ভাষার	H5972	hbo:5972	fertility	1.0	2	eflomal
সমাগম আনবে	H4150	hbo:4150	fertility	1.0	2	eflomal
সমাগম তাঁবু	H4908	hbo:4908	fertility	1.0	15	eflomal
সমাগম তাঁবুর	H4908	hbo:4908	fertility	1.0	42	eflomal
সমারক অংশ	H0234	hbo:0234	fertility	1.0	3	eflomal
সমুদরদের মাঝখানে	H3820	hbo:3820	fertility	1.0	3	eflomal
সমুদরের তীরে	G2281	grc:2281	fertility	1.0	2	eflomal
সমুদরের বাডালেন	H3220	hbo:3220	fertility	1.0	2	eflomal
সরবশকতিমান মহান	H5945	hbo:5945a	fertility	1.0	5	eflomal
সাকষয বহন	G3140	grc:3140	fertility	1.0	2	eflomal
সাকষয রাখবে	H5715	hbo:5715	fertility	1.0	2	eflomal
সাকষয সিনদুকের	H5715	hbo:5715	fertility	1.0	5	eflomal
সাজিযে বসেছিল	G2515	grc:2515	fertility	1.0	2	eflomal
সাদা মসীনা	H8336	hbo:8336	fertility	1.0	23	eflomal
সাদা মসীনা সুতো	H8336	hbo:8336	fertility	1.0	4	eflomal
সাদা মসীনা সুতোয	H8336	hbo:8336	fertility	1.0	2	eflomal
সাদা রঙের	H3836	hbo:3836	fertility	1.0	2	eflomal
সাদোকের সাদোক	H6659	hbo:6659	fertility	1.0	2	eflomal
সাবধানে রকষা	H8104	hbo:8104	fertility	1.0	2	eflomal
সামনে সামনে	H6440	hbo:6440	fertility	1.0	2	eflomal
সামনেটা চওডা	H7341	hbo:7341	fertility	1.0	2	eflomal
সামরথয অনুসারে	H5381	hbo:5381	fertility	1.0	2	eflomal
সামানয বযাপার	H7043	hbo:7043	fertility	1.0	2	eflomal
সারির মাঝখান	H7713	hbo:7713	fertility	1.0	2	eflomal
সাহস করুন	G2114	grc:2114	fertility	1.0	2	eflomal
সিঁধ কাটতে দিত	G1358	grc:1358	fertility	1.0	2	eflomal
সিঁধ কেটে	G1358	grc:1358	fertility	1.0	2	eflomal
সিংহাসনে বসবার	H3678	hbo:3678	fertility	1.0	4	eflomal
সিবদিযের ছেলে	G2199	grc:2199	fertility	1.0	2	eflomal
সিবদিযের দুই	G2199	grc:2199	fertility	1.0	2	eflomal
সীদোনীযদের দেবী অষটোরতের	H6722	hbo:6722	fertility	1.0	2	eflomal
সীমা পরযনত	H1366	hbo:1366	fertility	1.0	2	eflomal
সীমানা পরযনত	H1366	hbo:1366	fertility	1.0	2	eflomal
সীমানা মহাসমুদরে	H8444	hbo:8444	fertility	1.0	2	eflomal
সীহোর নদী	H7883	hbo:7883	fertility	1.0	2	eflomal
সুগনধ সবরূপ উতসরগ	H7381	hbo:7381	fertility	1.0	5	eflomal
সুগনধি মশলা	H1314	hbo:1314	fertility	1.0	7	eflomal
সুতোও কাটে	G3514	grc:3514	fertility	1.0	2	eflomal
সুরবাহার বীণা	H3658	hbo:3658	fertility	1.0	2	eflomal
সুরা পানে	H7941	hbo:7941	fertility	1.0	2	eflomal
সুসমাচার জানাতে	G2097	grc:2097	fertility	1.0	2	eflomal
সুসমাচার পরচার	G2097	grc:2097	fertility	1.0	32	eflomal
সূকষম সূজি	H5560	hbo:5560	fertility	1.0	6	eflomal
সূজির ঐফার	H6241	hbo:6241	fertility	1.0	2	eflomal
সূযারের নথনেল	H5417	hbo:5417	fertility	1.0	3	eflomal
সূরযয উদযের	H7837	hbo:7837	fertility	1.0	2	eflomal
সূরযয ডুবে	H8121	hbo:8121	fertility	1.0	3	eflomal
সূরযযের অসত	H8121	hbo:8121	fertility	1.0	2	eflomal
সেখান বের	H3318	hbo:3318	fertility	1.0	2	eflomal
সেনা পরধান	G5506	grc:5506	fertility	1.0	2	eflomal
সেবহ মুনন	H6759	hbo:6759	fertility	1.0	2	eflomal
সেবা কাজে	H5656	hbo:5656	fertility	1.0	3	eflomal
সেবা কাজের দাযিতব	G1248	grc:1248	fertility	1.0	2	eflomal
সেরহের একজন	H2227	hbo:2227	fertility	1.0	2	eflomal
সৈনয সাজালেন	H6186	hbo:6186	fertility	1.0	4	eflomal
সোনা সোনা	H2091	hbo:2091	fertility	1.0	2	eflomal
সোনার ছিল	G5552	grc:5552	fertility	1.0	3	eflomal
সোনার সথাপন	H1722	hbo:1722	fertility	1.0	2	eflomal
হলুদ রঙের	H6669	hbo:6669	fertility	1.0	3	eflomal
হাজার বৎসর	G5507	grc:5507	fertility	1.0	5	eflomal
হাজার লোককে চিহনিত	G5505	grc:5505	fertility	1.0	2	eflomal
হাজার সেনা	G5505	grc:5505	fertility	1.0	2	eflomal
হাতির দাঁতের	H8127	hbo:8127	fertility	1.0	6	eflomal
হাতে সমরপিত	G3860	grc:3860	fertility	1.0	4	eflomal
হাতের তালুতে	H3709	hbo:3709	fertility	1.0	2	eflomal
হারাতে পারবে	H3201	hbo:3201	fertility	1.0	3	eflomal
হারিযে গিযেছিল	G0622	grc:622	fertility	1.0	2	eflomal
হিননোম উপতযকা	H1516	hbo:1516a	fertility	1.0	2	eflomal
হিননোম উপতযকার	H1516	hbo:1516a	fertility	1.0	2	eflomal
হুকে ঝুলিযে	H2397	hbo:2397	fertility	1.0	2	eflomal
হূশাতীয সিববখয	H5444	hbo:5444	fertility	1.0	3	eflomal
হৃদয বিশবসত	H3824	hbo:3824	fertility	1.0	2	eflomal
হৃদযে সঞচয	G2588	grc:2588	fertility	1.0	2	eflomal
হে অলপ বিশবাসীরা	G3640	grc:3640	fertility	1.0	3	eflomal
হে গুরু আপনি	G1320	grc:1320	fertility	1.0	2	eflomal
হেঁটে বেডাও	G4043	grc:4043	fertility	1.0	5	eflomal
হেরে গেল	H5062	hbo:5062	fertility	1.0	2	eflomal
হোঁচট খেযে	H3782	hbo:3782	fertility	1.0	4	eflomal
হোঁচট খেযেছে	H3782	hbo:3782	fertility	1.0	2	eflomal
হোমবলি উতসরগ	H5930	hbo:5930	fertility	1.0	4	eflomal
হোমবলি উৎসরগ	H5930	hbo:5930	fertility	1.0	6	eflomal
হোমবলির অনুষঠান	H5930	hbo:5930	fertility	1.0	2	eflomal
হোমবলিরূপে উৎসরগ	H5930	hbo:5930	fertility	1.0	2	eflomal
হৎসর শূযাল	H2705	hbo:2705	fertility	1.0	2	eflomal
লেখা আছে	G1125	grc:1125	fertility	0.98	49	eflomal
সঙগে দেখা	H7122	hbo:7122	fertility	0.978	45	eflomal
মৃতদের মধয	G3498	grc:3498	fertility	0.968	31	eflomal
কাছে এসে	G4334	grc:4334	fertility	0.939	31	eflomal
চুকতির বিশবসততা	H2617	hbo:2617	fertility	0.933	14	eflomal
ভকষয নৈবেদয	H4503	hbo:4503	fertility	0.933	30	eflomal
যিরমিযের এল	H3414	hbo:3414a	fertility	0.929	13	eflomal
পাপের বলির	H2403	hbo:2403	fertility	0.917	12	eflomal
মঙগলারথক বলি	H8002	hbo:8002	fertility	0.917	11	eflomal
সূজিতে পূরণ	H4392	hbo:4392	fertility	0.917	12	eflomal
মেরে ফেলার	G0615	grc:615	fertility	0.909	10	eflomal
সূরযয অসত	H8121	hbo:8121	fertility	0.909	10	eflomal
করতে পারে	G1410	grc:1410	fertility	0.9	18	eflomal
সেবা কাজ	H5656	hbo:5656	fertility	0.9	10	eflomal
ভুলে যেও	H7911	hbo:7911	fertility	0.889	8	eflomal
রাজতবের বছরের	H8141	hbo:8141	fertility	0.889	9	eflomal
লিলি ফুলের	H7799	hbo:7799	fertility	0.889	8	eflomal
উততোলনীয উপহার	H8641	hbo:8641	fertility	0.875	8	eflomal
কিছুই না	G3762	grc:3762	fertility	0.875	7	eflomal
খামির বিহীন রুটি	H4682	hbo:4682	fertility	0.875	7	eflomal
চিরকাল সথাযী	H5769	hbo:5769	fertility	0.875	7	eflomal
শলটীযেলের সরুববাবিল	H2216	hbo:2216	fertility	0.875	7	eflomal
আগুনে পুডিযে	H0784	hbo:0784	fertility	0.867	13	eflomal
এই বলেন	H5002,H0559	hbo:5002,hbo:0559	phrasal	0.857	14	eflomal
সাকষয দিচছেন	G3140	grc:3140	fertility	0.857	7	eflomal
আঙগুর রসে	H3196	hbo:3196	fertility	0.833	10	eflomal
আঙগুর রসের	H3196,H8492	hbo:3196,hbo:8492	phrasal	0.833	18	eflomal
আলাদা থাকার	H5145	hbo:5145	fertility	0.833	6	eflomal
ঈশবর আমার	H5329	hbo:5329	fertility	0.833	6	eflomal
কথা বলছি	G2980,G3004	grc:2980,grc:3004	phrasal	0.833	12	eflomal
নগরের ফটকের	H8179	hbo:8179	fertility	0.833	6	eflomal
আঙগুর লতা	H1612	hbo:1612	fertility	0.8	5	eflomal
আবার ফিরে	H7725	hbo:7725	fertility	0.8	5	eflomal
ইৎসিযোন গেবরে	H6100	hbo:6100	fertility	0.8	4	eflomal
উততর দিকের	H6828	hbo:6828	fertility	0.8	5	eflomal
এই ঘোষণা	H5002,H0559	hbo:5002,hbo:0559	phrasal	0.8	10	eflomal
করুশে বিদধ	G4717	grc:4717	fertility	0.8	4	eflomal
করোধ জবলে	H0639	hbo:0639	fertility	0.8	4	eflomal
কাঁপতে কাঁপতে	H2729	hbo:2729	fertility	0.8	4	eflomal
খামির বিহীন	H4682	hbo:4682	fertility	0.8	5	eflomal
গোষঠী থেকে	H4940	hbo:4940	fertility	0.8	5	eflomal
ছেলে মেযেদের	H2945	hbo:2945	fertility	0.8	4	eflomal
জীবন যাপন	G2198	grc:2198	fertility	0.8	4	eflomal
তালনত পেযেছিল	G5007	grc:5007	fertility	0.8	4	eflomal
তুলে নিযে	G0142	grc:142	fertility	0.8	4	eflomal
নযায বিধান	H4941	hbo:4941	fertility	0.8	4	eflomal
পাথরের আঘাতে	H5619	hbo:5619	fertility	0.8	4	eflomal
বোনা সংযুকত	H8359	hbo:8359	fertility	0.8	5	eflomal
সতরীকে কবর	H6912	hbo:6912	fertility	0.8	5	eflomal
সদাপরভুর সদাপরভু	H3068	hbo:3068	fertility	0.8	5	eflomal
সেবা কাজের	H5656	hbo:5656	fertility	0.8	9	eflomal
আঙগুর রস	H3196	hbo:3196	fertility	0.797	56	eflomal
ভেডার পাল	H6629,H5739	hbo:6629,hbo:5739	phrasal	0.778	18	eflomal
হাজার লোককে	G5505	grc:5505	fertility	0.778	9	eflomal
ছাঁচে ঢালা	H4541,H3332	hbo:4541,hbo:3332	phrasal	0.769	12	eflomal
দেখতে পেলেন	G2147,G3708	grc:2147,grc:3708	phrasal	0.769	13	eflomal
অবশিষট থাকল	H7604	hbo:7604	fertility	0.75	3	eflomal
আঘাতে হতযা	H7275	hbo:7275	fertility	0.75	3	eflomal
আঙগুরের রস	H3196	hbo:3196	fertility	0.75	3	eflomal
আতমপকষ সমরথন	G0626	grc:626	fertility	0.75	6	eflomal;gloss
আদেশ দিযেছিলেন	H6680	hbo:6680	fertility	0.75	4	eflomal
আননদে গান	H7442	hbo:7442	fertility	0.75	3	eflomal
উপদেশ দিতে	G1321	grc:1321	fertility	0.75	3	eflomal
উৎসব পালন	H2287	hbo:2287	fertility	0.75	4	eflomal
একটি ভেডা	H0352	hbo:0352	fertility	0.75	4	eflomal
করতে পার	G1410	grc:1410	fertility	0.75	4	eflomal
গাছে ফল	G2590	grc:2590	fertility	0.75	4	eflomal
গুটানো কাগজ	H4039	hbo:4039	fertility	0.75	3	eflomal
গুরু আপনি	G1320	grc:1320	fertility	0.75	4	eflomal
ঘৃণার বসতু	H8441	hbo:8441	fertility	0.75	3	eflomal
চিরদিনের র	H5769,H1755	hbo:5769,hbo:1755	phrasal	0.75	8	eflomal
জীবনত পরাণীদের	H2416	hbo:2416c	fertility	0.75	3	eflomal
দরজা খুলে	H6605	hbo:6605	fertility	0.75	3	eflomal
দীরঘে হাত	H0520	hbo:0520	fertility	0.75	4	eflomal
দেখতে পাবে	G2147	grc:2147	fertility	0.75	3	eflomal
পরতি তাই	G4160	grc:4160	fertility	0.75	3	eflomal
পাযে ভর	H7272	hbo:7272	fertility	0.75	3	eflomal
বিরাটাকার সাপ	G1404	grc:1404	fertility	0.75	4	eflomal
ভালো ভালো	G0018	grc:18	fertility	0.75	6	eflomal
ভুলে যাব	H7911	hbo:7911	fertility	0.75	3	eflomal
ভেডার পালের	H6629,H5739	hbo:6629,hbo:5739	phrasal	0.75	8	eflomal
রূপা সোনা	H3702	hbo:3702	fertility	0.75	3	eflomal
শদরক মৈশক	H4336	hbo:4336	fertility	0.75	7	eflomal
শহরটা ঘেরাও	H6696	hbo:6696	fertility	0.75	3	eflomal
শহরে শহরে	G4172	grc:4172	fertility	0.75	3	eflomal
সঙগে সঙগে	G0190	grc:190	fertility	0.75	3	eflomal
সতরীকে বিযে	G1135	grc:1135	fertility	0.75	3	eflomal
সাধারণ লোক	G2399	grc:2399	fertility	0.75	3	eflomal
গলার আওযাজ	G5456	grc:5456	fertility	0.727	8	eflomal
কাউকে না	G3367,G3762	grc:3367,grc:3762	phrasal	0.714	7	eflomal
পুরুষ ভেডা	H3532	hbo:3532	fertility	0.714	7	eflomal
সমপূরণভাবে ধবংস	H2763,H3617	hbo:2763,hbo:3617	phrasal	0.714	21	eflomal
সুসমাচার পরচারের	G2098,G2097	grc:2098,grc:2097	phrasal	0.714	7	eflomal
হাত চওডা	H0520,H7341	hbo:0520,hbo:7341	phrasal	0.714	7	eflomal
পরতি দযা	H2603,H7355	hbo:2603,hbo:7355	phrasal	0.7	9	eflomal
চলে গেল	G0565,G1831	grc:565,grc:1831	phrasal	0.692	11	eflomal
পশুপালনের মাঠগুলির	H4054	hbo:4054	fertility	0.692	39	eflomal
অচছিননতবক অবসথায	H6189	hbo:6189	fertility	0.667	2	eflomal
অনেক বেশি	G4119	grc:4119	fertility	0.667	2	eflomal
আঙুর রস	H3196	hbo:3196	fertility	0.667	2	eflomal
আদেশ মেনে	G5219	grc:5219	fertility	0.667	2	eflomal
আননদের চিতকার	H7442	hbo:7442	fertility	0.667	2	eflomal
ঈশবরের ঈশবরের	H0430	hbo:0430	fertility	0.667	2	eflomal
উঁচু ঘর	G4444	grc:4444	fertility	0.667	2	eflomal
উঁচু দুরগ	H4869	hbo:4869	fertility	0.667	2	eflomal
উপাসনা ঘরের	G3485	grc:3485	fertility	0.667	4	eflomal
উৎসরগ করবে	H8549	hbo:8549	fertility	0.667	2	eflomal
করতে পারি	G1410	grc:1410	fertility	0.667	3	eflomal
কষমতা দেওযা	G1325	grc:1325	fertility	0.667	3	eflomal
কাছে এস	H5066	hbo:5066	fertility	0.667	2	eflomal
কামনা বাসনা	G1939	grc:1939	fertility	0.667	2	eflomal
কারাগারে বনদী	G5438	grc:5438	fertility	0.667	2	eflomal
খাবার খায	G2068	grc:2068	fertility	0.667	2	eflomal
খেজুর গাছের	H8561	hbo:8561	fertility	0.667	2	eflomal
গরভে ধারণ	H2029	hbo:2029	fertility	0.667	3	eflomal
গরুর বাচচা	H5695	hbo:5695	fertility	0.667	2	eflomal
গেঁথে তুলতে	G3618	grc:3618	fertility	0.667	2	eflomal
ঘুরে বেডাতে	G4013	grc:4013	fertility	0.667	2	eflomal
ঘৃণয বসতু	H8441	hbo:8441	fertility	0.667	2	eflomal
চকমকি পাথরের	H6697	hbo:6697a	fertility	0.667	2	eflomal
চামডায ছডিযে	H5785	hbo:5785	fertility	0.667	2	eflomal
ছুতার মিসতরি	H2796	hbo:2796	fertility	0.667	2	eflomal
ছেলে শিমোন	G4613	grc:4613	fertility	0.667	3	eflomal
জলের সরোতের	G5204	grc:5204	fertility	0.667	2	eflomal
জীবিত আছেন	G2198	grc:2198	fertility	0.667	2	eflomal
টাকার থলি	G1101	grc:1101	fertility	0.667	2	eflomal
তিগলৎ পিলেষরের	H8407	hbo:8407	fertility	0.667	2	eflomal
তোমাদের থাকে	G2192	grc:2192	fertility	0.667	3	eflomal
দরজা বনধ	H5462	hbo:5462	fertility	0.667	2	eflomal
দুঃখ ভোগ	G3958	grc:3958	fertility	0.667	2	eflomal
দেখা পেলেন	G2147	grc:2147	fertility	0.667	2	eflomal
দেবদারু গাছ	H1265	hbo:1265	fertility	0.667	2	eflomal
ধীরে ধীরে	H3909	hbo:3909	fertility	0.667	2	eflomal
নানা পরকার	G4164	grc:4164	fertility	0.667	2	eflomal
নিজের জীবন	H5315	hbo:5315	fertility	0.667	2	eflomal
নিজের নিজের	G2398	grc:2398	fertility	0.667	9	eflomal
নেমে আসতে	H3381	hbo:3381	fertility	0.667	2	eflomal
পরচণড করোধ	H0639	hbo:0639	fertility	0.667	2	eflomal
পরতি করুণা	H7355	hbo:7355	fertility	0.667	2	eflomal
পরধান সেনাপতি	G5506	grc:5506	fertility	0.667	2	eflomal
পরভু পরভু	G2962	grc:2962	fertility	0.667	3	eflomal
পরশংসা করুক	H1984	hbo:1984a	fertility	0.667	4	eflomal
পরিচালনা করার	H7469	hbo:7469	fertility	0.667	2	eflomal
পাপারথক বলি	H2403,H8163	hbo:2403,hbo:8163a	phrasal	0.667	12	eflomal
পাযে মাডিযে	H7429	hbo:7429	fertility	0.667	2	eflomal
পোশাক পরা	G2066	grc:2066	fertility	0.667	4	eflomal
ফিরিযে আনবেন	H7725	hbo:7725	fertility	0.667	2	eflomal
ফিরে আসবে	H7725	hbo:7725	fertility	0.667	2	eflomal
বংশ তালিকা	H8435,H3187	hbo:8435,hbo:3187	phrasal	0.667	6	eflomal
বইযে লেখা	H3789	hbo:3789	fertility	0.667	2	eflomal
বললেন বললেন	H0559	hbo:0559	fertility	0.667	2	eflomal
বিরাটাকার সাপটি	G1404	grc:1404	fertility	0.667	2	eflomal
বেরিযে গেল	G1831	grc:1831	fertility	0.667	2	eflomal
বৎশেবা বললেন	H0559	hbo:0559	fertility	0.667	3	eflomal
মঙগল জনক	H2896	hbo:2896	fertility	0.667	2	eflomal
মসীনা সুতোর	H0906	hbo:0906	fertility	0.667	2	eflomal
মাটির পাতরের	H2789	hbo:2789	fertility	0.667	2	eflomal
মিথযা কথা	G5574	grc:5574	fertility	0.667	2	eflomal
মিথযা সাকষয	G5576	grc:5576	fertility	0.667	3	eflomal
মেরে ফেলা	H4191	hbo:4191	fertility	0.667	2	eflomal
রঙের চামডা	H5785	hbo:5785	fertility	0.667	3	eflomal
রাজার রাজা	H4428	hbo:4428	fertility	0.667	3	eflomal
রেগে গেলেন	H2734	hbo:2734	fertility	0.667	6	eflomal
লজজিত অপমানিত	H0954	hbo:0954	fertility	0.667	3	eflomal
লমবায হাত	H0520	hbo:0520	fertility	0.667	3	eflomal
লুটের মাল	H0957	hbo:0957	fertility	0.667	2	eflomal
শেকল পরিমাপের	H8255	hbo:8255	fertility	0.667	12	eflomal
সবপন দেখেছি	H2492	hbo:2492a	fertility	0.667	2	eflomal
সমরণ করিযে	G5279	grc:5279	fertility	0.667	2	eflomal
সযতনে খোঁজ	G2206	grc:2206	fertility	0.667	2	eflomal
সুগনধি ধূপ	H7004	hbo:7004	fertility	0.667	2	eflomal
হাঁটু গেডে	G1120	grc:1120	fertility	0.667	2	eflomal
হেঁটে যেতে	H5674	hbo:5674	fertility	0.667	2	eflomal
হোঁচট খায	H3782	hbo:3782	fertility	0.667	4	eflomal
ভেডার বাচচা	H3532,H7716	hbo:3532,hbo:7716	phrasal	0.647	16	eflomal
উপাসনা ঘর	G3485,G2411	grc:3485,grc:2411	phrasal	0.636	10	eflomal
পরিয সনতানেরা	G5040,G0027	grc:5040,grc:27	phrasal	0.636	11	eflomal
সথানের শেকল	H8255	hbo:8255	fertility	0.636	11	eflomal
হাতে সমরপণ	G3860	grc:3860	fertility	0.636	7	eflomal
সাকষয দিচছি	G3140,G3143	grc:3140,grc:3143	phrasal	0.625	8	eflomal
মন পরিবরতন	G3341,G3340	grc:3341,grc:3340	phrasal	0.615	12	eflomal
এলোন গাছের	H0436	hbo:0436	fertility	0.6	3	eflomal
কথা ঘোষণা	H5002,H1696	hbo:5002,hbo:1696	phrasal	0.6	5	eflomal
ছোট নদী	H5158,H5158	hbo:5158,hbo:5158a	phrasal	0.6	5	eflomal
জিনিস লুট	H0962	hbo:0962	fertility	0.6	4	eflomal
নিযম কানুন	G3551,G1485	grc:3551,grc:1485	phrasal	0.6	10	eflomal
পাথর ছুঁডে	H5619	hbo:5619	fertility	0.6	3	eflomal
বাচচা ভেডা	H3535,H7716	hbo:3535,hbo:7716	phrasal	0.6	5	eflomal
বুডো বযসে	H7872,H2209	hbo:7872,hbo:2209	phrasal	0.6	5	eflomal
মহান সরবশকতিমান	G5310	grc:5310	fertility	0.6	3	eflomal
মেরে ফেলতে	G0615,G0337	grc:615,grc:337	phrasal	0.6	5	eflomal
রাসতায রাসতায	H2351,H7339	hbo:2351,hbo:7339	phrasal	0.6	12	eflomal
দিকে তাকিযে	G1689,G4017	grc:1689,grc:4017	phrasal	0.571	6	eflomal
দিকে ফিরে	G4762	grc:4762	fertility	0.571	4	eflomal
দেওযালে ঘেরা	H4013,H1208	hbo:4013,hbo:1208	phrasal	0.571	7	eflomal
পরাচীরে ঘেরা	H4694,H1208	hbo:4694,hbo:1208	phrasal	0.571	7	eflomal
লুটের জিনিস	H0957,H7998	hbo:0957,hbo:7998	phrasal	0.571	7	eflomal
হোঁচট খাবে	H3782	hbo:3782	fertility	0.571	5	eflomal
তূরী বাজালেন	G4537	grc:4537	fertility	0.556	5	eflomal
বীজ বপন	H2232,H2233	hbo:2232,hbo:2233	phrasal	0.556	8	eflomal
মুখ ফিরিযে	G4762,G1994	grc:4762,grc:1994	phrasal	0.556	9	eflomal
কাঁদতে কাঁদতে	H1058,H1065	hbo:1058,hbo:1065	phrasal	0.545	8	eflomal
দেখতে পাচছি	G0991,G2147	grc:991,grc:2147	phrasal	0.545	11	eflomal
অযার রিসপা	H0345,H7532	hbo:0345,hbo:7532	phrasal	0.5	4	eflomal
আঙগুর ফল	H6025	hbo:6025	fertility	0.5	2	eflomal
আদেশ মানে	G5219	grc:5219	fertility	0.5	2	eflomal
আশচরযয চিহন	G4592	grc:4592	fertility	0.5	2	eflomal
ইউফরেটিস নদীর	H5104,H6578	hbo:5104,hbo:6578	phrasal	0.5	8	eflomal
ঈশবর ঈশবর	H0430,H0410	hbo:0430,hbo:0410	phrasal	0.5	11	eflomal
একটা ছাগল	H5795	hbo:5795	fertility	0.5	2	eflomal
একটি জনয	G1520	grc:1520	fertility	0.5	2	eflomal
একটি মেষ	H0352	hbo:0352	fertility	0.5	2	eflomal
একহাত চওডা	H0520	hbo:0520	fertility	0.5	2	eflomal
ওবেদ ওবেদের	H5744	hbo:5744	fertility	0.5	2	eflomal
কঠিন পরিশরম	H5450	hbo:5450	fertility	0.5	2	eflomal
করেছি অপরাধ করেছি	H5753	hbo:5753	fertility	0.5	2	eflomal
কষট সহয	G3958,G4777	grc:3958,grc:4777	phrasal	0.5	4	eflomal
কাছে দযা	H6440	hbo:6440	fertility	0.5	2	eflomal
কাছে যেও	H7126	hbo:7126	fertility	0.5	2	eflomal
কেঁদে কেঁদে	G2799	grc:2799	fertility	0.5	2	eflomal
কেউ না	G3367,G3762	grc:3367,grc:3762	phrasal	0.5	14	eflomal
কোনো জিনিসে	H3605	hbo:3605	fertility	0.5	2	eflomal
কোনো না	G3367,G3762	grc:3367,grc:3762	phrasal	0.5	4	eflomal
কোনো বসতু	H3605	hbo:3605	fertility	0.5	2	eflomal
খরীষটের শতরু	G0500	grc:500	fertility	0.5	4	eflomal
খাঁটি সোনার	H6337	hbo:6337	fertility	0.5	3	eflomal
খামির বিহীন রুটির	H4682	hbo:4682	fertility	0.5	4	eflomal
খোদাই পরতিমা	H6456,H6459	hbo:6456,hbo:6459	phrasal	0.5	4	eflomal
ঘুরে বেডাল	H8582	hbo:8582	fertility	0.5	2	eflomal
ঘৃণার পাতর	H0887,H8441	hbo:0887,hbo:8441	phrasal	0.5	6	eflomal
চিনতে পারলেন	G1921	grc:1921	fertility	0.5	3	eflomal
জীবনত পরাণীর	G2226	grc:2226	fertility	0.5	2	eflomal
জোরে চিৎকার	G2896	grc:2896	fertility	0.5	2	eflomal
টুকরো টুকরো	H5409,H6595	hbo:5409,hbo:6595	phrasal	0.5	5	eflomal
তাঁরা ছিলেন	G1510	grc:1510	fertility	0.5	2	eflomal
তিনিই সেই	G1510	grc:1510	fertility	0.5	2	eflomal
থলিতে আঙুরের রস	G3631	grc:3631	fertility	0.5	2	eflomal
দলপতি দলপতি	H0441	hbo:0441	fertility	0.5	6	eflomal
দাসকে দাস	H5650	hbo:5650	fertility	0.5	2	eflomal
দুষট লোকের	H7563	hbo:7563	fertility	0.5	2	eflomal
দেখতে পেযে	G2147	grc:2147	fertility	0.5	4	eflomal
দেখতে পেলাম	G3708,G2147	grc:3708,grc:2147	phrasal	0.5	9	eflomal
নাতি অরথাৎ	H1121	hbo:1121	fertility	0.5	4	eflomal
নিজেকে নত	H3665	hbo:3665	fertility	0.5	2	eflomal
নিমনতরিত ডাকার	G2564	grc:2564	fertility	0.5	2	eflomal
নিযে আসব	H0935	hbo:0935	fertility	0.5	4	eflomal
নিযে গেলেন	H0935	hbo:0935	fertility	0.5	2	eflomal
নিরদেশ চলবার	H4687	hbo:4687	fertility	0.5	2	eflomal
নৌকায উঠে	G1684	grc:1684	fertility	0.5	2	eflomal
পদের করমচারীরা	H8269	hbo:8269	fertility	0.5	2	eflomal
পবিতর সথানের	H4720,H6944	hbo:4720,hbo:6944	phrasal	0.5	6	eflomal
পরতি বযবহার	H6213	hbo:6213	fertility	0.5	2	eflomal
পরথম অংশ	H7225	hbo:7225	fertility	0.5	4	eflomal
পরশংসা পরশংসা	H1984	hbo:1984a	fertility	0.5	2	eflomal
পাকা চুলে	H7872	hbo:7872	fertility	0.5	2	eflomal
পাচছে হাঁটছে	G4043	grc:4043	fertility	0.5	2	eflomal
পাযের চিহন	H6806	hbo:6806	fertility	0.5	3	eflomal
পালের ভেডা	H6629	hbo:6629	fertility	0.5	2	eflomal
ফিরে এসে	H0935	hbo:0935	fertility	0.5	2	eflomal
বংশোদভব দলপতি	H0441	hbo:0441	fertility	0.5	2	eflomal
বযসের বছরের	H8141	hbo:8141	fertility	0.5	2	eflomal
বললেন তোমরা	H0559	hbo:0559	fertility	0.5	4	eflomal
বললেন বলছেন	H0559	hbo:0559	fertility	0.5	2	eflomal
বলিদান করল	H2076	hbo:2076	fertility	0.5	4	eflomal
বিপকষে সাকষী	H5707	hbo:5707	fertility	0.5	2	eflomal
বিবরণ এই	H0428	hbo:0428	fertility	0.5	2	eflomal
বিরাট সৈনযদল	H1995	hbo:1995	fertility	0.5	2	eflomal
বিশরামে পরবেশ	G1525	grc:1525	fertility	0.5	2	eflomal
বেঁধে চুললীতে	H5135	hbo:5135	fertility	0.5	2	eflomal
বোলো এই	H0559	hbo:0559	fertility	0.5	2	eflomal
ভবিষযৎ বকতাদের	G4396	grc:4396	fertility	0.5	2	eflomal
ভিততিমূল সথাপন	G2310	grc:2310	fertility	0.5	3	eflomal
ভেডার ভেডার	H0352	hbo:0352	fertility	0.5	4	eflomal
মারা গিযেছিল	G0622	grc:622	fertility	0.5	2	eflomal
মেরে ফেলবেন	H4191	hbo:4191	fertility	0.5	2	eflomal
যুদধে যোগয	H6635	hbo:6635	fertility	0.5	2	eflomal
যুদধের ডাক	H7321	hbo:7321	fertility	0.5	2	eflomal
রকষীদলের সেনাপতি	H7227	hbo:7227a	fertility	0.5	4	eflomal
লজজার পাতর	H2781	hbo:2781	fertility	0.5	2	eflomal
শূশন রাজধানীতে	H7800	hbo:7800	fertility	0.5	2	eflomal
সকলেই দাগযুকত	H5348	hbo:5348	fertility	0.5	2	eflomal
সঙগে মিলন	G2644	grc:2644	fertility	0.5	2	eflomal
সঠিক দিনের	H6256	hbo:6256	fertility	0.5	2	eflomal
সদাপরভুর সদাপরভুর	H3068	hbo:3068	fertility	0.5	4	eflomal
সনতান পরসব	G1080	grc:1080	fertility	0.5	2	eflomal
সব জাযগায ছডিযে পডল	G3650	grc:3650	fertility	0.5	2	eflomal
সুনদর পরা	G0294	grc:294	fertility	0.5	2	eflomal
সুসবাদু খাবার	H4303,H6598	hbo:4303,hbo:6598	phrasal	0.5	5	eflomal
সূকষম সূজির	H5560	hbo:5560	fertility	0.5	2	eflomal
সেবা করবার	G3008	grc:3008	fertility	0.5	2	eflomal
সোনা রূপার	H3702	hbo:3702	fertility	0.5	2	eflomal
যেতে যেতে	G3855,G4198	grc:3855,grc:4198	phrasal	0.444	7	eflomal
দেশ দেশে	H0127,H0776	hbo:0127,hbo:0776	phrasal	0.429	6	eflomal
পিছনে পিছনে	G0190	grc:190	fertility	0.429	3	eflomal
বললেন আপনি	G3004	grc:3004	fertility	0.429	3	eflomal
জোরে চিতকার	G2896,G5456	grc:2896,grc:5456	phrasal	0.417	9	eflomal
আচার বযবহার	G0391	grc:391	fertility	0.4	2	eflomal
খুঁজে পাওযা	G2147	grc:2147	fertility	0.4	2	eflomal
দুঃখ কষট	G2347	grc:2347	fertility	0.4	3	eflomal
পরধান করমচারী	G3622,G3623	grc:3622,grc:3623	phrasal	0.4	4	eflomal
পালন করবে	H6213	hbo:6213	fertility	0.4	4	eflomal
মনে মনে	H3820,H3824	hbo:3820,hbo:3824	phrasal	0.4	9	eflomal
রাজা রাজা	H4428	hbo:4428	fertility	0.4	5	eflomal
সাবধান থেকো	H8104	hbo:8104	fertility	0.4	3	eflomal
হাজার হাজার	G3461	grc:3461	fertility	0.4	2	eflomal
কথা বললেন	G2980,G3004	grc:2980,grc:3004	phrasal	0.391	12	eflomal
আঙগুর কষেতে	G0290	grc:290	fertility	0.385	5	eflomal
দিনের র	G2250	grc:2250	fertility	0.383	18	eflomal
ধন সমপদ	H6239,H2428,H0214	hbo:6239,hbo:2428,hbo:0214	phrasal	0.364	9	eflomal
অদভুত লকষণ	G5059	grc:5059	fertility	0.333	2	eflomal
আদেশ অনুসারে	H6310	hbo:6310	fertility	0.333	3	eflomal
করতে সকষম	G1410	grc:1410	fertility	0.333	3	eflomal
কাপড চোপড	H0899	hbo:0899	fertility	0.333	2	eflomal
খণড খণড	H2963,H5408	hbo:2963,hbo:5408	phrasal	0.333	4	eflomal
খাওযা দাওযা	H0398,H8354	hbo:0398,hbo:8354	phrasal	0.333	14	eflomal
খাদয দরবয	G1033	grc:1033	fertility	0.333	2	eflomal
গান গাও	H7442,H7891,H7892	hbo:7442,hbo:7891,hbo:7892	phrasal	0.333	6	eflomal
চলে গেলেন	G0565,G1831,G4198	grc:565,grc:1831,grc:4198	phrasal	0.333	15	eflomal
জোরে জোরে	H6963	hbo:6963	fertility	0.333	2	eflomal
তরক বিতরক	G2214,G4802,G1261	grc:2214,grc:4802,grc:1261	phrasal	0.333	8	eflomal
দিন দিন	H3117,H6256	hbo:3117,hbo:6256	phrasal	0.333	6	eflomal
দিনের দিনের	H3117	hbo:3117	fertility	0.333	2	eflomal
নিযম সথাপন	H3772	hbo:3772	fertility	0.333	3	eflomal
পবিতর পবিতর	G0040	grc:40	fertility	0.333	2	eflomal
পাপের অপরাধ	H0205	hbo:0205	fertility	0.333	2	eflomal
বললেন বল	H0559	hbo:0559	fertility	0.333	2	eflomal
ভিতরে আসার	H0935	hbo:0935	fertility	0.333	3	eflomal
যেমন এটা	H5002	hbo:5002	fertility	0.333	3	eflomal
সনতানরা সনতানরা	H1121	hbo:1121	fertility	0.333	3	eflomal
ছেলে ছেলে	H1121	hbo:1121	fertility	0.308	13	eflomal
ছুঁডে ফেলে	G0906	grc:906	fertility	0.3	3	eflomal
দেখতে পেল	G0308,G2147	grc:308,grc:2147	phrasal	0.3	5	eflomal
যুগে যুগে	H5703,H5769	hbo:5703,hbo:5769	phrasal	0.3	5	eflomal
অনয অনয	G2087,G0243	grc:2087,grc:243	phrasal	0.286	4	eflomal
চোখের জল	G1144	grc:1144	fertility	0.286	2	eflomal
আঙগুর কষেতের	G0290	grc:290	fertility	0.273	3	eflomal
পাপের পথে	G4624	grc:4624	fertility	0.25	4	eflomal
পুরুষ ছাগল	H5795,H6260	hbo:5795,hbo:6260	phrasal	0.25	24	eflomal
বিদেশী পরবাসী	H1616	hbo:1616	fertility	0.25	3	eflomal
পাপারথক বলির	H2403	hbo:2403	fertility	0.2	5	eflomal
বলি উৎসরগ	H2076,H2077	hbo:2076,hbo:2077	phrasal	0.2	4	eflomal
সনতানের জনম	G1080	grc:1080	fertility	0.2	2	eflomal
একদল সৈনয	G4686	grc:4686	fertility	0.167	2	eflomal
বংশধর বংশধর	H1121	hbo:1121	fertility	0.167	6	eflomal
একজন লোক	G0444,G0435	grc:444,grc:435	phrasal	0.133	7	eflomal
দিনের দিন	G2250	grc:2250	fertility	0.125	2	eflomal
অনযানয কথা	H1697	hbo:1697	fertility	0.0	8	eflomal
অনযানয কাজ	H1697,H3499	hbo:1697,hbo:3499	phrasal	0.0	7	eflomal
অনাবৃত কর	H1540	hbo:1540	fertility	0.0	3	eflomal
অনুসারে শেকল	H8255	hbo:8255	fertility	0.0	2	eflomal
অবাধয বিরোধী	H5637	hbo:5637	fertility	0.0	2	eflomal
আনা পশুর মাংস	H6718	hbo:6718	fertility	0.0	3	eflomal
আপনি যাচছেন	G5217	grc:5217	fertility	0.0	2	eflomal
আমি এই কথা	H5002	hbo:5002	fertility	0.0	2	eflomal
ইচছামত চলবার	H1875	hbo:1875	fertility	0.0	2	eflomal
ইতিহাস নামে বইটিতে লেখা	H5612	hbo:5612	fertility	0.0	2	eflomal
উপসথিত হল	H1961	hbo:1961	fertility	0.0	2	eflomal
উপুড হযে	H0639	hbo:0639	fertility	0.0	6	eflomal
এঁরা ছিলেন	H0428	hbo:0428	fertility	0.0	2	eflomal
এইরকম হল	H1961	hbo:1961	fertility	0.0	3	eflomal
একজন আছেন	G1510	grc:1510	fertility	0.0	2	eflomal
একজন বযকতি	H0376	hbo:0376	fertility	0.0	3	eflomal
একজন লোককে	H0376	hbo:0376	fertility	0.0	2	eflomal
একটা জনয	G1520	grc:1520	fertility	0.0	2	eflomal
একথা বলেন	G3004	grc:3004	fertility	0.0	3	eflomal
একের দশ ভাগের	H6241	hbo:6241	fertility	0.0	3	eflomal
এনেছেন সে	H3318	hbo:3318	fertility	0.0	2	eflomal
ঐননের অহীরঃ	H5881	hbo:5881	fertility	0.0	3	eflomal
করলেন তিনি	H6213	hbo:6213	fertility	0.0	2	eflomal
কষমতাপনন বযকতির	G1849	grc:1849	fertility	0.0	2	eflomal
কাঁটাঝোপ কাঁটাগাছ	H8068	hbo:8068	fertility	0.0	2	eflomal
কাছে আসবে	H7126	hbo:7126	fertility	0.0	2	eflomal
কাছে পাঠিযেছি	G3992	grc:3992	fertility	0.0	2	eflomal
কাছে যাবে	H7126	hbo:7126	fertility	0.0	2	eflomal
কাছের চকে	H7339	hbo:7339	fertility	0.0	2	eflomal
কাজের কথা	H1697	hbo:1697	fertility	0.0	2	eflomal
কাটার লোক	G2040	grc:2040	fertility	0.0	3	eflomal
কোনো যদি	H4672	hbo:4672	fertility	0.0	2	eflomal
খোলা বলছে	H1540	hbo:1540	fertility	0.0	2	eflomal
গরিব অভাবগরসতদের	H6041	hbo:6041	fertility	0.0	2	eflomal
গাযক গাযিকা	H7891	hbo:7891	fertility	0.0	2	eflomal
গাযে ফোসকা	H7822	hbo:7822	fertility	0.0	2	eflomal
গোষঠীর লোকেরা	H1004	hbo:1004	fertility	0.0	2	eflomal
ঘরকে ঘর	G3624	grc:3624	fertility	0.0	2	eflomal
চববিশ জন	G5064	grc:5064	fertility	0.0	2	eflomal
চাদর সরিযে	H1540	hbo:1540	fertility	0.0	2	eflomal
চিরজীবী হোন	H2421	hbo:2421	fertility	0.0	3	eflomal
চোখের চোখ	H5869	hbo:5869	fertility	0.0	2	eflomal
ছেঁডাটা বড	G4978	grc:4978	fertility	0.0	2	eflomal
ছেদকদের নিযুকত	H5324	hbo:5324	fertility	0.0	2	eflomal
ছেলে ছিলেন	H1121	hbo:1121	fertility	0.0	2	eflomal
ছেলে নাতি	H1121	hbo:1121	fertility	0.0	2	eflomal
ছেলেরা হল	H3205	hbo:3205	fertility	0.0	4	eflomal
জবলে উঠল	H2734	hbo:2734	fertility	0.0	4	eflomal
জবলে উঠলেন	H2734	hbo:2734	fertility	0.0	2	eflomal
ঝুডি গরমের	H3619	hbo:3619	fertility	0.0	2	eflomal
টুকরো খুরবিশিষট	H6541	hbo:6541	fertility	0.0	3	eflomal
তারা নয	G1510	grc:1510	fertility	0.0	2	eflomal
তারা লোক	G1510	grc:1510	fertility	0.0	3	eflomal
তারা হবে	G1510	grc:1510	fertility	0.0	2	eflomal
তারা হয	G1510	grc:1510	fertility	0.0	2	eflomal
তিনদিন তিন	G5140	grc:5140	fertility	0.0	2	eflomal
তিনি করলেন	H6213	hbo:6213	fertility	0.0	2	eflomal
দরাকষারস রাখে	G0779	grc:779	fertility	0.0	3	eflomal
দাথন অবীরাম	H1885	hbo:1885	fertility	0.0	4	eflomal
দিকে ফিরল	H6437	hbo:6437	fertility	0.0	2	eflomal
দিতে লাগলেন	G0756	grc:756	fertility	0.0	2	eflomal
দিযে যাও	H5674	hbo:5674	fertility	0.0	2	eflomal
দিযে যাবে	H5674	hbo:5674	fertility	0.0	2	eflomal
দুদিকে ভাগ	H2673	hbo:2673	fertility	0.0	2	eflomal
দূরে সরে	H5493	hbo:5493	fertility	0.0	2	eflomal
দৈরঘযে হাত	H0520	hbo:0520	fertility	0.0	2	eflomal
নপুংসক নেরগল	H7248	hbo:7248	fertility	0.0	2	eflomal
নযায বিধানের	H6664	hbo:6664	fertility	0.0	2	eflomal
নামে বইটিতে	H5612	hbo:5612	fertility	0.0	3	eflomal
নিযে যাব	H0935	hbo:0935	fertility	0.0	2	eflomal
নৈবেদয ঢেলে	H5258	hbo:5258	fertility	0.0	2	eflomal
পদমরাগ নীলকানত	H5306	hbo:5306	fertility	0.0	2	eflomal
পনেরো দিনের	H3117	hbo:3117	fertility	0.0	2	eflomal
পরচণড রাগ	H0639	hbo:0639	fertility	0.0	4	eflomal
পরতযেক জনের	H0376	hbo:0376	fertility	0.0	2	eflomal
পরতযেক বযকতি	H0376	hbo:0376	fertility	0.0	2	eflomal
পরতি যা	H6213	hbo:6213	fertility	0.0	2	eflomal
পরথম বছরে	H8140	hbo:8140	fertility	0.0	2	eflomal
পরসথে হাত	H0520,H7341	hbo:0520,hbo:7341	phrasal	0.0	8	eflomal
পরাণদণডের যোগয	H4941	hbo:4941	fertility	0.0	2	eflomal
পরাণের ইচছা	H0185	hbo:0185	fertility	0.0	2	eflomal
পাখিদের বাসা	G2682	grc:2682	fertility	0.0	2	eflomal
পাপারথক বলি ছাগল	H8163	hbo:8163a	fertility	0.0	2	eflomal
পাযের পা	H7272	hbo:7272	fertility	0.0	2	eflomal
পাহাডের দেওযাল	H8127	hbo:8127	fertility	0.0	3	eflomal
পুরুষের সঙগে	H4904	hbo:4904	fertility	0.0	2	eflomal
পুরোটাই পূরণ	G3650	grc:3650	fertility	0.0	2	eflomal
ফলের ঝুডি	H4863	hbo:4863	fertility	0.0	2	eflomal
বংশীয দলপতিরা	H0441	hbo:0441	fertility	0.0	2	eflomal
বধিরেরা পাচছে	G2974	grc:2974	fertility	0.0	2	eflomal
বলতে লাগলো	G0756	grc:756	fertility	0.0	2	eflomal
বলবান বীর	H1368	hbo:1368	fertility	0.0	6	eflomal
বলেছেন আমি	H0559	hbo:0559	fertility	0.0	2	eflomal
বহুবংশ হও	H7235	hbo:7235	fertility	0.0	4	eflomal
বাডির পোশাক	G1742	grc:1742	fertility	0.0	2	eflomal
বাশনের ওগকে	H5747	hbo:5747	fertility	0.0	4	eflomal
বিরুদধে ওঠে	H6965	hbo:6965	fertility	0.0	2	eflomal
বিরুদধে পাপ	H6586	hbo:6586	fertility	0.0	4	eflomal
বিলশন বিগবয	H0902	hbo:0902	fertility	0.0	2	eflomal
বিশবসততা বিশবাসযোগযতা	H0571	hbo:0571	fertility	0.0	2	eflomal
বেগুনে লাল	H8438	hbo:8438	fertility	0.0	3	eflomal
ভোরে উঠে	H1242	hbo:1242	fertility	0.0	3	eflomal
মধযে আতঙক	H6184	hbo:6184	fertility	0.0	2	eflomal
মনোযোগ দিল	H7760	hbo:7760	fertility	0.0	2	eflomal
মযদার পাতরটাও	H7058	hbo:7058	fertility	0.0	2	eflomal
মলকীশূয অবীনাদব ইশ	H4444	hbo:4444	fertility	0.0	2	eflomal
মশুললমের সললু	H5543	hbo:5543c	fertility	0.0	2	eflomal
মহলি মূশি	H4249	hbo:4249	fertility	0.0	2	eflomal
মৃতদের উঠিযেছিলেন	G1453	grc:1453	fertility	0.0	3	eflomal
মেযেকে বিযে	H0802	hbo:0802	fertility	0.0	2	eflomal
মেশানো সূকষম	H1101	hbo:1101	fertility	0.0	9	eflomal
মৈশক অবেদনগো	H5665	hbo:5665	fertility	0.0	2	eflomal
মোরগ ডাকার তুমি	G0220	grc:220	fertility	0.0	2	eflomal
যেমন করেছিলেন	H6213	hbo:6213	fertility	0.0	2	eflomal
রকতসরাব অবসথায	H1818	hbo:1818	fertility	0.0	2	eflomal
রমলিযের পেকহ	H6492	hbo:6492	fertility	0.0	2	eflomal
রাজা রাজার	H4428	hbo:4428	fertility	0.0	2	eflomal
লিঙগের মুখের	H1320	hbo:1320	fertility	0.0	3	eflomal
লোকে থলিতে দরাকষারস	G3631	grc:3631	fertility	0.0	2	eflomal
সদাপরভু সদাপরভুর	H3068	hbo:3068	fertility	0.0	2	eflomal
সবরগরাজয এমন	G3664	grc:3664	fertility	0.0	3	eflomal
সবরগরাজয হযেছিল	G3772	grc:3772	fertility	0.0	2	eflomal
সবাধীন লোককে	H7023	hbo:7023	fertility	0.0	2	eflomal
সবার পিতৃকুলের	H0001	hbo:0001	fertility	0.0	2	eflomal
সমসত পরতযেক	H3605	hbo:3605	fertility	0.0	2	eflomal
সমসত রকমের	H3605	hbo:3605	fertility	0.0	2	eflomal
সমুদরে পড	G0906	grc:906	fertility	0.0	2	eflomal
সরবশকতিমান ঈশবরের	H5946	hbo:5946	fertility	0.0	3	eflomal
সরবশকতিমানে আননদ	H6026	hbo:6026	fertility	0.0	2	eflomal
সরষে দানার	G2848	grc:2848	fertility	0.0	2	eflomal
সহসরপতি শতপতি	H8269	hbo:8269	fertility	0.0	2	eflomal
সাকষীর পরমাণে	H5707	hbo:5707	fertility	0.0	2	eflomal
সামনে পডে	G4363	grc:4363	fertility	0.0	2	eflomal
সুসথ মনে	G4993	grc:4993	fertility	0.0	2	eflomal
সূরীশদদযের শলুমীযেল	H8017	hbo:8017	fertility	0.0	4	eflomal
সেনাপতি নবূষরদন	H7227	hbo:7227a	fertility	0.0	2	eflomal
হৎসর ঐনন	H2704	hbo:2704	fertility	0.0	2	eflomal
