# multi-word expressions (M1): target phrase -> original lexeme(s); lang=fra; from bcv-commons/lexeme-alignments; content+same-testament, count>=2. CC0
surface	strongs	lexemes	kind	confidence	count	methods
abattrez idoles	H0842	hbo:0842	fertility	1.0	2	eflomal
abel maaca	H0062	hbo:0062	fertility	1.0	3	eflomal
abel mehola	H0065	hbo:0065	fertility	1.0	6	eflomal;gloss
abigaïl carmel	H0026	hbo:0026	fertility	1.0	5	eflomal
abîme jaillirent	H8415	hbo:8415	fertility	1.0	2	eflomal
acacia placées	H7848	hbo:7848	fertility	1.0	2	eflomal
accomplir vœu	H5088	hbo:5088	fertility	1.0	2	eflomal
accomplirai vœux	H5088	hbo:5088	fertility	1.0	3	eflomal
accordée désires	H1246	hbo:1246	fertility	1.0	3	eflomal
acheter blé	H7666	hbo:7666	fertility	1.0	2	eflomal
action grâces	G2169	grc:2169	fertility	1.0	2	eflomal
admit conseil secret	H4928	hbo:4928	fertility	1.0	2	eflomal
adoni bézek	H0137	hbo:0137	fertility	1.0	6	eflomal;gloss
adoni tsédek	H0139	hbo:0139	fertility	1.0	4	eflomal;gloss
agitera côté	H5130	hbo:5130	fertility	1.0	2	eflomal
agréable odeur	H5207	hbo:5207	fertility	1.0	38	eflomal
airain ardent	G5474	grc:5474	fertility	1.0	4	eflomal;gloss
airain poli	H2830	hbo:2830	fertility	1.0	5	eflomal;gloss
aire athad	H0329	hbo:0329b	fertility	1.0	2	eflomal
aller devant	H7122	hbo:7122	fertility	1.0	3	eflomal
aller rencontre	H7122	hbo:7122	fertility	1.0	3	eflomal
allia mariage	H2859	hbo:2859	fertility	1.0	2	eflomal
alliance traitée	H3772	hbo:3772	fertility	1.0	2	eflomal
allés voir	G1831	grc:1831	fertility	1.0	2	eflomal
almon diblathaïm	H5963	hbo:5963	fertility	1.0	4	eflomal;gloss
amener obéissance	G5218	grc:5218	fertility	1.0	2	eflomal
amour fraternel	G5360	grc:5360	fertility	1.0	12	eflomal;gloss
animaux étouffés	G4156	grc:4156	fertility	1.0	6	eflomal;gloss
annonçant bonne nouvelle	G2097	grc:2097	fertility	1.0	3	eflomal
appartenait élimélec	H0458	hbo:0458	fertility	1.0	2	eflomal
appartienne prochain	H7453	hbo:7453	fertility	1.0	2	eflomal
appelles bon	G0018	grc:18	fertility	1.0	2	eflomal
appliqué cœur	H3820	hbo:3820	fertility	1.0	5	eflomal
apporte guérison	H4832	hbo:4832	fertility	1.0	2	eflomal
apportent malédiction	H0779	hbo:0779	fertility	1.0	4	eflomal
approchera puni	H7131	hbo:7131	fertility	1.0	3	eflomal
approcheront douleur	H3015	hbo:3015	fertility	1.0	2	eflomal
après dénombrement	H6485	hbo:6485	fertility	1.0	15	eflomal
après estimation	H6187	hbo:6187	fertility	1.0	5	eflomal
après rendu grâces	G2168	grc:2168	fertility	1.0	6	eflomal
arbres espèce	H6086	hbo:6086	fertility	1.0	2	eflomal
argent commun	H3701	hbo:3701	fertility	1.0	2	eflomal
arnon depuis	H0769	hbo:0769	fertility	1.0	2	eflomal
assemblée solennelle	H6116	hbo:6116	fertility	1.0	5	eflomal
assistance destinée	G1248	grc:1248	fertility	1.0	4	eflomal;gloss
assujettis tribut	H4522	hbo:4522	fertility	1.0	3	eflomal
atharoth addar	H5853	hbo:5853	fertility	1.0	4	eflomal;gloss
aucun n	G3762	grc:3762	fertility	1.0	3	eflomal
aura honte	G1870	grc:1870	fertility	1.0	3	eflomal
auras achevé	H7999	hbo:7999	fertility	1.0	2	eflomal
auras semé	H2232	hbo:2232	fertility	1.0	2	eflomal
auras succès	H6743	hbo:6743	fertility	1.0	5	eflomal
auront respect	G1788	grc:1788	fertility	1.0	2	eflomal
auront soif	H6770	hbo:6770	fertility	1.0	2	eflomal
autres garniture	H4394	hbo:4394	fertility	1.0	2	eflomal
avait annoncé	G2046	grc:2046	fertility	1.0	12	eflomal;gloss
avait canne	H7070	hbo:7070	fertility	1.0	3	eflomal
avait coudées	H0520	hbo:0520	fertility	1.0	14	eflomal
avait frappé	H6556	hbo:6556	fertility	1.0	4	eflomal;gloss
avez lu	G0314	grc:314	fertility	1.0	5	eflomal
avoir rompit	G2806	grc:2806	fertility	1.0	4	eflomal
avons quitté	G0863	grc:863	fertility	1.0	3	eflomal
ayant appelé	G4341	grc:4341	fertility	1.0	5	eflomal
ayant fièvre	G4445	grc:4445	fertility	1.0	2	eflomal
ayant quitté	G0863	grc:863	fertility	1.0	2	eflomal
ayez courage	H0553	hbo:0553	fertility	1.0	3	eflomal
baal berith	H1170	hbo:1170	fertility	1.0	4	eflomal;gloss
baal gad	H1171	hbo:1171	fertility	1.0	6	eflomal;gloss
baal hanan	H1177	hbo:1177	fertility	1.0	10	eflomal;gloss
baal hermon	H1179	hbo:1179	fertility	1.0	4	eflomal;gloss
baal meon	H1186	hbo:1186	fertility	1.0	6	eflomal;gloss
baal peor	H1187	hbo:1187	fertility	1.0	5	eflomal
baal peratsim	H1188	hbo:1188	fertility	1.0	8	eflomal;gloss
baal tsephon	H1189	hbo:1189	fertility	1.0	6	eflomal;gloss
baal zebub	H1176	hbo:1176	fertility	1.0	3	eflomal
babylone gouverneur	H0894	hbo:0894	fertility	1.0	2	eflomal
balaam balaam	H1109	hbo:1109	fertility	1.0	2	eflomal
balak tenait	H5324	hbo:5324	fertility	1.0	2	eflomal
balle emportée	H4671	hbo:4671	fertility	1.0	2	eflomal
bamoth baal	H1181	hbo:1181a	fertility	1.0	2	gloss
bandes armées	H1416	hbo:1416	fertility	1.0	2	eflomal
bannière avec	H1714	hbo:1714	fertility	1.0	3	eflomal
bath schéba	H1339	hbo:1339	fertility	1.0	20	eflomal;gloss
battants portes	H1817	hbo:1817	fertility	1.0	2	eflomal
battront verges	G3146	grc:3146	fertility	1.0	2	eflomal
beau frère	H2992	hbo:2992	fertility	1.0	6	eflomal;gloss
beer schéba	H0884	hbo:0884	fertility	1.0	64	eflomal;gloss
belle sœur	H2994	hbo:2994	fertility	1.0	8	eflomal;gloss
belles filles	H3618	hbo:3618	fertility	1.0	10	eflomal;gloss
beth araba	H1026	hbo:1026	fertility	1.0	6	eflomal;gloss
beth aven	H1007	hbo:1007	fertility	1.0	14	eflomal;gloss
beth bara	H1012	hbo:1012	fertility	1.0	4	eflomal;gloss
beth hakkérem	H1021	hbo:1021	fertility	1.0	4	eflomal;gloss
beth horon	H1032	hbo:1032	fertility	1.0	10	eflomal
beth jeschimoth	H1020	hbo:1020	fertility	1.0	3	eflomal
beth schan	H1052	hbo:1052	fertility	1.0	5	eflomal;gloss
beth schean	H1052	hbo:1052	fertility	1.0	12	eflomal;gloss
beth schémesch	H1030,H1053	hbo:1030,hbo:1053	phrasal	1.0	21	eflomal;gloss
beth tsur	H1049	hbo:1049	fertility	1.0	8	eflomal;gloss
bien aimés	G0027	grc:27	fertility	1.0	29	eflomal
bientôt dissipe	H7925	hbo:7925	fertility	1.0	2	eflomal
bois olivier	H6086	hbo:6086	fertility	1.0	4	eflomal
boisson enivrante	H7941	hbo:7941	fertility	1.0	3	eflomal
boissons fortes	H7941	hbo:7941	fertility	1.0	10	eflomal;gloss
bonne odeur	G2175	grc:2175	fertility	1.0	2	eflomal
bonne santé	G5198	grc:5198	fertility	1.0	2	gloss
bonne volonté	G4288	grc:4288	fertility	1.0	5	eflomal;gloss
bons raisins	H6025	hbo:6025	fertility	1.0	2	eflomal
bout quelques	H7093	hbo:7093	fertility	1.0	3	eflomal
brûler parfums	H6999	hbo:6999	fertility	1.0	2	eflomal
brûlera sur	H6999	hbo:6999	fertility	1.0	7	eflomal
buisson épines	H0329	hbo:0329	fertility	1.0	2	eflomal
bâtit dessus	G2026	grc:2026	fertility	1.0	2	eflomal
bâtons envoyée	G3586	grc:3586	fertility	1.0	2	eflomal
bête morte	H5038	hbo:5038	fertility	1.0	10	eflomal;gloss
bêtes sauvages	G2342	grc:2342	fertility	1.0	3	eflomal
cause crime	H5771	hbo:5771	fertility	1.0	2	eflomal
cause flux	H2101	hbo:2101	fertility	1.0	2	eflomal
cause grand nombre	H7230	hbo:7230	fertility	1.0	2	eflomal
cause iniquité	H5771	hbo:5771	fertility	1.0	3	eflomal
cause iniquités	H5771	hbo:5771	fertility	1.0	4	eflomal
cause justice	H6666	hbo:6666	fertility	1.0	2	eflomal
causer mort	H4191	hbo:4191	fertility	1.0	2	eflomal
cela fut imputé	G3049	grc:3049	fertility	1.0	2	eflomal
cela imputé	G3049	grc:3049	fertility	1.0	2	eflomal
celles allaiteront	G2337	grc:2337	fertility	1.0	3	eflomal
certaine distance	H3530	hbo:3530	fertility	1.0	2	eflomal
ceux craignent	H3373	hbo:3373	fertility	1.0	5	eflomal
ceux haïssent	H8130	hbo:8130	fertility	1.0	4	eflomal
ceux pillaient	H8154	hbo:8154	fertility	1.0	2	eflomal
chambre haute	G0508,G5253	grc:508,grc:5253	phrasal	1.0	6	eflomal;gloss
chambres latérales	H6763	hbo:6763	fertility	1.0	6	eflomal
champ nouveau	H5215	hbo:5215	fertility	1.0	4	eflomal;gloss
chantez louanges	H8416	hbo:8416	fertility	1.0	2	eflomal
chants triomphe	H7440	hbo:7440	fertility	1.0	2	eflomal
charbons ardents	H1513	hbo:1513	fertility	1.0	6	eflomal
chargerais péché	H2399	hbo:2399	fertility	1.0	2	eflomal
chaîne trame	H8359	hbo:8359	fertility	1.0	2	eflomal
chef chantres	H5329	hbo:5329	fertility	1.0	6	eflomal
chef synagogue	G0752	grc:752	fertility	1.0	7	eflomal
chefs issus	H0441	hbo:0441	fertility	1.0	4	eflomal
chefs militaires	G5506	grc:5506	fertility	1.0	6	eflomal;gloss
chercha querelle	H7378	hbo:7378	fertility	1.0	6	eflomal;gloss
cherche refuge	H2620	hbo:2620	fertility	1.0	2	eflomal
chevaux trait	H7393	hbo:7393	fertility	1.0	2	eflomal
chiens sauvages	H0338	hbo:0338	fertility	1.0	4	eflomal;gloss
châtierai scorpions	H6137	hbo:6137	fertility	1.0	2	eflomal
cinq cents	G4001	grc:4001	fertility	1.0	4	eflomal;gloss
cinq mille	G4000	grc:4000	fertility	1.0	12	eflomal;gloss
cognée mise	G0513	grc:513	fertility	1.0	2	eflomal
collège anciens	G4244	grc:4244	fertility	1.0	2	eflomal
colonnes posant	H5982	hbo:5982	fertility	1.0	2	eflomal
combat engagea	H4421	hbo:4421	fertility	1.0	2	eflomal
comme cachets	H2368	hbo:2368	fertility	1.0	2	eflomal
commencèrent à	G0756	grc:756	fertility	1.0	2	eflomal
commença à	G0756	grc:756	fertility	1.0	3	eflomal
commençait à	G0756	grc:756	fertility	1.0	2	eflomal
commis péché	H2398	hbo:2398	fertility	1.0	2	eflomal
compagnon captivité	G4869	grc:4869	fertility	1.0	2	eflomal
compagnon service	G4889	grc:4889	fertility	1.0	2	eflomal
compagnon œuvre	G4904	grc:4904	fertility	1.0	2	eflomal
comptés nombrés	H4487	hbo:4487	fertility	1.0	2	eflomal
confie cause	H7379	hbo:7379	fertility	1.0	2	eflomal
conspiration conspiration	H7195	hbo:7195	fertility	1.0	2	eflomal
consulté urim	H0224	hbo:0224	fertility	1.0	2	eflomal
contenait baths	H1324	hbo:1324	fertility	1.0	2	eflomal
contre irrité	H2194	hbo:2194	fertility	1.0	2	eflomal
corbeilles pleines	G4711	grc:4711	fertility	1.0	2	eflomal
cornes frapperas	H5055	hbo:5055	fertility	1.0	2	eflomal
coudées avait	H0520	hbo:0520	fertility	1.0	2	eflomal
couleur bleue	H8504	hbo:8504	fertility	1.0	3	eflomal
couleur rouge	H8350	hbo:8350	fertility	1.0	4	eflomal;gloss
coupa jarrets	H6131	hbo:6131	fertility	1.0	3	eflomal
couper habits	H4063	hbo:4063	fertility	1.0	2	eflomal
coupera morceaux	H5409	hbo:5409	fertility	1.0	2	eflomal
couvert honte	H0954	hbo:0954	fertility	1.0	2	eflomal
cris guerre	H8643	hbo:8643	fertility	1.0	2	eflomal
crochets tringles	H2053	hbo:2053	fertility	1.0	2	eflomal
croissent lis	G2918	grc:2918	fertility	1.0	2	eflomal
croissent plaine	H8219	hbo:8219	fertility	1.0	2	eflomal
crurent point	G0569	grc:569	fertility	1.0	2	eflomal
cuschan rischeathaïm	H3573	hbo:3573	fertility	1.0	8	eflomal;gloss
cuves regorgeront	H3342	hbo:3342	fertility	1.0	2	eflomal
célébreras fête	H2282	hbo:2282	fertility	1.0	2	eflomal
côté autre	H8573	hbo:8573	fertility	1.0	2	eflomal
côté ci	H5676	hbo:5676	fertility	1.0	5	eflomal
cœur content	H3820	hbo:3820	fertility	1.0	3	eflomal
dans allégresse	H1523	hbo:1523	fertility	1.0	3	eflomal
dans détresse	H6887	hbo:6887	fertility	1.0	3	eflomal
de de pétrie	H1101	hbo:1101	fertility	1.0	20	eflomal
delà monceau	H1530	hbo:1530	fertility	1.0	2	eflomal
demain matin	H1242	hbo:1242	fertility	1.0	2	eflomal
demandé compte	G1567	grc:1567	fertility	1.0	4	eflomal;gloss
demeurez fermes	G4739	grc:4739	fertility	1.0	10	eflomal;gloss
demeuré vivant	H2421	hbo:2421	fertility	1.0	2	eflomal
depuis ans	G2094	grc:2094	fertility	1.0	4	eflomal
depuis longtemps	G5550	grc:5550	fertility	1.0	2	eflomal
depuis vente	H4465	hbo:4465	fertility	1.0	2	eflomal
dernière cime	H7093	hbo:7093	fertility	1.0	2	eflomal
descendent famille	H4940	hbo:4940	fertility	1.0	3	eflomal
desséchée soif	H6772	hbo:6772	fertility	1.0	2	eflomal
destinés service	H5656	hbo:5656	fertility	1.0	3	eflomal
deux cent	G1250	grc:1250	fertility	1.0	3	eflomal
devait accoucher	G4130	grc:4130	fertility	1.0	2	gloss
devenir enceinte	H2030	hbo:2030	fertility	1.0	2	eflomal
devenue pâle	H3544	hbo:3544	fertility	1.0	3	eflomal
devenus esclaves	G1402	grc:1402	fertility	1.0	4	eflomal;gloss
deviendrais faible	H2470	hbo:2470	fertility	1.0	2	eflomal
deviendras solitude	H8077	hbo:8077	fertility	1.0	2	eflomal
devient pauvre	H4134	hbo:4134	fertility	1.0	3	eflomal
devient sage	H2449	hbo:2449	fertility	1.0	2	eflomal
devint enceinte	H2029	hbo:2029	fertility	1.0	20	eflomal
devint infect	H0887	hbo:0887	fertility	1.0	2	eflomal
dictée de	H6310	hbo:6310	fertility	1.0	2	eflomal
dieux étrangers	H2114	hbo:2114b	fertility	1.0	2	eflomal
digne mort	H4194	hbo:4194	fertility	1.0	2	eflomal
dirent rabschaké	H7262	hbo:7262	fertility	1.0	2	eflomal
dirigea seuil	H4670	hbo:4670	fertility	1.0	2	eflomal
diront heureux	H0833	hbo:0833a	fertility	1.0	2	eflomal
discours moqueurs	H4912	hbo:4912	fertility	1.0	4	eflomal;gloss
disent heureuse	H0833	hbo:0833a	fertility	1.0	4	eflomal;gloss
dispersé ennemis	H0341	hbo:0341	fertility	1.0	2	eflomal
dite coq	G0220	grc:220	fertility	1.0	2	eflomal
divinement averti	G5537	grc:5537	fertility	1.0	10	eflomal;gloss
dois renoncer	H2308	hbo:2308	fertility	1.0	3	eflomal
doive être	G0601	grc:601	fertility	1.0	4	eflomal;gloss
doivent honnêtes	G4586	grc:4586	fertility	1.0	3	eflomal
donna cet ordre	H6680	hbo:6680	fertility	1.0	5	eflomal
donna festin	H4960	hbo:4960	fertility	1.0	2	eflomal
donne boire	H8248	hbo:8248	fertility	1.0	2	eflomal
donne intelligence	H0995	hbo:0995	fertility	1.0	3	eflomal
donne ordres	H6680	hbo:6680	fertility	1.0	3	eflomal
donner explication	H6591	hbo:6591	fertility	1.0	2	eflomal
donnerai ordres	H6680	hbo:6680	fertility	1.0	4	eflomal
donné ordre	H6680	hbo:6680	fertility	1.0	8	eflomal
dons spirituels	G4152	grc:4152	fertility	1.0	2	eflomal
douleurs enfantement	G5605	grc:5605	fertility	1.0	2	eflomal
dressa monument	H4676	hbo:4676	fertility	1.0	2	eflomal
droit aînesse	H1062	hbo:1062	fertility	1.0	3	eflomal
dure servitude	H7186	hbo:7186	fertility	1.0	3	eflomal
dure toujours	H5769	hbo:5769	fertility	1.0	20	eflomal
dureté cœur	G4641	grc:4641	fertility	1.0	3	eflomal
déclarera impur	H2930	hbo:2930	fertility	1.0	5	eflomal
déclarera pur	H2891	hbo:2891	fertility	1.0	6	eflomal
déclaré pur	G2511	grc:2511	fertility	1.0	2	eflomal
découvert secret	G2927	grc:2927	fertility	1.0	2	eflomal
découvriras la	H1540	hbo:1540	fertility	1.0	8	eflomal
défaut corporel	H3971	hbo:3971a	fertility	1.0	6	eflomal
dépassent nombre	H5736	hbo:5736	fertility	1.0	2	eflomal
déployèrent ailes	H3671	hbo:3671	fertility	1.0	2	eflomal
déposent contre	G2649	grc:2649	fertility	1.0	4	eflomal;gloss
déroberas diras	G2813	grc:2813	fertility	1.0	2	eflomal
dévoua interdit	H2763	hbo:2763	fertility	1.0	4	eflomal
dévouer interdit	H2763	hbo:2763	fertility	1.0	4	eflomal
dévouâmes interdit	H2763	hbo:2763	fertility	1.0	3	eflomal
dévouèrent interdit	H2763	hbo:2763	fertility	1.0	4	eflomal
dévouées interdit	H2764	hbo:2764	fertility	1.0	3	eflomal
dévoués interdit	H2763	hbo:2763	fertility	1.0	2	eflomal
emmena captifs	H1540	hbo:1540	fertility	1.0	9	eflomal;gloss
emmena captivité	H1540	hbo:1540	fertility	1.0	2	eflomal
emporta morceaux	G2801	grc:2801	fertility	1.0	2	eflomal
endroits pierreux	G4075	grc:4075	fertility	1.0	6	eflomal;gloss
enduiras chaux	H7875	hbo:7875	fertility	1.0	2	eflomal
enregistrés généalogies	H3187	hbo:3187	fertility	1.0	4	eflomal
entendis voix	G5456	grc:5456	fertility	1.0	3	eflomal
entendit parler	G0191	grc:191	fertility	1.0	2	eflomal
entendu parler	G0191	grc:191	fertility	1.0	5	eflomal
entièrement ronde	H5696	hbo:5696	fertility	1.0	2	eflomal
entièrement étoffe	H3632	hbo:3632	fertility	1.0	2	eflomal
entrassent chaleur	H3179	hbo:3179	fertility	1.0	2	eflomal
envoie exprès	G3992	grc:3992	fertility	1.0	2	eflomal
envoya chercher	H7971	hbo:7971	fertility	1.0	2	eflomal
envoya messagers	H7971	hbo:7971	fertility	1.0	2	eflomal
esprit enleva	H7307	hbo:7307	fertility	1.0	2	eflomal
esther conduite	H0635	hbo:0635	fertility	1.0	2	eflomal
examinera plaie	H5061	hbo:5061	fertility	1.0	6	eflomal
excitèrent jalousie	H7065	hbo:7065	fertility	1.0	2	eflomal
excité jalousie	H7065	hbo:7065	fertility	1.0	2	eflomal
expiation péché	H2403	hbo:2403	fertility	1.0	2	eflomal
exécuté desseins	H4209	hbo:4209	fertility	1.0	2	eflomal
face contre	H0639	hbo:0639	fertility	1.0	3	eflomal
faire expiation	H3722	hbo:3722	fertility	1.0	7	eflomal
faire résider	H7931	hbo:7931	fertility	1.0	2	eflomal
fais la	H5414	hbo:5414	fertility	1.0	2	eflomal
fais vin	G3631	grc:3631	fertility	1.0	2	eflomal
faisaient paître	G1006	grc:1006	fertility	1.0	3	eflomal
faisaient route	G4848	grc:4848	fertility	1.0	2	eflomal
faisait service	H8334	hbo:8334	fertility	1.0	2	eflomal
faisant bonne chère	G4910	grc:4910	fertility	1.0	2	eflomal
faisant tour	H5362	hbo:5362a	fertility	1.0	2	eflomal
faisons boire	H8248	hbo:8248	fertility	1.0	2	eflomal
fait délices	H8191	hbo:8191	fertility	1.0	3	eflomal
faites guerre	H3898	hbo:3898	fertility	1.0	2	eflomal
faites mal	H7489	hbo:7489	fertility	1.0	2	eflomal
familles selon	H4940	hbo:4940	fertility	1.0	2	eflomal
faut force	H1369	hbo:1369	fertility	1.0	2	eflomal
faut lier	H0631	hbo:0631	fertility	1.0	2	eflomal
faux christs faux prophètes	G5578	grc:5578	fertility	1.0	2	eflomal
faux frères	G5569	grc:5569	fertility	1.0	2	eflomal
faux prophète	G5578	grc:5578	fertility	1.0	4	eflomal
faux prophètes	G5578	grc:5578	fertility	1.0	4	eflomal
femme libre	G1658	grc:1658	fertility	1.0	4	eflomal
femme stérile	H6135	hbo:6135	fertility	1.0	2	eflomal
femmes moudront	G0229	grc:229	fertility	1.0	2	eflomal
fera aspersion	H5137	hbo:5137	fertility	1.0	6	eflomal
fera expiation	H3722	hbo:3722	fertility	1.0	15	eflomal
fera mourir	H4191	hbo:4191	fertility	1.0	3	eflomal
ferai cesser	H7673	hbo:7673	fertility	1.0	7	eflomal
feras cuire	H1310	hbo:1310	fertility	1.0	4	eflomal
feras racheter	H6299	hbo:6299	fertility	1.0	3	eflomal
feront service	H8334	hbo:8334	fertility	1.0	2	eflomal
fidèle fidèle	G4103	grc:4103	fertility	1.0	2	eflomal
fils alphée	G0256	grc:256	fertility	1.0	2	eflomal
fils mattathias fils	G3161	grc:3161	fertility	1.0	2	eflomal
firent partie dénombrement	H6485	hbo:6485	fertility	1.0	2	eflomal
fleur farine	H5560	hbo:5560	fertility	1.0	25	eflomal
fleurs épanouies	H6731	hbo:6731	fertility	1.0	4	eflomal
fleuve fleuve	H5104	hbo:5104	fertility	1.0	2	eflomal
font délices	H8191	hbo:8191	fertility	1.0	2	eflomal
font service	H8334	hbo:8334	fertility	1.0	3	eflomal
forme sentencieuse	H4912	hbo:4912	fertility	1.0	2	eflomal
fourmillera grenouilles	H6854	hbo:6854	fertility	1.0	2	eflomal
frappés langueur	H4743	hbo:4743	fertility	1.0	2	eflomal
frayez frayez	H5549	hbo:5549	fertility	1.0	4	eflomal;gloss
froid bouillant	G2200	grc:2200	fertility	1.0	2	eflomal
fruits été	H7019	hbo:7019	fertility	1.0	2	eflomal
furent rassasiés	G5526	grc:5526	fertility	1.0	2	eflomal
furent remplis	G4130	grc:4130	fertility	1.0	4	eflomal
furent saisis	G5399	grc:5399	fertility	1.0	13	eflomal;gloss
fusses chef	H5057	hbo:5057	fertility	1.0	2	eflomal
fête pendant	H2282	hbo:2282	fertility	1.0	3	eflomal
fête pâque	G3957	grc:3957	fertility	1.0	2	eflomal
fûtes rebelles	H4784	hbo:4784	fertility	1.0	3	eflomal
garda silence	G4623	grc:4623	fertility	1.0	2	eflomal
gardèrent silence	G4601	grc:4601	fertility	1.0	2	eflomal
gath rimmon	H1667	hbo:1667	fertility	1.0	6	eflomal;gloss
gauche dépend	G2176	grc:2176	fertility	1.0	2	eflomal
gelée blanche	H3713	hbo:3713a	fertility	1.0	4	eflomal;gloss
gens embuscade	H0693	hbo:0693	fertility	1.0	3	eflomal
gouverneur schethar	H6347	hbo:6347	fertility	1.0	2	eflomal
gouverneurs enfants	H0539	hbo:0539a	fertility	1.0	2	eflomal
grain rôti	H7039	hbo:7039	fertility	1.0	8	eflomal;gloss
grain tombé	H5599	hbo:5599a	fertility	1.0	2	gloss
grains sable	H2344	hbo:2344	fertility	1.0	2	eflomal
grand lobe	H3508	hbo:3508	fertility	1.0	22	eflomal;gloss
grand nombre	H7230,H7227	hbo:7230,hbo:7227	phrasal	1.0	30	eflomal;gloss
grands juges	H0148	hbo:0148	fertility	1.0	4	eflomal;gloss
gros orteil	H0931	hbo:0931	fertility	1.0	5	eflomal
grosses pierres	H1419	hbo:1419	fertility	1.0	4	eflomal
grâces rendues	G5485	grc:5485	fertility	1.0	3	eflomal
guibbethon appartenait	H1405	hbo:1405	fertility	1.0	2	eflomal
gémis dedans	H1993	hbo:1993	fertility	1.0	2	eflomal
génération génération	H1755	hbo:1755	fertility	1.0	2	eflomal
haroscheth goïm	H2800	hbo:2800a	fertility	1.0	5	eflomal;gloss
hatsar schual	H2705	hbo:2705	fertility	1.0	8	eflomal;gloss
hatsar énan	H2704	hbo:2704	fertility	1.0	4	eflomal;gloss
hatsatson thamar	H2688	hbo:2688	fertility	1.0	4	eflomal;gloss
haut lieu	H1116	hbo:1116	fertility	1.0	27	eflomal;gloss
haut placée	H5945	hbo:5945	fertility	1.0	4	eflomal;gloss
haute retraite	H4869	hbo:4869	fertility	1.0	5	eflomal
haute taille	H4060,H7311	hbo:4060,hbo:7311	phrasal	1.0	10	eflomal;gloss
haute élevée	H1364	hbo:1364	fertility	1.0	2	eflomal
herbes amères	H4844	hbo:4844	fertility	1.0	4	eflomal;gloss
heure même	G5610	grc:5610	fertility	1.0	5	eflomal
heure venue	G5610	grc:5610	fertility	1.0	5	eflomal
heureuse vieillesse	H7872	hbo:7872	fertility	1.0	4	eflomal
holocaustes sacrifices	G3646	grc:3646	fertility	1.0	2	eflomal
homme prudent	H6175	hbo:6175	fertility	1.0	6	eflomal
hommes droits	H3477	hbo:3477	fertility	1.0	45	eflomal;gloss
hommes rusés	H6175	hbo:6175	fertility	1.0	2	gloss
héritage sort	H5159	hbo:5159	fertility	1.0	3	eflomal
hérodias dansa	G2266	grc:2266	fertility	1.0	2	eflomal
idole astarté	H0842	hbo:0842	fertility	1.0	3	eflomal
idoles astarté	H0842	hbo:0842	fertility	1.0	4	eflomal
image fonte	H4541	hbo:4541	fertility	1.0	3	eflomal
image taillée	H6459	hbo:6459	fertility	1.0	37	eflomal;gloss
images taillées	H6459,H6456	hbo:6459,hbo:6456	phrasal	1.0	14	eflomal;gloss
indisposition menstruelle	H5079	hbo:5079	fertility	1.0	5	eflomal;gloss
iniquités commises	H5771	hbo:5771	fertility	1.0	2	eflomal
isch boscheth	H0378	hbo:0378	fertility	1.0	22	eflomal;gloss
israël ton	H3478	hbo:3478	fertility	1.0	2	eflomal
jabès galaad	H3003	hbo:3003b	fertility	1.0	9	eflomal
jeta défi	H2778	hbo:2778	fertility	1.0	2	eflomal
jeta pieds	G4363	grc:4363	fertility	1.0	2	eflomal
jeune femme	H5291	hbo:5291	fertility	1.0	28	eflomal;gloss
jeune lion	H3715	hbo:3715	fertility	1.0	2	eflomal
jeunes gens	H5288	hbo:5288	fertility	1.0	29	eflomal;gloss
jeunes hommes	H0970	hbo:0970	fertility	1.0	3	eflomal
jischbak schuach	H3435	hbo:3435	fertility	1.0	2	eflomal
joindrez offrande	H4503	hbo:4503	fertility	1.0	5	eflomal
joueurs flûte	G0834	grc:834	fertility	1.0	2	eflomal
jour là	G2250	grc:2250	fertility	1.0	3	eflomal
jour mois	H2320	hbo:2320	fertility	1.0	24	eflomal
jour repos	H7676	hbo:7676	fertility	1.0	2	eflomal
jour semaine	G4521	grc:4521	fertility	1.0	4	eflomal
juda duré	H3063	hbo:3063	fertility	1.0	2	eflomal
jude fils	G2455	grc:2455	fertility	1.0	2	eflomal
jugements exercent	H4941	hbo:4941	fertility	1.0	2	eflomal
jugés dignes	G2661	grc:2661	fertility	1.0	2	gloss
jure même	H7650	hbo:7650	fertility	1.0	4	eflomal
justice équité	H6666	hbo:6666	fertility	1.0	2	eflomal
jérusalem jérusalem	G2419	grc:2419	fertility	1.0	2	eflomal
jésus leur	G2424	grc:2424	fertility	1.0	2	eflomal
jésus lui	G2424	grc:2424	fertility	1.0	3	eflomal
kadès barnéa	H6947	hbo:6947	fertility	1.0	20	eflomal;gloss
kenaana approché	H3668	hbo:3668	fertility	1.0	2	eflomal
kibroth hattaava	H6914	hbo:6914	fertility	1.0	10	eflomal;gloss
kirjath arba	H7153	hbo:7153	fertility	1.0	7	eflomal
kirjath baal	H7154	hbo:7154	fertility	1.0	4	eflomal;gloss
kirjath jearim	H7157	hbo:7157	fertility	1.0	36	eflomal;gloss
kirjath sépher	H7158	hbo:7158a	fertility	1.0	4	eflomal
lachaï roï	H0883	hbo:0883	fertility	1.0	6	eflomal;gloss
laissa aller	H7971	hbo:7971	fertility	1.0	3	eflomal
laissa échapper	H7604	hbo:7604	fertility	1.0	2	eflomal
laissait vie	H2421	hbo:2421	fertility	1.0	2	eflomal
laisse partir	H7971	hbo:7971	fertility	1.0	2	eflomal
laisser ignorer	G0050	grc:50	fertility	1.0	4	eflomal;gloss
laisser impuni	H5352	hbo:5352	fertility	1.0	2	eflomal
laissera impuni	H5352	hbo:5352	fertility	1.0	2	eflomal
laisserez vivre	H2421	hbo:2421	fertility	1.0	2	eflomal
langue hébraïque	G1258	grc:1258	fertility	1.0	3	eflomal
langue judaïque	H3066	hbo:3066	fertility	1.0	10	eflomal;gloss
lendemain matin	H1242	hbo:1242	fertility	1.0	5	eflomal
lent riche	H0750	hbo:0750	fertility	1.0	2	eflomal
leur parabole	G3850	grc:3850	fertility	1.0	3	eflomal
leur paraboles	G3850	grc:3850	fertility	1.0	3	eflomal
levant yeux	G0308	grc:308	fertility	1.0	4	eflomal
lieu saint	H6944	hbo:6944	fertility	1.0	2	eflomal
lieu très	H6944	hbo:6944	fertility	1.0	2	eflomal
lieux célestes	G2032	grc:2032	fertility	1.0	4	eflomal
lieux faibles	H6172	hbo:6172	fertility	1.0	2	eflomal
lieux forts	H4679	hbo:4679	fertility	1.0	4	eflomal;gloss
lieux habiterez	H4186	hbo:4186	fertility	1.0	5	eflomal
lieux habités	H4186	hbo:4186	fertility	1.0	2	eflomal
lieux très hauts	G5310	grc:5310	fertility	1.0	4	eflomal
limite par	H1366	hbo:1366	fertility	1.0	2	eflomal
liqueur forte	H7941	hbo:7941	fertility	1.0	6	eflomal;gloss
liqueurs fortes	H7941	hbo:7941	fertility	1.0	14	eflomal;gloss
livrèrent bataille	H3898	hbo:3898	fertility	1.0	2	eflomal
livrés profond sommeil	H8639	hbo:8639	fertility	1.0	2	eflomal
longues prières	G3117	grc:3117	fertility	1.0	4	eflomal;gloss
longueur répondant	H0753	hbo:0753	fertility	1.0	3	eflomal
lorsque achevé	H3615	hbo:3615	fertility	1.0	4	eflomal
lumière éclatante	H5051	hbo:5051	fertility	1.0	7	eflomal;gloss
machli muschi	H4249	hbo:4249	fertility	1.0	4	eflomal
maigres engloutirent	H1851	hbo:1851	fertility	1.0	2	eflomal
maison millo	H1037	hbo:1037	fertility	1.0	2	eflomal
maisons paternelles	H0001	hbo:0001	fertility	1.0	12	eflomal
majesté divine	G3172	grc:3172	fertility	1.0	2	eflomal
malki schua	H4444	hbo:4444	fertility	1.0	6	eflomal;gloss
manger eu	G5315	grc:5315	fertility	1.0	2	eflomal
marcaboth hatsar	H1024	hbo:1024	fertility	1.0	2	eflomal
marie mère	G3137	grc:3137	fertility	1.0	3	eflomal
masses raisins secs	H6778	hbo:6778	fertility	1.0	3	eflomal
maudit quiconque	H0779	hbo:0779	fertility	1.0	2	eflomal
maudit soit	H0779	hbo:0779	fertility	1.0	22	eflomal
mauvaise qualité	H7455	hbo:7455	fertility	1.0	7	eflomal;gloss
mauvaises pensées	G1261	grc:1261	fertility	1.0	2	eflomal
maître maison	G3617	grc:3617	fertility	1.0	4	eflomal
meilleure partie	H4315	hbo:4315	fertility	1.0	4	eflomal;gloss
meilleurs bœufs	H1241	hbo:1241	fertility	1.0	2	eflomal
meilleurs fruits	H4022	hbo:4022	fertility	1.0	5	eflomal;gloss
meilleurs produits	H4022	hbo:4022	fertility	1.0	4	eflomal;gloss
melchi fils	G3197	grc:3197	fertility	1.0	2	gloss
menahem gadi	H4505	hbo:4505	fertility	1.0	2	eflomal
menu bétail	H6629	hbo:6629	fertility	1.0	41	eflomal;gloss
mesura coudées	H4058	hbo:4058	fertility	1.0	3	eflomal
mesurera mesure	G3358	grc:3358	fertility	1.0	2	eflomal
mesures orge	H8184	hbo:8184	fertility	1.0	2	eflomal
mets espoir	H3176	hbo:3176	fertility	1.0	2	eflomal
mettiez pratique	H6213	hbo:6213	fertility	1.0	2	eflomal
mettra pièces	G1371	grc:1371	fertility	1.0	2	eflomal
mettras lacets	H3924	hbo:3924	fertility	1.0	2	eflomal
mieux vaut	H2896	hbo:2896	fertility	1.0	49	eflomal;gloss
milieu assemblée	G3319	grc:3319	fertility	1.0	2	eflomal
mirent pillage	H0961	hbo:0961	fertility	1.0	3	eflomal
misrephoth maïm	H4956	hbo:4956	fertility	1.0	4	eflomal;gloss
miséricordieux compatissant	H7349	hbo:7349	fertility	1.0	3	eflomal
moins rigoureusement	G0414	grc:414	fertility	1.0	3	eflomal
moitié revenait	H4276	hbo:4276	fertility	1.0	2	eflomal
motif conscience	G4893	grc:4893	fertility	1.0	3	eflomal
mouchettes vases	H4457	hbo:4457	fertility	1.0	2	eflomal
mouette épervier	H8464	hbo:8464	fertility	1.0	2	eflomal
muschi machli	H4249	hbo:4249	fertility	1.0	2	eflomal
mâles présenteront	H2138	hbo:2138	fertility	1.0	2	eflomal
mémoire moi	G1699	grc:1699	fertility	1.0	3	eflomal
mérite puni	G1777	grc:1777	fertility	1.0	4	eflomal
mêmes dégoût	H6962	hbo:6962	fertility	1.0	2	eflomal
najoth près	H5121	hbo:5121b	fertility	1.0	5	eflomal
nebath nouvelles	H5028	hbo:5028	fertility	1.0	2	eflomal
ninive lèveront	G3536	grc:3536	fertility	1.0	2	eflomal
nuée arrêtait	H6051	hbo:6051	fertility	1.0	2	eflomal
nuée élevait	H6051	hbo:6051	fertility	1.0	2	eflomal
obed édom	H5654	hbo:5654	fertility	1.0	39	eflomal;gloss
objet désolation	H8047	hbo:8047	fertility	1.0	5	eflomal
objet effroi	H2189	hbo:2189	fertility	1.0	4	eflomal
objet horreur	H5079	hbo:5079	fertility	1.0	3	eflomal
objet raillerie	H7814	hbo:7814	fertility	1.0	3	eflomal
observeras fête	H2282	hbo:2282	fertility	1.0	3	eflomal
observé choses	G5442	grc:5442	fertility	1.0	2	eflomal
observé loi	H8451	hbo:8451	fertility	1.0	3	eflomal
obtenu miséricorde	G1653	grc:1653	fertility	1.0	4	eflomal
occasion chute	G4624	grc:4624	fertility	1.0	3	eflomal
occasion favorable	G2120	grc:2120	fertility	1.0	4	eflomal;gloss
odeur agréable	H5207	hbo:5207	fertility	1.0	3	eflomal
offert sacrifice culpabilité	H0817	hbo:0817	fertility	1.0	2	eflomal
officier roi	G0937	grc:937	fertility	1.0	2	eflomal
offrait sacrifice	H2076	hbo:2076	fertility	1.0	2	eflomal
offrait sacrifices	H2076	hbo:2076	fertility	1.0	7	eflomal
offrande volontaire	H5071	hbo:5071	fertility	1.0	5	eflomal
offrande élévation	H8641	hbo:8641	fertility	1.0	2	eflomal
offrandes montait	H8573	hbo:8573	fertility	1.0	4	eflomal;gloss
offre sacrifice	H2076	hbo:2076	fertility	1.0	2	eflomal
offrir parfums	H6999	hbo:6999	fertility	1.0	3	eflomal
offrir sacrifices	H2076	hbo:2076	fertility	1.0	4	eflomal
offrira bouc	H8163	hbo:8163a	fertility	1.0	2	eflomal
offrira taureau	H6499	hbo:6499	fertility	1.0	3	eflomal
offrirent holocaustes	H5930	hbo:5930	fertility	1.0	2	eflomal
offrirez bouc	H8163	hbo:8163a	fertility	1.0	5	eflomal
offrirez sacrifices consumés	H0801	hbo:0801	fertility	1.0	3	eflomal
offrirez sacrifices holocauste	H5930	hbo:5930	fertility	1.0	2	eflomal
offrirez taureaux	H6499	hbo:6499	fertility	1.0	5	eflomal
oiseau proie	H5861	hbo:5861	fertility	1.0	2	eflomal
oiseaux proie	H5861	hbo:5861	fertility	1.0	2	eflomal
ombre mort	H6757	hbo:6757	fertility	1.0	4	eflomal
opéra délivrance	H8668	hbo:8668	fertility	1.0	3	eflomal
ordonnateur repas	G0755	grc:755	fertility	1.0	2	eflomal
ordre donné	H6680	hbo:6680	fertility	1.0	2	eflomal
ordre touchant	H2942	hbo:2942	fertility	1.0	2	eflomal
oreilles entende	G3775	grc:3775	fertility	1.0	5	eflomal
pachath moab	H6355	hbo:6355	fertility	1.0	8	eflomal;gloss
paddan aram	H6307	hbo:6307	fertility	1.0	10	eflomal
pains levain	G0106	grc:106	fertility	1.0	7	eflomal
pains proposition	H4635	hbo:4635	fertility	1.0	2	eflomal
pains sans levain	H4682	hbo:4682	fertility	1.0	58	eflomal;gloss
paix paix	H7965	hbo:7965	fertility	1.0	3	eflomal
palme ordinaire	H2948	hbo:2948	fertility	1.0	2	eflomal
paniers pleins	G2894	grc:2894	fertility	1.0	2	eflomal
paraisse profonde	H6013	hbo:6013	fertility	1.0	3	eflomal
paresseux plonge	H6102	hbo:6102	fertility	1.0	2	eflomal
parle l	H0559	hbo:0559	fertility	1.0	3	eflomal
parle mal	G2635	grc:2635	fertility	1.0	4	eflomal;gloss
parmi descendants	H1755	hbo:1755	fertility	1.0	10	eflomal
parole adressée	H1697	hbo:1697	fertility	1.0	4	eflomal
parole certaine	G3056	grc:3056	fertility	1.0	2	eflomal
parole prononcée	H1697	hbo:1697	fertility	1.0	6	eflomal
partie chauve	H7146	hbo:7146	fertility	1.0	3	eflomal
partir aroër	H6177	hbo:6177	fertility	1.0	2	eflomal
parut cheval	G2462	grc:2462	fertility	1.0	4	eflomal
passa outre	G0492	grc:492	fertility	1.0	4	eflomal;gloss
passa revue	H6485	hbo:6485	fertility	1.0	4	eflomal
passer nuit	H3885	hbo:3885a	fertility	1.0	6	eflomal
passera nuit	H3885	hbo:3885a	fertility	1.0	3	eflomal
passerons nuit	H3885	hbo:3885a	fertility	1.0	2	eflomal
passez nuit	H3885	hbo:3885a	fertility	1.0	3	eflomal
passèrent jourdain	H5674	hbo:5674	fertility	1.0	2	eflomal
passèrent nuit	H3885	hbo:3885a	fertility	1.0	2	eflomal
pays alentour	G4066	grc:4066	fertility	1.0	2	eflomal
pays environs	G4066	grc:4066	fertility	1.0	2	eflomal
pays philistins	H6429	hbo:6429	fertility	1.0	2	eflomal
paître troupeau	H7462	hbo:7462	fertility	1.0	4	eflomal
païens entendissent	G1484	grc:1484	fertility	1.0	2	eflomal
peine iniquité	H5771	hbo:5771	fertility	1.0	2	eflomal
pendant années	H8141	hbo:8141	fertility	1.0	3	eflomal
pendant mois	G3376	grc:3376	fertility	1.0	5	eflomal
pendant nuit	H3915	hbo:3915	fertility	1.0	9	eflomal
pendant temps	H3117	hbo:3117	fertility	1.0	7	eflomal
pentes escarpées	G2911	grc:2911	fertility	1.0	6	eflomal;gloss
perdons courage	G1573	grc:1573	fertility	1.0	2	eflomal
perles valeur	H6443	hbo:6443	fertility	1.0	2	eflomal
personne n	G3762	grc:3762	fertility	1.0	10	eflomal
petit doigt	H5666	hbo:5666	fertility	1.0	4	eflomal;gloss
petit enfant	G3813	grc:3813	fertility	1.0	20	eflomal
petit livre	G0974	grc:974	fertility	1.0	6	eflomal;gloss
petits chiens	G2952	grc:2952	fertility	1.0	8	eflomal;gloss
petits enfants	G5040,G3813	grc:5040,grc:3813	phrasal	1.0	23	eflomal;gloss
petits poissons	G2485	grc:2485	fertility	1.0	4	eflomal;gloss
peut être	G5177	grc:5177	fertility	1.0	4	eflomal;gloss
peuvent contenir	H3557	hbo:3557	fertility	1.0	2	eflomal
pharaon pharaon	H6547	hbo:6547	fertility	1.0	4	eflomal
pieu sacré	H0842	hbo:0842	fertility	1.0	2	eflomal
pieux enceinte	H3489	hbo:3489	fertility	1.0	2	eflomal
pièces argent	G0694	grc:694	fertility	1.0	5	eflomal
place publique	G0058	grc:58	fertility	1.0	4	eflomal
place vide	H1508	hbo:1508	fertility	1.0	14	eflomal;gloss
placerais nid	H7064	hbo:7064	fertility	1.0	2	eflomal
places publiques	G0058	grc:58	fertility	1.0	12	eflomal;gloss
plaine verra	H4334	hbo:4334	fertility	1.0	2	eflomal
plein midi	H6672	hbo:6672a	fertility	1.0	7	eflomal
pleine conviction	G4135	grc:4135	fertility	1.0	4	eflomal;gloss
pleurera disant	H5594	hbo:5594	fertility	1.0	2	eflomal
pluie tomba	H1653	hbo:1653	fertility	1.0	2	eflomal
plus grand nombre	G4119	grc:4119	fertility	1.0	5	eflomal
plusieurs couleurs	H6446	hbo:6446	fertility	1.0	3	eflomal
porta regard favorable	H8159	hbo:8159	fertility	1.0	2	eflomal
portant cruche	G2765	grc:2765	fertility	1.0	2	eflomal
portant écritoire	H7083	hbo:7083	fertility	1.0	2	eflomal
porte envie	H7065	hbo:7065	fertility	1.0	3	eflomal
portion prélevée	H8641	hbo:8641	fertility	1.0	2	eflomal
poule rassemble	G3733	grc:3733	fertility	1.0	4	eflomal;gloss
pour chute	G4624	grc:4624	fertility	1.0	4	eflomal
pourra enfuir	H5127	hbo:5127	fertility	1.0	2	eflomal
pourrai outrage	H2778	hbo:2778	fertility	1.0	2	eflomal
pourvoyaient marchés	H5801	hbo:5801	fertility	1.0	4	eflomal
poussez cris	H7321	hbo:7321	fertility	1.0	2	eflomal
poussèrent cris	H7321	hbo:7321	fertility	1.0	2	eflomal
pouvoir accuser	G2723	grc:2723	fertility	1.0	3	eflomal
premiers fruits	H1061	hbo:1061	fertility	1.0	2	eflomal
premiers sièges	G4410	grc:4410	fertility	1.0	6	eflomal;gloss
première année	H8141	hbo:8141	fertility	1.0	2	eflomal
première place	G4411	grc:4411	fertility	1.0	4	eflomal;gloss
premières places	G4411	grc:4411	fertility	1.0	6	eflomal;gloss
prenait plaisir	H7797	hbo:7797	fertility	1.0	4	eflomal;gloss
prend plaisir	H7521	hbo:7521	fertility	1.0	3	eflomal
prendra poignée	H7061	hbo:7061	fertility	1.0	2	eflomal
prends deuil	H0060	hbo:0060	fertility	1.0	2	eflomal
prenez garde	G0991,G4337	grc:991,grc:4337	phrasal	1.0	29	eflomal;gloss
prenne garde	G0991	grc:991	fertility	1.0	4	eflomal;gloss
principaux sacrificateurs	G0749	grc:749	fertility	1.0	127	eflomal;gloss
prirent fuite	H5127	hbo:5127	fertility	1.0	3	eflomal
pris résolution	H3289	hbo:3289	fertility	1.0	2	eflomal
prix estimation	H6187	hbo:6187	fertility	1.0	2	eflomal
prix vie	H5315	hbo:5315	fertility	1.0	2	eflomal
proche parente	H7607	hbo:7607	fertility	1.0	6	eflomal;gloss
produit grain tombé	H5599	hbo:5599a	fertility	1.0	2	eflomal
profond sommeil	H8639	hbo:8639	fertility	1.0	8	eflomal;gloss
prolongiez vos	H0748	hbo:0748	fertility	1.0	2	eflomal
propos buisson	G0942	grc:942	fertility	1.0	2	eflomal
prosterna devant	H7812	hbo:7812a	fertility	1.0	3	eflomal
prosterner devant	H7812	hbo:7812a	fertility	1.0	4	eflomal
prosterneras devant	H7812	hbo:7812a	fertility	1.0	2	eflomal
prosternés devant	H7812	hbo:7812a	fertility	1.0	2	eflomal
précepte précepte	H6673	hbo:6673	fertility	1.0	2	eflomal
prélevé meilleur	H2459	hbo:2459	fertility	1.0	2	eflomal
préposé impôts	H4522	hbo:4522	fertility	1.0	3	eflomal
publia jeûne	H6685	hbo:6685	fertility	1.0	2	eflomal
pâque célébrée	H6453	hbo:6453	fertility	1.0	2	eflomal
pères pères	H0001	hbo:0001	fertility	1.0	2	eflomal
péché mène	G0266	grc:266	fertility	1.0	2	eflomal
péché précédemment	G4258	grc:4258	fertility	1.0	4	eflomal;gloss
péril vie	H5315	hbo:5315	fertility	1.0	4	eflomal
quand achevé	H3615	hbo:3615	fertility	1.0	2	eflomal
quatre cent	G5071	grc:5071	fertility	1.0	2	gloss
quatre cents	G5071	grc:5071	fertility	1.0	4	eflomal;gloss
quatre doigts	H2948	hbo:2948	fertility	1.0	6	eflomal;gloss
quatre mille	G5070	grc:5070	fertility	1.0	10	eflomal;gloss
quiconque appartient celui	H8366	hbo:8366a	fertility	1.0	2	eflomal
rabschaké étant	H7262	hbo:7262	fertility	1.0	3	eflomal
raison saine	H7922	hbo:7922	fertility	1.0	4	eflomal;gloss
ramasseras glaner	H3950	hbo:3950	fertility	1.0	2	eflomal
ramassé moins	H4591	hbo:4591	fertility	1.0	2	eflomal
ramoth galaad	H7433	hbo:7433	fertility	1.0	12	eflomal
ramènerai captifs	H7622	hbo:7622	fertility	1.0	2	eflomal
rangèrent bataille	H6186	hbo:6186	fertility	1.0	2	eflomal
rangée opale	H2905	hbo:2905	fertility	1.0	2	eflomal
rappeler souvenir	H2142	hbo:2142	fertility	1.0	2	eflomal
rasoir passera	H4177	hbo:4177	fertility	1.0	2	eflomal
recherchent premiers sièges	G4410	grc:4410	fertility	1.0	2	eflomal
recommanda sévèrement	G2008	grc:2008	fertility	1.0	2	eflomal
reconnaisse plaie	H5061	hbo:5061	fertility	1.0	2	eflomal
regarderez impur	H2931	hbo:2931	fertility	1.0	7	eflomal
regarderez impurs	H2931	hbo:2931	fertility	1.0	7	eflomal
regards fixés	G0816	grc:816	fertility	1.0	6	eflomal
remis garde	H4931	hbo:4931	fertility	1.0	2	eflomal
rend maître	H3424	hbo:3424	fertility	1.0	4	eflomal;gloss
rend odieux	H0887	hbo:0887	fertility	1.0	3	eflomal
rendaient témoignage	G3140	grc:3140	fertility	1.0	2	eflomal
rendant coupable	H0816	hbo:0816	fertility	1.0	2	eflomal
rendent gloire	H3034	hbo:3034	fertility	1.0	2	eflomal
rendent témoignage	G3140	grc:3140	fertility	1.0	5	eflomal
rendez grâces	G2168	grc:2168	fertility	1.0	3	eflomal
rendons grâces	G2168	grc:2168	fertility	1.0	3	eflomal
rendons témoignage	G3140	grc:3140	fertility	1.0	3	eflomal
rendra coupable	H0816	hbo:0816	fertility	1.0	4	eflomal
rendra impur	H2930	hbo:2930	fertility	1.0	2	eflomal
rendrai fécond	H6509	hbo:6509	fertility	1.0	2	eflomal
rendre grâces	G2168	grc:2168	fertility	1.0	2	eflomal
rendre pur	G2511	grc:2511	fertility	1.0	3	eflomal
rendront impurs	H2930	hbo:2930	fertility	1.0	2	eflomal
rends grâces	G2168	grc:2168	fertility	1.0	7	eflomal
rends témoignage	G3140	grc:3140	fertility	1.0	4	eflomal
rends vie	H2421	hbo:2421	fertility	1.0	4	eflomal
rendu grâces	G2168	grc:2168	fertility	1.0	4	eflomal
rendu joug	H5923	hbo:5923	fertility	1.0	2	eflomal
rendu joug pesant	H5923	hbo:5923	fertility	1.0	4	eflomal
rendus capables	G2427	grc:2427	fertility	1.0	4	eflomal;gloss
rendus odieux	H0887	hbo:0887	fertility	1.0	3	eflomal
renverras libre	H2670	hbo:2670	fertility	1.0	2	eflomal
renversa tables	G5132	grc:5132	fertility	1.0	3	eflomal
repens toi	G3340	grc:3340	fertility	1.0	3	eflomal
repentez périrez	G3340	grc:3340	fertility	1.0	2	eflomal
représentation choses	H8544	hbo:8544	fertility	1.0	2	eflomal
reste silence	H2790	hbo:2790a	fertility	1.0	2	eflomal
restera impuni	H5352	hbo:5352	fertility	1.0	6	eflomal
retentir voix	H6963	hbo:6963	fertility	1.0	2	eflomal
retomber conduite	H1870	hbo:1870	fertility	1.0	2	eflomal
revinrent vie	G2198	grc:2198	fertility	1.0	2	eflomal
rien n	G3762	grc:3762	fertility	1.0	2	eflomal
rimmon pérets	H7428	hbo:7428	fertility	1.0	4	eflomal;gloss
rives orgueilleuses	H1347	hbo:1347	fertility	1.0	6	eflomal;gloss
romamthi ézer	H7320	hbo:7320	fertility	1.0	4	eflomal;gloss
rompre outres	G0779	grc:779	fertility	1.0	2	eflomal
roseau agité	G2563	grc:2563	fertility	1.0	2	eflomal
roseau aromatique	H7070	hbo:7070	fertility	1.0	3	eflomal
roue paraissait	H0212	hbo:0212	fertility	1.0	2	eflomal
roues cheminaient	H0212	hbo:0212	fertility	1.0	2	eflomal
règle règle	H6957	hbo:6957b	fertility	1.0	2	eflomal
règles établies	H4941	hbo:4941	fertility	1.0	11	eflomal
réduisit poussière	H1854	hbo:1854	fertility	1.0	3	eflomal
réjouis toi	G2165	grc:2165	fertility	1.0	2	eflomal
répandront sang	H1818	hbo:1818	fertility	1.0	4	eflomal
répara portion	H4060	hbo:4060	fertility	1.0	4	eflomal
réveille réveille toi	H5782	hbo:5782	fertility	1.0	2	eflomal
réveille toi réveille toi toi	H5782	hbo:5782	fertility	1.0	2	eflomal
révéla aggée	H2292	hbo:2292	fertility	1.0	2	eflomal
rôdeur disette	H4270	hbo:4270	fertility	1.0	2	eflomal
sa dure toujours	H5769	hbo:5769	fertility	1.0	23	eflomal
sacrificateur examinera	H3548	hbo:3548	fertility	1.0	4	eflomal
sacrificateur reçu	H3548	hbo:3548	fertility	1.0	2	eflomal
sacrificateurs offriront	H3548	hbo:3548	fertility	1.0	2	eflomal
sacrifice actions grâces	H8002	hbo:8002	fertility	1.0	2	eflomal
sacrifice consumé par feu	H0801	hbo:0801	fertility	1.0	6	eflomal
sacrifice expiation	H2403	hbo:2403	fertility	1.0	13	eflomal
sacrifice expiatoire	H2403	hbo:2403	fertility	1.0	2	eflomal
sacrifice grâces	H8002	hbo:8002	fertility	1.0	2	eflomal
sacrifices consumés par	H0801	hbo:0801	fertility	1.0	4	eflomal
sacrifices consumés par feu	H0801	hbo:0801	fertility	1.0	2	eflomal
sacrifices grâces	H8002	hbo:8002	fertility	1.0	9	eflomal
saint descendit	G0040	grc:40	fertility	1.0	2	eflomal
salaire impur	H0868	hbo:0868	fertility	1.0	3	eflomal
samarie régna	H8111	hbo:8111	fertility	1.0	4	eflomal
samla masréka	H8072	hbo:8072	fertility	1.0	2	eflomal
samuel samuel	H8050	hbo:8050	fertility	1.0	2	eflomal
sang retombera	H1818	hbo:1818	fertility	1.0	7	eflomal
sang sang	G0129	grc:129	fertility	1.0	2	eflomal
sang victime	H1818	hbo:1818	fertility	1.0	2	eflomal
sans défaut	H8549	hbo:8549	fertility	1.0	99	eflomal;gloss
sans intelligence	G0801	grc:801	fertility	1.0	2	eflomal
sans levain	H4682	hbo:4682	fertility	1.0	44	eflomal;gloss
sans tache	G0784	grc:784	fertility	1.0	5	eflomal;gloss
saul saul	G4549	grc:4549	fertility	1.0	3	eflomal
sauveras âme	H5337	hbo:5337	fertility	1.0	2	eflomal
schuach parole	H7747	hbo:7747	fertility	1.0	3	eflomal
schéschaï ahiman	H8344	hbo:8344	fertility	1.0	4	eflomal;gloss
scies herses	H2757	hbo:2757a	fertility	1.0	2	eflomal
se prosternés devant	H7812	hbo:7812a	fertility	1.0	2	eflomal
sein maternel	H4866,H7358	hbo:4866,hbo:7358	phrasal	1.0	11	eflomal;gloss
selon familles	H4940	hbo:4940	fertility	1.0	30	eflomal
selon générations	H8435	hbo:8435	fertility	1.0	6	eflomal
selon parfumeur	H7543	hbo:7543	fertility	1.0	2	eflomal
semblable verger	H3759	hbo:3759	fertility	1.0	2	eflomal
sera confus	G2617	grc:2617	fertility	1.0	2	eflomal
sera impur	H2930	hbo:2930	fertility	1.0	27	eflomal
sera impure	H2930	hbo:2930	fertility	1.0	10	eflomal;gloss
sera mort	H4191	hbo:4191	fertility	1.0	2	eflomal
sera puni mort	H4191	hbo:4191	fertility	1.0	3	eflomal
sera souillé	H2930	hbo:2930	fertility	1.0	3	eflomal
seront confus	H0954	hbo:0954	fertility	1.0	6	eflomal
serpes tirera	H4211	hbo:4211	fertility	1.0	2	eflomal
sers libation	G4689	grc:4689	fertility	1.0	2	eflomal
servait mesure	H4060	hbo:4060	fertility	1.0	3	eflomal
servant magasins	H4543	hbo:4543	fertility	1.0	3	eflomal
servent rien	H3276	hbo:3276	fertility	1.0	2	eflomal
serves prêtre	H3548	hbo:3548	fertility	1.0	2	eflomal
service jour sabbat	H7676	hbo:7676	fertility	1.0	2	eflomal
servir témoignage	G3142	grc:3142	fertility	1.0	2	eflomal
seuls régna	H4427	hbo:4427	fertility	1.0	2	eflomal
sicles argent	H3701	hbo:3701	fertility	1.0	20	eflomal
sicles sicle	H8255	hbo:8255	fertility	1.0	2	eflomal
sidon traitées	G4605	grc:4605	fertility	1.0	2	eflomal
signe attention	H7182	hbo:7182	fertility	1.0	2	eflomal
signe auquel	H0226	hbo:0226	fertility	1.0	4	eflomal
signe connaîtrai	H0226	hbo:0226	fertility	1.0	2	eflomal
situation console	G3870	grc:3870	fertility	1.0	2	eflomal
sois attentif	H7181	hbo:7181	fertility	1.0	4	eflomal
sois attentive	H7181	hbo:7181	fertility	1.0	2	eflomal
sois confus	H0954	hbo:0954	fertility	1.0	2	eflomal
sois heureux	H3190	hbo:3190	fertility	1.0	3	eflomal
sois pur	G2511	grc:2511	fertility	1.0	2	eflomal
sois sage	H2449	hbo:2449	fertility	1.0	3	eflomal
soleil couché	H8121	hbo:8121	fertility	1.0	2	eflomal
soleil soleil	H8121	hbo:8121	fertility	1.0	2	eflomal
sonna trompette	G4537	grc:4537	fertility	1.0	7	eflomal
sortes biens	H2898	hbo:2898	fertility	1.0	2	eflomal
sortes ouvrages	H4399	hbo:4399	fertility	1.0	5	eflomal
sortit voix	G5456	grc:5456	fertility	1.0	2	eflomal
source trompeuse	H0391	hbo:0391	fertility	1.0	4	eflomal;gloss
souverain sacrificateur	G0749	grc:749	fertility	1.0	107	eflomal;gloss
souverains sacrificateurs	G0749	grc:749	fertility	1.0	6	eflomal;gloss
souviens toi	H2142	hbo:2142	fertility	1.0	4	eflomal
soyez attentifs	H7181	hbo:7181	fertility	1.0	7	eflomal
soyez féconds	H6509	hbo:6509	fertility	1.0	4	eflomal
soyez patients	G3114	grc:3114	fertility	1.0	2	eflomal
subsiste toujours	H5769	hbo:5769	fertility	1.0	3	eflomal
suis ému	H7065	hbo:7065	fertility	1.0	2	eflomal
sujet sarcasme	H4912	hbo:4912	fertility	1.0	2	eflomal
sèche formation	H7054	hbo:7054	fertility	1.0	2	eflomal
tabernacle dressé	H4908	hbo:4908	fertility	1.0	2	eflomal
tais toi	G5392	grc:5392	fertility	1.0	6	eflomal;gloss
teintes rouge	H0119	hbo:0119	fertility	1.0	6	eflomal
teints bleu	H8504	hbo:8504	fertility	1.0	2	eflomal
telle manière	H2063	hbo:2063	fertility	1.0	2	eflomal
telles choses	G4238	grc:4238	fertility	1.0	6	eflomal;gloss
tenaient debout	H5975	hbo:5975	fertility	1.0	2	eflomal
thel mélach	H8521	hbo:8521	fertility	1.0	2	gloss
thimnath sérach	H8556	hbo:8556a	fertility	1.0	2	gloss
théman parole	H8489	hbo:8489	fertility	1.0	2	eflomal
tiglath piléser	H8407	hbo:8407	fertility	1.0	6	eflomal;gloss
tilgath pilnéser	H8407	hbo:8407a	fertility	1.0	6	eflomal;gloss
tomber ailes	H3671	hbo:3671	fertility	1.0	2	eflomal
tombera pourriture	H4743	hbo:4743	fertility	1.0	2	eflomal
tous deux	G0297	grc:297	fertility	1.0	6	eflomal
tout contient	H4393	hbo:4393	fertility	1.0	2	eflomal
tout renferme	H4393	hbo:4393	fertility	1.0	2	eflomal
traité moins rigoureusement	G0414	grc:414	fertility	1.0	2	gloss
traitées moins rigoureusement	G0414	grc:414	fertility	1.0	2	gloss
travailla réparations	H2388	hbo:2388	fertility	1.0	2	eflomal
tremblement terre	G4578	grc:4578	fertility	1.0	3	eflomal
tribun venu	G5506	grc:5506	fertility	1.0	2	eflomal
tribut impôt droit	H1093	hbo:1093	fertility	1.0	2	eflomal
tristesse produit	G3077	grc:3077	fertility	1.0	2	eflomal
trois ans	H8027	hbo:8027	fertility	1.0	3	eflomal
trop courte	H7114	hbo:7114a	fertility	1.0	6	eflomal;gloss
trop peu	H4592	hbo:4592	fertility	1.0	4	eflomal
trop étroit	H6887	hbo:6887	fertility	1.0	2	eflomal
très excellent	G2903	grc:2903	fertility	1.0	2	eflomal
très saint	H6944	hbo:6944	fertility	1.0	4	eflomal
très sainte	H6944	hbo:6944	fertility	1.0	10	eflomal
très saintes	H6944	hbo:6944	fertility	1.0	2	eflomal
tsophar naama	H5284	hbo:5284	fertility	1.0	2	eflomal
tubal caïn	H8423	hbo:8423	fertility	1.0	4	eflomal;gloss
tueras tu	G5407	grc:5407	fertility	1.0	3	eflomal
tête couverte	H7218	hbo:7218	fertility	1.0	3	eflomal
ulcère ézéchias	H7822	hbo:7822	fertility	1.0	2	eflomal
une nappe attachée	G3607	grc:3607	fertility	1.0	2	eflomal
usage vil	G0819	grc:819	fertility	1.0	4	eflomal;gloss
vaillant homme	H1368	hbo:1368	fertility	1.0	2	gloss
valent mieux	H2896	hbo:2896	fertility	1.0	2	eflomal
vallée ben hinnom	H1516	hbo:1516a	fertility	1.0	4	eflomal
vallée hinnom	H1516	hbo:1516a	fertility	1.0	5	eflomal
vanité vanités	H1892	hbo:1892	fertility	1.0	2	eflomal
veaux gras	H4806	hbo:4806	fertility	1.0	3	eflomal
vent cessa	G0417	grc:417	fertility	1.0	3	eflomal
vent orient	H6921	hbo:6921	fertility	1.0	3	eflomal
ventre femmes	H2030	hbo:2030	fertility	1.0	3	eflomal
ventre mère	H0990	hbo:0990	fertility	1.0	3	eflomal
vers levant	H4217	hbo:4217	fertility	1.0	6	eflomal
vers nord	H6828	hbo:6828	fertility	1.0	4	eflomal
vers orient	H4217	hbo:4217	fertility	1.0	6	eflomal
viandes sacrifiées idoles	G1494	grc:1494	fertility	1.0	4	eflomal
victime culpabilité	H0817	hbo:0817	fertility	1.0	4	eflomal
victime expiatoire	G2434	grc:2434	fertility	1.0	4	eflomal;gloss
victimes expiatoires	H2403	hbo:2403	fertility	1.0	2	gloss
vieille porte	H3466	hbo:3466a	fertility	1.0	4	eflomal;gloss
vieilles outres	G0779	grc:779	fertility	1.0	3	eflomal
vieux avancé	H2204	hbo:2204	fertility	1.0	5	eflomal
ville ville	G4172	grc:4172	fertility	1.0	2	eflomal
villes ressort	H1323	hbo:1323	fertility	1.0	8	eflomal
vinrent auprès	G4334	grc:4334	fertility	1.0	3	eflomal
violé alliance	H1285	hbo:1285	fertility	1.0	5	eflomal
vis vis jéricho	H3405	hbo:3405	fertility	1.0	5	eflomal
voix entendre	G5456	grc:5456	fertility	1.0	3	eflomal
voix forte	G5456	grc:5456	fertility	1.0	2	eflomal
voix publication	H6963	hbo:6963	fertility	1.0	2	eflomal
voix retentit	H6963	hbo:6963	fertility	1.0	3	eflomal
yeux hautains	H5869	hbo:5869	fertility	1.0	2	eflomal
yeux languissants	H5869	hbo:5869	fertility	1.0	2	eflomal
à beth peor	H1047	hbo:1047	fertility	1.0	2	eflomal
ânes sauvages	H6501	hbo:6501	fertility	1.0	8	eflomal;gloss
ébed mélec	H5663	hbo:5663	fertility	1.0	12	eflomal;gloss
ében ézer	H0072	hbo:0072	fertility	1.0	6	eflomal;gloss
échange marchandises	H4627	hbo:4627	fertility	1.0	2	eflomal
échapper aucun	H8300	hbo:8300	fertility	1.0	4	eflomal
échapper seul	H8300	hbo:8300	fertility	1.0	2	eflomal
échappé seul	H0905	hbo:0905	fertility	1.0	4	eflomal
écoutez écoutez	H8085	hbo:8085	fertility	1.0	4	eflomal
édit publié	H1881	hbo:1881	fertility	1.0	4	eflomal
épais rameaux	H5687	hbo:5687a	fertility	1.0	6	eflomal;gloss
épouse commet	G1060	grc:1060	fertility	1.0	3	eflomal
épouvante règne	H4032	hbo:4032	fertility	1.0	2	eflomal
ésar haddon	H0634	hbo:0634	fertility	1.0	6	eflomal;gloss
établirai alliance	H1285	hbo:1285	fertility	1.0	2	eflomal
établit roi	H4427	hbo:4427	fertility	1.0	5	eflomal
était passé	G1096	grc:1096	fertility	1.0	2	eflomal
était vieux	H2204	hbo:2204	fertility	1.0	2	eflomal
étant approché	G4334	grc:4334	fertility	1.0	2	eflomal
étendait aroër	H6177	hbo:6177	fertility	1.0	2	eflomal
éternel délivrant	H3068	hbo:3068	fertility	1.0	2	eflomal
éternel éternel	H3068	hbo:3068	fertility	1.0	2	eflomal
étoffes teintes bleu	H8504	hbo:8504	fertility	1.0	5	eflomal
étranger demandera	H5237	hbo:5237	fertility	1.0	2	eflomal
étsjon guéber	H6100	hbo:6100	fertility	1.0	12	eflomal;gloss
évoquaient esprits	H0178	hbo:0178	fertility	1.0	2	eflomal
évoquent morts	H0178	hbo:0178	fertility	1.0	2	eflomal
être vivant	G2226	grc:2226	fertility	1.0	7	eflomal
êtres vivants	G2226	grc:2226	fertility	1.0	13	eflomal
ôter vie	H5315	hbo:5315	fertility	1.0	4	eflomal
corps armée	H6635	hbo:6635	fertility	0.95	20	eflomal
devint roi	H4427	hbo:4427	fertility	0.944	36	eflomal
hauts lieux	H1116	hbo:1116	fertility	0.942	129	eflomal;gloss
premier né	H1060	hbo:1060	fertility	0.942	160	eflomal;gloss
premiers nés	H1060	hbo:1060	fertility	0.939	60	eflomal;gloss
descend famille	H4940	hbo:4940	fertility	0.929	14	eflomal
séjour morts	H7585	hbo:7585	fertility	0.929	26	eflomal
vaut mieux	H2896	hbo:2896	fertility	0.923	13	eflomal
rendu témoignage	G3140	grc:3140	fertility	0.917	11	eflomal
sacrifice culpabilité	H0817	hbo:0817	fertility	0.917	11	eflomal
nouvelles lunes	H2320	hbo:2320	fertility	0.909	10	eflomal
prête oreille	H0238	hbo:0238	fertility	0.9	9	eflomal
vaillants hommes	H1368	hbo:1368	fertility	0.9	18	eflomal
autre côté	H5676	hbo:5676	fertility	0.891	41	eflomal
cheveux blancs	H7872	hbo:7872	fertility	0.889	16	eflomal;gloss
très haut	H5945,H5946	hbo:5945a,hbo:5946	phrasal	0.885	49	eflomal;gloss
nouvelle lune	H2320	hbo:2320	fertility	0.875	8	eflomal
seconde fois	G1208	grc:1208	fertility	0.875	7	eflomal
emmené captif	H1540	hbo:1540	fertility	0.857	11	eflomal;gloss
jeune homme	G3495	grc:3495	fertility	0.857	6	eflomal
prêtez oreille	H0238	hbo:0238	fertility	0.857	6	eflomal
bonnes nouvelles	H1319	hbo:1319	fertility	0.833	5	eflomal
fils fils	H1121	hbo:1121	fertility	0.833	6	eflomal
rend témoignage	G3140	grc:3140	fertility	0.833	5	eflomal
pendant vie	H3117	hbo:3117	fertility	0.823	17	eflomal
ayez peur	G5399	grc:5399	fertility	0.8	4	eflomal
beau père	H2859,H2524	hbo:2859a,hbo:2524	phrasal	0.8	28	eflomal;gloss
colère contre	H0639	hbo:0639	fertility	0.8	5	eflomal
entendre voix	H6963	hbo:6963	fertility	0.8	4	eflomal
faux témoignage	G5576	grc:5576	fertility	0.8	4	eflomal
hauts faits	H1369	hbo:1369	fertility	0.8	8	eflomal;gloss
jeunes filles	H5291,H1330,H5959	hbo:5291,hbo:1330,hbo:5959	phrasal	0.8	24	eflomal;gloss
n rien	G3762,G3367	grc:3762,grc:3367	phrasal	0.8	14	eflomal
prix argent	H3701	hbo:3701	fertility	0.8	4	eflomal
rendu coupable	H0816	hbo:0816	fertility	0.8	4	eflomal
tous ceux	H3605	hbo:3605	fertility	0.8	5	eflomal
partie tomba	G4098	grc:4098	fertility	0.778	8	eflomal
puni mort	H4191	hbo:4191	fertility	0.778	9	eflomal
battu employa	H7820	hbo:7820	fertility	0.75	4	eflomal
deux cents	G1250	grc:1250	fertility	0.75	4	eflomal
dévoué interdit	H2764	hbo:2764	fertility	0.75	3	eflomal
emmenés captifs	H1540,H7617	hbo:1540,hbo:7617	phrasal	0.75	12	eflomal;gloss
enfants enfants	H1121	hbo:1121	fertility	0.75	3	eflomal
fonctions sacerdoce	H3550	hbo:3550	fertility	0.75	3	eflomal
hommes vaillants	H1368	hbo:1368	fertility	0.75	12	eflomal
images fonte	H4541	hbo:4541	fertility	0.75	3	eflomal
lieu repos	H4496	hbo:4496	fertility	0.75	3	eflomal
meilleures productions	H2898	hbo:2898	fertility	0.75	6	eflomal;gloss
ordres donnés	H6680	hbo:6680	fertility	0.75	4	eflomal
pain levé	H2557,H2557	hbo:2557,hbo:2557a	phrasal	0.75	8	eflomal
passa nuit	H3885	hbo:3885a	fertility	0.75	3	eflomal
ramènera captifs	H7622	hbo:7622	fertility	0.75	3	eflomal
voici les	H0428	hbo:0428	fertility	0.75	4	eflomal
personne ne	G3762,G3367	grc:3762,grc:3367	phrasal	0.745	51	eflomal
jour sabbat	G4521	grc:4521	fertility	0.737	14	eflomal
cet ordre	H6680,H0559	hbo:6680,hbo:0559	phrasal	0.733	15	eflomal
devant l	H6440	hbo:6440	fertility	0.733	15	eflomal
offrandes volontaires	H5071,H5068	hbo:5071,hbo:5068	phrasal	0.727	11	eflomal
bonne nouvelle	G2097,G2098	grc:2097,grc:2098	phrasal	0.722	37	eflomal;gloss
aurai pitié	H7355,H2347	hbo:7355,hbo:2347	phrasal	0.714	7	eflomal
tournerai face	H6440	hbo:6440	fertility	0.714	7	eflomal
afin que	H5668,H2421	hbo:5668,hbo:2421	phrasal	0.667	6	eflomal
aucun ne	G3762	grc:3762	fertility	0.667	2	eflomal
avait un	H1961	hbo:1961	fertility	0.667	2	eflomal
beauté parfaite	H3308	hbo:3308	fertility	0.667	2	eflomal
bené jaakan	H1142	hbo:1142	fertility	0.667	4	eflomal;gloss
commettras adultère	G3431	grc:3431	fertility	0.667	4	eflomal
côté orient	H6924	hbo:6924	fertility	0.667	2	eflomal
docteur loi	G3544	grc:3544	fertility	0.667	2	eflomal
docteurs loi	G3544	grc:3544	fertility	0.667	2	eflomal
donne vie	G2227	grc:2227	fertility	0.667	2	eflomal
déjà dit	G4302	grc:4302	fertility	0.667	3	eflomal
foulée pieds	H4823	hbo:4823	fertility	0.667	2	eflomal
grand prix	G4186	grc:4186	fertility	0.667	4	eflomal;gloss
ijjé abarim	H5863	hbo:5863	fertility	0.667	4	eflomal;gloss
jours sabbat	G4521	grc:4521	fertility	0.667	2	eflomal
lieux élevés	H8205,H4791,H1116	hbo:8205,hbo:4791,hbo:1116	phrasal	0.667	16	eflomal;gloss
main droite	H3225	hbo:3225	fertility	0.667	2	eflomal
mirent à	G0756	grc:756	fertility	0.667	3	eflomal
parlait ainsi	G3004	grc:3004	fertility	0.667	2	eflomal
parmi épines	G0173	grc:173	fertility	0.667	3	eflomal
pendants oreilles	H5188	hbo:5188	fertility	0.667	2	eflomal
portent fruit	G2592	grc:2592	fertility	0.667	2	eflomal
porteras atteinte	H5186	hbo:5186	fertility	0.667	3	eflomal
prends plaisir	H2654	hbo:2654	fertility	0.667	2	eflomal
prit fuite	H5127,H1272	hbo:5127,hbo:1272	phrasal	0.667	6	eflomal
péché involontairement	H7684	hbo:7684	fertility	0.667	2	eflomal
regarde comme	G2233	grc:2233	fertility	0.667	2	eflomal
rendit grâces	G2168	grc:2168	fertility	0.667	2	eflomal
renommée répandit	G0189	grc:189	fertility	0.667	2	eflomal
reprit parole	H6030	hbo:6030	fertility	0.667	2	eflomal
reçoit même	G1209	grc:1209	fertility	0.667	3	eflomal
reçoit reçoit	G1209	grc:1209	fertility	0.667	2	eflomal
rien ne	G3762	grc:3762	fertility	0.667	2	eflomal
sang retombe	H1818	hbo:1818	fertility	0.667	2	eflomal
soyez effrayés	H6206	hbo:6206	fertility	0.667	2	eflomal
tout entier	H3605	hbo:3605	fertility	0.667	3	eflomal
trouver grâce	H2580	hbo:2580	fertility	0.667	2	eflomal
veau gras	G3448	grc:3448	fertility	0.667	2	eflomal
viens secours	H5826	hbo:5826	fertility	0.667	2	eflomal
jeune fille	H5291,H5959	hbo:5291,hbo:5959	phrasal	0.633	22	eflomal
ne rien	G3762,G3367	grc:3762,grc:3367	phrasal	0.611	18	eflomal
feront mourir	G2289,G0615	grc:2289,grc:615	phrasal	0.6	5	eflomal
il conduisit	H0935,H3318	hbo:0935,hbo:3318	phrasal	0.6	5	eflomal
sans rien	G3367,G3762	grc:3367,grc:3762	phrasal	0.6	5	eflomal
petit nombre	H4592,H4591	hbo:4592,hbo:4591	phrasal	0.571	6	eflomal
prenant parole	G0611	grc:611	fertility	0.556	5	eflomal
avait rendue	H5462	hbo:5462	fertility	0.5	2	eflomal
bien aimé	G0027	grc:27	fertility	0.5	26	eflomal
celui montres	H2623	hbo:2623	fertility	0.5	2	eflomal
côté l	H6285	hbo:6285	fertility	0.5	2	eflomal
debir debir	H1688	hbo:1688	fertility	0.5	2	eflomal
donné le	H7760	hbo:7760	fertility	0.5	2	eflomal
droit rachat	H1350,H1353	hbo:1350,hbo:1353	phrasal	0.5	4	eflomal
esprit poussait	H7307	hbo:7307	fertility	0.5	2	eflomal
figues sèches	H1690	hbo:1690	fertility	0.5	2	eflomal
gage commet	H1500	hbo:1500	fertility	0.5	2	eflomal
hillel pirathonite	H1985	hbo:1985	fertility	0.5	2	eflomal
jésus se	G1831	grc:1831	fertility	0.5	2	eflomal
mettre pratique	H6213	hbo:6213	fertility	0.5	2	eflomal
mouches venimeuses	H6157	hbo:6157	fertility	0.5	2	eflomal
parlé dit	G3004	grc:3004	fertility	0.5	2	eflomal
plus nombre plus	H7235	hbo:7235	fertility	0.5	2	eflomal
poussait cris	H7321	hbo:7321	fertility	0.5	2	eflomal
poussent cris	H3213,H7442	hbo:3213,hbo:7442	phrasal	0.5	4	eflomal
prends garde	G4648	grc:4648	fertility	0.5	2	eflomal
proche parent	H7138	hbo:7138	fertility	0.5	2	eflomal
père de	H0001	hbo:0001	fertility	0.5	2	eflomal
relèverai pans jusque	H7757	hbo:7757	fertility	0.5	2	eflomal
roboam laissa	H5800	hbo:5800	fertility	0.5	2	eflomal
répandra sang	H1818	hbo:1818	fertility	0.5	4	eflomal
second chérubin	H3742	hbo:3742	fertility	0.5	2	eflomal
terme fixé	H4150	hbo:4150	fertility	0.5	2	eflomal
tirèrent au	H5307	hbo:5307	fertility	0.5	2	eflomal
vains discours	H0907	hbo:0907	fertility	0.5	2	eflomal
épaisses ténèbres	H0653	hbo:0653	fertility	0.5	2	eflomal
était de	G1510	grc:1510	fertility	0.5	2	eflomal
êtes de	G1510	grc:1510	fertility	0.5	2	eflomal
lève toi	G0450,G1453	grc:450,grc:1453	phrasal	0.429	17	eflomal
cris joie	H7442	hbo:7442	fertility	0.4	2	eflomal
fais choses	G4160	grc:4160	fertility	0.4	5	eflomal
laisse aller	H7971	hbo:7971	fertility	0.4	10	eflomal
offrir sacrifice	G2378	grc:2378	fertility	0.4	2	eflomal
prends courage	G2293	grc:2293	fertility	0.364	4	eflomal
belle mère	G3994	grc:3994	fertility	0.353	6	eflomal
devant face	H6440	hbo:6440	fertility	0.353	16	eflomal
cieux cieux	H8064	hbo:8064	fertility	0.333	2	eflomal
jour jour	H3117	hbo:3117	fertility	0.333	2	eflomal
méschac abed	H4336	hbo:4336	fertility	0.333	9	eflomal
pierre pierre	G4074	grc:4074	fertility	0.333	2	eflomal
regards hautains	H5869	hbo:5869	fertility	0.333	3	eflomal
sonnaient trompettes	H2690	hbo:2690	fertility	0.333	2	eflomal
toute espèce	G3956	grc:3956	fertility	0.333	5	eflomal
tu mettras	H5414,H6213	hbo:5414,hbo:6213	phrasal	0.333	6	eflomal
vaillants guerriers	H1368	hbo:1368	fertility	0.333	3	eflomal
pendant ans	G2094	grc:2094	fertility	0.316	6	eflomal
prit parole	H6030,H6032	hbo:6030,hbo:6032	phrasal	0.3	6	eflomal
l dit	H0559,H1696	hbo:0559,hbo:1696	phrasal	0.286	7	eflomal
donna ordre	G2753	grc:2753	fertility	0.273	3	eflomal
jésus dit	G3004	grc:3004	fertility	0.25	35	eflomal
leur répondit	G3004,G0611	grc:3004,grc:611	phrasal	0.25	4	eflomal
actions grâces	G2169	grc:2169	fertility	0.2	9	eflomal
belle fille	G3565	grc:3565	fertility	0.188	6	eflomal;gloss
que tu	H6213,H0935	hbo:6213,hbo:0935	phrasal	0.143	5	eflomal
tout puissant	G3841	grc:3841	fertility	0.14	7	eflomal
pendant jours	G2250	grc:2250	fertility	0.107	3	eflomal
jésus répondit	G3004,G0611	grc:3004,grc:611	phrasal	0.083	11	eflomal
chef des	H7227	hbo:7227a	fertility	0.053	19	eflomal
abed nego	H5665	hbo:5665	fertility	0.0	10	eflomal
accorde à	H6213	hbo:6213	fertility	0.0	2	eflomal
adonné vin violent	G4131	grc:4131	fertility	0.0	2	eflomal
aigle mer	H5822	hbo:5822	fertility	0.0	2	eflomal
allez parcourez	H1980	hbo:1980	fertility	0.0	2	eflomal
apportant l	H5375	hbo:5375	fertility	0.0	2	eflomal
artistement travaillés	H4639	hbo:4639	fertility	0.0	2	eflomal
as tu	H2088,H7760	hbo:2088,hbo:7760	phrasal	0.0	4	eflomal
avait dit	H1696	hbo:1696	fertility	0.0	2	eflomal
avait été	G1510	grc:1510	fertility	0.0	6	eflomal
balayée ornée	G2885	grc:2885	fertility	0.0	2	eflomal
boiteux naissance	G2836	grc:2836	fertility	0.0	2	eflomal
ces choses	H2063,H0428	hbo:2063,hbo:0428	phrasal	0.0	11	eflomal
cette heure	H6256	hbo:6256	fertility	0.0	2	eflomal
cette manière	H2088	hbo:2088	fertility	0.0	2	eflomal
cette vision	H7200	hbo:7200	fertility	0.0	2	eflomal
cette époque	H6256	hbo:6256	fertility	0.0	2	eflomal
ceux des	H6485	hbo:6485	fertility	0.0	7	eflomal
ceux s	H5315	hbo:5315	fertility	0.0	2	eflomal
chacune avec	H0376	hbo:0376	fertility	0.0	2	eflomal
chacune de	H5892	hbo:5892	fertility	0.0	2	eflomal
chants du	H6963	hbo:6963	fertility	0.0	4	eflomal
chaque espèce	H3605	hbo:3605	fertility	0.0	2	eflomal
commettez pas	H6213	hbo:6213	fertility	0.0	2	eflomal
contrat acquisition	H4736	hbo:4736	fertility	0.0	3	eflomal
côté oriental	H6285	hbo:6285	fertility	0.0	2	eflomal
dehors des	H1004	hbo:1004a	fertility	0.0	2	eflomal
devant la	H6440	hbo:6440	fertility	0.0	2	eflomal
dieu dieu	G2316	grc:2316	fertility	0.0	2	eflomal
discours vains	G2757	grc:2757	fertility	0.0	2	eflomal
dont les	H1540	hbo:1540	fertility	0.0	2	eflomal
dénombrement de	H7218	hbo:7218	fertility	0.0	2	eflomal
déplaît l	H5869	hbo:5869	fertility	0.0	4	eflomal
elle deviendra	H1961	hbo:1961	fertility	0.0	3	eflomal
elles appartiendront	H1961	hbo:1961	fertility	0.0	2	eflomal
elles seront	H1961	hbo:1961	fertility	0.0	3	eflomal
enfanteras un	H3205	hbo:3205	fertility	0.0	3	eflomal
entende ce	G0191	grc:191	fertility	0.0	3	eflomal
entièrement comme	H3605	hbo:3605	fertility	0.0	7	eflomal
entretenir les	H5927	hbo:5927	fertility	0.0	2	eflomal
essuiera larme	G1144	grc:1144	fertility	0.0	2	eflomal
exercer quelque	H5647	hbo:5647	fertility	0.0	2	eflomal
fais une	H7126	hbo:7126	fertility	0.0	2	eflomal
fait disparaître	H5493	hbo:5493	fertility	0.0	3	eflomal
fait le	H8104	hbo:8104	fertility	0.0	2	eflomal
fait sa	H5414	hbo:5414	fertility	0.0	2	eflomal
fait sortir	H5927	hbo:5927	fertility	0.0	3	eflomal
fera partir	H5414	hbo:5414	fertility	0.0	2	eflomal
grands cris	G3173	grc:3173	fertility	0.0	3	eflomal
gros ton menu	H6251	hbo:6251	fertility	0.0	2	eflomal
iront à	H0935	hbo:0935	fertility	0.0	2	eflomal
jeune taureau	H1241	hbo:1241	fertility	0.0	10	eflomal
jonas aimes	G0025	grc:25	fertility	0.0	2	eflomal
laisseront nue entièrement nue	H5903	hbo:5903	fertility	0.0	2	eflomal
lambeaux usés	H5499	hbo:5499	fertility	0.0	2	eflomal
leur dit	G3004	grc:3004	fertility	0.0	27	eflomal
lieu très saint	H6944	hbo:6944	fertility	0.0	2	eflomal
livreras tu	H5414	hbo:5414	fertility	0.0	2	eflomal
lorsque arriva	H0935	hbo:0935	fertility	0.0	2	eflomal
lorsque fut	H1961	hbo:1961	fertility	0.0	2	eflomal
mehéthabeel mathred	H4308	hbo:4308	fertility	0.0	2	eflomal
michée dit	H0559	hbo:0559	fertility	0.0	2	eflomal
morte déchirée	H2966	hbo:2966	fertility	0.0	3	eflomal
méchant meure	H7563	hbo:7563	fertility	0.0	2	eflomal
nebuzaradan chef	H5018	hbo:5018	fertility	0.0	7	eflomal
nous sommes	H0559	hbo:0559	fertility	0.0	2	eflomal
offrira en	H0935	hbo:0935	fertility	0.0	2	eflomal
parleras ainsi	H0559	hbo:0559	fertility	0.0	3	eflomal
parlerez ainsi	H0559	hbo:0559	fertility	0.0	2	eflomal
parmi les	H8432	hbo:8432	fertility	0.0	5	eflomal
parole leur	G2424	grc:2424	fertility	0.0	2	eflomal
part échut par	H1486	hbo:1486	fertility	0.0	2	eflomal
partirent thel	H8528	hbo:8528	fertility	0.0	2	eflomal
partout arrivaient	H4725	hbo:4725	fertility	0.0	2	eflomal
parurent les	H0935	hbo:0935	fertility	0.0	2	eflomal
passer le	G5169	grc:5169	fertility	0.0	2	eflomal
plantez des	H5193	hbo:5193	fertility	0.0	2	eflomal
plus considérés	G1380	grc:1380	fertility	0.0	2	eflomal
plus forte	G4183	grc:4183	fertility	0.0	4	eflomal
prendras point	H5375	hbo:5375	fertility	0.0	2	eflomal
profanèrent sabbats	H7676	hbo:7676	fertility	0.0	3	eflomal
profondément attristés	G3076	grc:3076	fertility	0.0	2	eflomal
propres à	H6213	hbo:6213	fertility	0.0	2	eflomal
pécheront contre	H2398	hbo:2398	fertility	0.0	2	eflomal
que l	H6680,H1696,H6213,H5414	hbo:6680,hbo:1696,hbo:6213,hbo:5414	phrasal	0.0	16	eflomal
quelqu un	H0376	hbo:0376	fertility	0.0	2	eflomal
quiconque s	H0376	hbo:0376	fertility	0.0	2	eflomal
race incrédule	G1074	grc:1074	fertility	0.0	2	eflomal
recherche ordonnances	H6490	hbo:6490	fertility	0.0	2	eflomal
relevé la	H7311	hbo:7311	fertility	0.0	2	eflomal
remis choses	G1325	grc:1325	fertility	0.0	2	eflomal
rentra dans	H0935	hbo:0935	fertility	0.0	2	eflomal
riche en	H7227	hbo:7227	fertility	0.0	5	eflomal
répand la	H1540	hbo:1540	fertility	0.0	2	eflomal
répandaient la	H5414	hbo:5414	fertility	0.0	4	eflomal
réparèrent une portion	H4060	hbo:4060	fertility	0.0	2	eflomal
répondent nous	H0559	hbo:0559	fertility	0.0	2	eflomal
révoque mon	H7725	hbo:7725	fertility	0.0	8	eflomal
révérerez sanctuaire	H4720	hbo:4720	fertility	0.0	2	eflomal
sages femmes	H3205	hbo:3205	fertility	0.0	4	eflomal
sans enfant	H6185	hbo:6185	fertility	0.0	2	eflomal
sans moissonner	H7114	hbo:7114	fertility	0.0	2	eflomal
satrapes intendants	H5460	hbo:5460	fertility	0.0	2	eflomal
se tient	H5975,H5324	hbo:5975,hbo:5324	phrasal	0.0	5	eflomal
seigneur seigneur	G2962	grc:2962	fertility	0.0	2	eflomal
serai glorifié	H3513	hbo:3513	fertility	0.0	2	eflomal
soit effacé	H4229	hbo:4229	fertility	0.0	2	eflomal
soupçons sur	H7065	hbo:7065	fertility	0.0	2	eflomal
sujet de position	H1697	hbo:1697	fertility	0.0	2	eflomal
suspendues flancs	H1570	hbo:1570	fertility	0.0	2	eflomal
syriens assujettis	H0758	hbo:0758	fertility	0.0	2	eflomal
temps autre	H6256	hbo:6256	fertility	0.0	3	eflomal
temps marqué	H4150	hbo:4150	fertility	0.0	3	eflomal
tenait debout	H5975	hbo:5975	fertility	0.0	3	eflomal
tirera l	H5375	hbo:5375	fertility	0.0	2	eflomal
tournerai main	H3027	hbo:3027	fertility	0.0	2	eflomal
toutes choses	G3956	grc:3956	fertility	0.0	2	eflomal
traiterai avec	H3772	hbo:3772	fertility	0.0	2	eflomal
veuille l	H5414	hbo:5414	fertility	0.0	2	eflomal
vous direz	G3004	grc:3004	fertility	0.0	2	eflomal
vérité je	G3004	grc:3004	fertility	0.0	11	eflomal
zébach tsalmunna	H2078	hbo:2078	fertility	0.0	3	eflomal
élevez linteaux	H7218	hbo:7218	fertility	0.0	2	eflomal
élèvera retranchements	H8210	hbo:8210	fertility	0.0	2	eflomal
épouse répudiée	G0630	grc:630	fertility	0.0	2	eflomal
étant venu	G1096	grc:1096	fertility	0.0	2	eflomal
