# multi-word expressions (M1): target phrase -> original lexeme(s); lang=hau; from bcv-commons/lexeme-alignments; content+same-testament, count>=2. CC0
surface	strongs	lexemes	kind	confidence	count	methods
abel bet	H0062	hbo:0062	fertility	1.0	6	eflomal;gloss
abel mehola	H0065	hbo:0065	fertility	1.0	6	eflomal;gloss
abin kyau	H2896	hbo:2896	fertility	1.0	2	eflomal
abin so	H2656	hbo:2656	fertility	1.0	3	eflomal
abin ƙyama	H8441,H2189	hbo:8441,hbo:2189	phrasal	1.0	29	eflomal;gloss
abinci daɗi	H4303	hbo:4303	fertility	1.0	4	eflomal
abincin dabbobi	H4554	hbo:4554	fertility	1.0	4	eflomal;gloss
abokaina ƙaunatattu	G0027	grc:27	fertility	1.0	17	eflomal
abokan aikina	G4904	grc:4904	fertility	1.0	8	eflomal;gloss
abokan gābanka	G2190	grc:2190	fertility	1.0	5	eflomal
abokan gābanta	H0341	hbo:0341	fertility	1.0	4	eflomal
abokin aikina	G4904	grc:4904	fertility	1.0	5	eflomal;gloss
abokin aikinmu	G4904	grc:4904	fertility	1.0	4	eflomal;gloss
abokin bautarsa	G4889	grc:4889	fertility	1.0	2	eflomal
abokin gābanka	G2190	grc:2190	fertility	1.0	2	eflomal
abokin gābanmu	H0341	hbo:0341	fertility	1.0	2	gloss
abokina ƙaunatacce	G0027	grc:27	fertility	1.0	6	eflomal;gloss
abubuwa banmamaki	H6381	hbo:6381	fertility	1.0	2	eflomal
abubuwa banƙyama	H8441	hbo:8441	fertility	1.0	7	eflomal
abubuwa yawa	G4183	grc:4183	fertility	1.0	3	eflomal
abubuwa ƙyama	H8441	hbo:8441	fertility	1.0	2	eflomal
abubuwan banmamakin	G4592	grc:4592	fertility	1.0	4	gloss
abubuwan banƙyama	H8441	hbo:8441	fertility	1.0	6	eflomal
abubuwan banƙyaman	H8441	hbo:8441	fertility	1.0	4	eflomal;gloss
abubuwan banƙyamar	H8441	hbo:8441	fertility	1.0	8	eflomal;gloss
abubuwan mamakin	H6381	hbo:6381	fertility	1.0	2	eflomal
adalci masu	H6662	hbo:6662	fertility	1.0	2	eflomal
addu o i	G1162	grc:1162	fertility	1.0	2	eflomal
adoni bezek	H0137	hbo:0137	fertility	1.0	2	eflomal
adoni zedek	H0139	hbo:0139	fertility	1.0	4	eflomal;gloss
afisa jirgin ruwa	G2181	grc:2181	fertility	1.0	2	eflomal
aika jakadu	H7971	hbo:7971	fertility	1.0	2	eflomal
aika ruwan sama	H4306	hbo:4306	fertility	1.0	2	eflomal
aika saƙo	H7971	hbo:7971	fertility	1.0	14	eflomal
aikata gaskiya	H3477	hbo:3477	fertility	1.0	18	eflomal
aikatan gadin	G4755	grc:4755	fertility	1.0	2	eflomal
aikatan haikali	H5411	hbo:5411	fertility	1.0	12	eflomal;gloss
aiki haikali	H5411	hbo:5411	fertility	1.0	3	eflomal
aiki manzanni	H7971	hbo:7971	fertility	1.0	3	eflomal
aikin dole	H4522	hbo:4522	fertility	1.0	9	eflomal;gloss
aikin fatu	G1038	grc:1038	fertility	1.0	6	eflomal;gloss
aikin gandu	H4522	hbo:4522	fertility	1.0	17	eflomal;gloss
aiko jakadu	H7971	hbo:7971	fertility	1.0	2	eflomal
ainihin surar	G3444	grc:3444	fertility	1.0	2	eflomal
ajiyar dukiya	G2344	grc:2344	fertility	1.0	2	eflomal
ajiye fitila	G3087	grc:3087	fertility	1.0	4	eflomal
ajiye fitilan	H4501	hbo:4501	fertility	1.0	2	eflomal
aka rina ja	H0119	hbo:0119	fertility	1.0	5	eflomal
akan shuka	G4687	grc:4687	fertility	1.0	5	eflomal
ake karɓar haraji	G5058	grc:5058	fertility	1.0	6	eflomal;gloss
al ummai	G1672,G1484	grc:1672,grc:1484	phrasal	1.0	108	eflomal;gloss
al ummai al	G1484	grc:1484	fertility	1.0	2	eflomal
aladun garken	G5519	grc:5519	fertility	1.0	3	eflomal
alama banmamaki	G4592	grc:4592	fertility	1.0	2	eflomal
alhakin jini	H1818	hbo:1818	fertility	1.0	3	eflomal
alhakin jininka	H1818	hbo:1818	fertility	1.0	2	eflomal
alheri ne	H2587	hbo:2587	fertility	1.0	2	eflomal
alheri tausayi	H2587	hbo:2587	fertility	1.0	2	eflomal
aljanun roƙi	G3870	grc:3870	fertility	1.0	2	eflomal
alkawari ilawa	H1285	hbo:1285	fertility	1.0	2	eflomal
allolin ƙarya	H8267	hbo:8267	fertility	1.0	2	eflomal
alluna na	H3871	hbo:3871	fertility	1.0	5	eflomal
almon dibilatayim	H5963	hbo:5963	fertility	1.0	4	eflomal;gloss
amfanin gona	H8393	hbo:8393	fertility	1.0	2	eflomal
amintacciyar birni	H7151	hbo:7151	fertility	1.0	2	eflomal
anamawa lehabiyawa	H3853	hbo:3853	fertility	1.0	4	eflomal;gloss
anar misali	G3850	grc:3850	fertility	1.0	3	eflomal
annabawan ƙarya	G5578	grc:5578	fertility	1.0	7	eflomal
annabi iliya	G2243	grc:2243	fertility	1.0	3	eflomal
annabin ƙaryan	G5578	grc:5578	fertility	1.0	6	eflomal;gloss
annabiya hulda	H5031	hbo:5031	fertility	1.0	2	eflomal
asirin ƙarfinsa	H3581	hbo:3581	fertility	1.0	2	eflomal
aske gashin	H1494	hbo:1494	fertility	1.0	2	eflomal
aske kawunansu	H7144	hbo:7144	fertility	1.0	2	eflomal
askin tumaki	H1494	hbo:1494	fertility	1.0	2	eflomal
auna kamu	H4058	hbo:4058	fertility	1.0	3	eflomal
aunin shekel	H8255	hbo:8255	fertility	1.0	3	eflomal
auri yar	H1323	hbo:1323	fertility	1.0	3	eflomal
awace awacen	G1939	grc:1939	fertility	1.0	2	eflomal
awace sha awacen	G1939	grc:1939	fertility	1.0	3	eflomal
ayyuka alamu	G4592	grc:4592	fertility	1.0	2	eflomal
ayyukan banmamakin	G1411	grc:1411	fertility	1.0	7	eflomal;gloss
ayyukan banƙyama	H8441	hbo:8441	fertility	1.0	3	eflomal
ayyukan banƙyamar	H8441	hbo:8441	fertility	1.0	3	eflomal
ayyukanki banƙyama	H8441	hbo:8441	fertility	1.0	3	eflomal
ayyukansa banmamaki	H6381	hbo:6381	fertility	1.0	2	eflomal
ayyukansu banƙyama	H8441	hbo:8441	fertility	1.0	3	eflomal
ayyukanta banƙyama	H8441	hbo:8441	fertility	1.0	2	eflomal
aza harsashin ginin	H3245	hbo:3245	fertility	1.0	6	eflomal;gloss
azin bisharar	G2098	grc:2098	fertility	1.0	3	eflomal
aziyel shemiramot	H8070	hbo:8070	fertility	1.0	3	eflomal
azurfa barkatai	H3701	hbo:3701	fertility	1.0	2	eflomal
azurfa shekel	H3701	hbo:3701	fertility	1.0	3	eflomal
babban itace	H0436	hbo:0436	fertility	1.0	3	gloss
babban itacen	H0436	hbo:0436	fertility	1.0	2	gloss
babban jarumi	H1368	hbo:1368	fertility	1.0	2	eflomal
babban mai	G3173	grc:3173	fertility	1.0	3	eflomal
babban sarki	G4575	grc:4575	fertility	1.0	5	eflomal;gloss
babban ya	G3173	grc:3173	fertility	1.0	3	eflomal
babban yatsar	H0931	hbo:0931	fertility	1.0	2	eflomal
babban zaki	H3715	hbo:3715	fertility	1.0	2	eflomal
babbar hanya	H4546	hbo:4546	fertility	1.0	3	eflomal
babbar rundunar	H1995	hbo:1995	fertility	1.0	3	eflomal
babbar yatsar	H0931	hbo:0931	fertility	1.0	4	eflomal
babbar yatsarsa	H0931	hbo:0931	fertility	1.0	2	gloss
babilon gwamna	H0894	hbo:0894	fertility	1.0	2	eflomal
babu ruwa	G0504	grc:504	fertility	1.0	4	eflomal;gloss
babu wanda	G3762	grc:3762	fertility	1.0	6	eflomal
bagadan ƙona turare	H2553	hbo:2553	fertility	1.0	2	gloss
bahar rum	H3220	hbo:3220	fertility	1.0	8	eflomal
bakan ane	H3669	hbo:3669	fertility	1.0	6	eflomal;gloss
bakan gizo	G2463	grc:2463	fertility	1.0	4	eflomal;gloss
bakin dāgā	H4634	hbo:4634	fertility	1.0	2	eflomal
bakin iliya	H0452	hbo:0452	fertility	1.0	2	eflomal
bakin tekun	H0339	hbo:0339	fertility	1.0	6	eflomal;gloss
bala am	H1109	hbo:1109	fertility	1.0	110	eflomal;gloss
bala i	H0343	hbo:0343	fertility	1.0	3	eflomal
banza suke	G4576	grc:4576	fertility	1.0	2	gloss
barci gyangyaɗi	H8142	hbo:8142	fertility	1.0	3	eflomal
bari la ananne	G0331	grc:331	fertility	1.0	2	eflomal
bari sauko	H3381	hbo:3381	fertility	1.0	2	eflomal
bari sha kunya	H0954	hbo:0954	fertility	1.0	2	eflomal
barikin soja	G3925	grc:3925	fertility	1.0	10	eflomal;gloss
bashi ruwa	H5392	hbo:5392	fertility	1.0	2	eflomal
bauta wa	G3000	grc:3000	fertility	1.0	7	eflomal
bayar matsayin jingina	H5667	hbo:5667	fertility	1.0	2	eflomal
bayinta mata	H5291	hbo:5291	fertility	1.0	2	eflomal
baƙin ciki	G3076,G3077	grc:3076,grc:3077	phrasal	1.0	25	eflomal;gloss
baƙin ƙarfe	H6523	hbo:6523	fertility	1.0	2	eflomal
bet shemesh bet	H1053	hbo:1053	fertility	1.0	2	eflomal
beyer lahai royi	H0883	hbo:0883	fertility	1.0	6	eflomal;gloss
bigtana teresh	H8657	hbo:8657	fertility	1.0	2	eflomal
bikin aure	G1062	grc:1062	fertility	1.0	3	eflomal
bikin auren	G1062	grc:1062	fertility	1.0	2	eflomal
bikin burodi marar yisti	G0106	grc:106	fertility	1.0	2	eflomal
bikin kwana	H2282	hbo:2282	fertility	1.0	2	eflomal
bikin sabon wata	H2320	hbo:2320	fertility	1.0	3	eflomal
bikin ƙetarewar	H6453	hbo:6453	fertility	1.0	10	eflomal;gloss
bincika mikin	H5061	hbo:5061	fertility	1.0	3	eflomal
binne matattu	H6912	hbo:6912	fertility	1.0	2	eflomal
binsa bashi	H5378	hbo:5378	fertility	1.0	2	eflomal
biranen mafaka	H4733	hbo:4733	fertility	1.0	2	eflomal
bisa doka	G1832	grc:1832	fertility	1.0	2	eflomal
bisa irinsa	H4327	hbo:4327	fertility	1.0	2	eflomal
bisa irinsu	H4327	hbo:4327	fertility	1.0	7	eflomal
bisa kabilansu	H4940	hbo:4940	fertility	1.0	3	eflomal
bisa ma aunin shekel	H8255	hbo:8255	fertility	1.0	2	eflomal
biya bashin	G0591	grc:591	fertility	1.0	2	eflomal
buga ƙafarka	G4350	grc:4350	fertility	1.0	4	eflomal;gloss
bugan molo	H5059	hbo:5059	fertility	1.0	4	eflomal;gloss
bukaci lissafi	H1875	hbo:1875	fertility	1.0	3	eflomal
bukata taimako	G1654	grc:1654	fertility	1.0	4	eflomal;gloss
busa ƙaho	H7782	hbo:7782	fertility	1.0	4	eflomal
busa ƙahoni	H2689	hbo:2689	fertility	1.0	2	eflomal
busa ƙahonsa	G4537	grc:4537	fertility	1.0	8	eflomal
busan ƙahoni	H2689	hbo:2689	fertility	1.0	2	eflomal
busasshiyar ƙasa	H2724,H3004	hbo:2724,hbo:3004	phrasal	1.0	20	eflomal;gloss
bushe bushe	H2689,H5308	hbo:2689,hbo:5308	phrasal	1.0	8	eflomal;gloss
bushe bushe kaɗe kaɗe	H7892	hbo:7892	fertility	1.0	2	eflomal
buɗe fikafikansu	H3671	hbo:3671	fertility	1.0	3	eflomal
buɗe tagogin	H0699	hbo:0699	fertility	1.0	4	eflomal;gloss
buɗe ƙofa	G0455	grc:455	fertility	1.0	5	eflomal
cancanci girmamawa	G4586	grc:4586	fertility	1.0	3	eflomal
cancanci mutuwa	H4194	hbo:4194	fertility	1.0	2	eflomal
cancanci yabo	H1984	hbo:1984a	fertility	1.0	4	eflomal
ce daidai ce	H8505	hbo:8505	fertility	1.0	4	eflomal
ceci ransa	H2421	hbo:2421	fertility	1.0	2	eflomal
cewa ka	H0559	hbo:0559	fertility	1.0	2	eflomal
cika alkawarin	H5088	hbo:5088	fertility	1.0	4	eflomal
cikakkiyar karɓa	G0594	grc:594	fertility	1.0	4	eflomal;gloss
cike hayaƙi	H4392	hbo:4392	fertility	1.0	12	eflomal
ciki ta	H2029	hbo:2029	fertility	1.0	7	eflomal
ciki ɗaki	H2315	hbo:2315	fertility	1.0	2	eflomal
cin abinci	G0345,G2068,G2621,G5315	grc:345,grc:2068,grc:2621,grc:5315	phrasal	1.0	17	eflomal;gloss
cutar rigar	H5061	hbo:5061	fertility	1.0	4	eflomal
dabam dabam	G4164	grc:4164	fertility	1.0	4	eflomal;gloss
dabba namiji	H2145	hbo:2145	fertility	1.0	2	eflomal
dabbare dabbare	H5348	hbo:5348	fertility	1.0	13	eflomal;gloss
dabbobi abinci	H0018	hbo:0018	fertility	1.0	5	eflomal;gloss
daidai bisa doka	G1832	grc:1832	fertility	1.0	2	eflomal
daidai lokaci	G2540	grc:2540	fertility	1.0	5	eflomal
dalaye sandunan	H6823	hbo:6823	fertility	1.0	2	eflomal
damu al amuran	G3309	grc:3309	fertility	1.0	2	eflomal
damu game	G3309	grc:3309	fertility	1.0	3	eflomal
dandalin jama	H7339	hbo:7339	fertility	1.0	2	eflomal
danganci aikinsu	H5656	hbo:5656	fertility	1.0	3	eflomal
danƙa maka amana	G3866	grc:3866	fertility	1.0	2	gloss
darajar kimanta	H6187	hbo:6187	fertility	1.0	4	eflomal
daram abada	H5769	hbo:5769	fertility	1.0	2	eflomal
datan abiram	H0048	hbo:0048	fertility	1.0	5	eflomal
daure sarƙa	H5465	hbo:5465	fertility	1.0	2	eflomal
dawakai dawakai	H5483	hbo:5483	fertility	1.0	2	eflomal
dawakai waɗanda	H6571	hbo:6571	fertility	1.0	2	eflomal
dawo bauta	H1473	hbo:1473	fertility	1.0	6	eflomal
daɗin baki	H3655	hbo:3655	fertility	1.0	4	eflomal;gloss
daɗinsa ƙwarai	G2106	grc:2106	fertility	1.0	2	eflomal
dinari guda	G1220	grc:1220	fertility	1.0	3	eflomal
dogaran ƙofa	H4201	hbo:4201	fertility	1.0	4	eflomal;gloss
dogayen o	G3117	grc:3117	fertility	1.0	2	eflomal
dogayen sandunan	H5982	hbo:5982	fertility	1.0	2	eflomal
dogon gashi	G2863	grc:2863	fertility	1.0	4	eflomal;gloss
doguwar hasumiya	H4026	hbo:4026	fertility	1.0	4	eflomal
doguwar sanda	H5251	hbo:5251	fertility	1.0	4	eflomal;gloss
dole wanke	H3526	hbo:3526	fertility	1.0	2	eflomal
dole yă wanke	H3526	hbo:3526	fertility	1.0	6	eflomal
domin hadaya zunubi	H2403	hbo:2403	fertility	1.0	3	eflomal
domin iliya	G2243	grc:2243	fertility	1.0	3	eflomal
dubu biyar	G4000	grc:4000	fertility	1.0	4	eflomal
dubu dubban	G3461	grc:3461	fertility	1.0	2	eflomal
dubu goma	G3463	grc:3463	fertility	1.0	3	gloss
dubu huɗu	G5070	grc:5070	fertility	1.0	7	eflomal;gloss
duka waɗannan	H0428	hbo:0428	fertility	1.0	2	eflomal
dukan tsararraki	H1755	hbo:1755	fertility	1.0	3	eflomal
dukan zamanai	H1755	hbo:1755	fertility	1.0	2	eflomal
dukansu biyu	G0297	grc:297	fertility	1.0	3	eflomal
dutse wani	G3037	grc:3037	fertility	1.0	2	eflomal
dutsen tuntuɓe	G4625	grc:4625	fertility	1.0	2	eflomal
dutsen ƙanƙara	H6864	hbo:6864	fertility	1.0	2	eflomal
ebed melek	H5663	hbo:5663	fertility	1.0	12	eflomal;gloss
efan kwaɓaɓɓe	H1101	hbo:1101	fertility	1.0	2	eflomal
eglat shelishiya	H5697	hbo:5697a	fertility	1.0	4	eflomal;gloss
eldad medad	H0419	hbo:0419	fertility	1.0	2	eflomal
eliyasaf deyuwel	H0460	hbo:0460	fertility	1.0	2	eflomal
esar haddon	H0634	hbo:0634	fertility	1.0	6	eflomal;gloss
eziyon geber	H6100	hbo:6100	fertility	1.0	12	eflomal;gloss
ezra malamin doka	H5830	hbo:5830	fertility	1.0	4	eflomal
faddan aram	H6307	hbo:6307	fertility	1.0	21	eflomal;gloss
fahat mowab	H6355	hbo:6355	fertility	1.0	10	eflomal;gloss
fansar jinin	H1818	hbo:1818	fertility	1.0	3	eflomal
farar wuta	H1614	hbo:1614	fertility	1.0	2	gloss
fararen tufafi	G3022	grc:3022	fertility	1.0	3	eflomal
farin cikinmu	G5479	grc:5479	fertility	1.0	2	eflomal
fatar jiki	H6883,H5785	hbo:6883,hbo:5785	phrasal	1.0	13	eflomal;gloss
fatar jikin	H5785	hbo:5785	fertility	1.0	16	eflomal
fatar jikinsa	H5785	hbo:5785	fertility	1.0	4	eflomal
faɗa labari	G2097	grc:2097	fertility	1.0	2	eflomal
faɗi cewa	G3004	grc:3004	fertility	1.0	2	eflomal
filayen kwari	H8219	hbo:8219	fertility	1.0	5	eflomal;gloss
filayen tuddai	H8205	hbo:8205	fertility	1.0	2	eflomal
fita fita	H3318	hbo:3318	fertility	1.0	2	eflomal
fiton melek	H4429	hbo:4429	fertility	1.0	2	gloss
furannin almon	H8246	hbo:8246	fertility	1.0	2	eflomal
furen rana	H7799	hbo:7799	fertility	1.0	2	eflomal
furta maganarsa	H4912	hbo:4912	fertility	1.0	6	eflomal;gloss
fuskokinsu ƙasa	G4383	grc:4383	fertility	1.0	2	eflomal
fāri ɗango	H0697	hbo:0697	fertility	1.0	2	eflomal
fāɗawa rami	H7845	hbo:7845	fertility	1.0	2	eflomal
fāɗi gwajin	G0096	grc:96	fertility	1.0	3	eflomal
fāɗin kamu	H7341	hbo:7341	fertility	1.0	2	eflomal
fāɗinsa kamu ne	H0520	hbo:0520	fertility	1.0	2	eflomal
fāɗuwar rana	H6153	hbo:6153	fertility	1.0	3	eflomal
gabana ga	G3708	grc:3708	fertility	1.0	3	eflomal
gadin kurkukun	G1200	grc:1200	fertility	1.0	6	eflomal;gloss
gadon sarautar	H3678	hbo:3678	fertility	1.0	4	eflomal
gadon sarautarsa	G2362	grc:2362	fertility	1.0	3	eflomal
gafarta laifofin	H6588	hbo:6588	fertility	1.0	2	eflomal
gaggafa firiya	H5404	hbo:5404	fertility	1.0	2	eflomal
gamaliyel fedazur	H6301	hbo:6301	fertility	1.0	4	eflomal
game sauran	H3499	hbo:3499	fertility	1.0	3	eflomal
gangara zuwa	H3381	hbo:3381	fertility	1.0	40	eflomal
gangarawa zuwa	H3381	hbo:3381	fertility	1.0	4	eflomal
gangaro zuwa	H3381	hbo:3381	fertility	1.0	2	eflomal
ganin gari	G0308	grc:308	fertility	1.0	19	eflomal;gloss
ganin garinka	G0308	grc:308	fertility	1.0	2	gloss
ganin wahayin	H2372	hbo:2372	fertility	1.0	2	eflomal
gargaɗe ku	G5263	grc:5263	fertility	1.0	4	eflomal;gloss
gari hadaya	H4503	hbo:4503	fertility	1.0	4	eflomal
gari hadayu	H4503	hbo:4503	fertility	1.0	2	eflomal
gari ki	H7058	hbo:7058	fertility	1.0	2	eflomal
gari laushi	H5560	hbo:5560	fertility	1.0	4	eflomal
garin alkama	G0224	grc:224	fertility	1.0	2	eflomal
garken aladu	G5519	grc:5519	fertility	1.0	3	eflomal
garken tumaki	H6629	hbo:6629	fertility	1.0	5	eflomal
garkunan tumaki	H6629	hbo:6629	fertility	1.0	2	eflomal
garkunanku shanu	H1241	hbo:1241	fertility	1.0	4	eflomal
garuruwan tel mela tel	H8528	hbo:8528	fertility	1.0	4	eflomal;gloss
gasasshen hatsi	H7039	hbo:7039	fertility	1.0	4	eflomal;gloss
gashin akuya	H5795	hbo:5795	fertility	1.0	8	eflomal
gaɓar tekun	G2281	grc:2281	fertility	1.0	2	eflomal
gefen arewa	H8040	hbo:8040	fertility	1.0	2	eflomal
gefen dama	H3225	hbo:3225	fertility	1.0	2	eflomal
gefen kudu	H3225	hbo:3225	fertility	1.0	4	eflomal
gicciye tare	G4957	grc:4957	fertility	1.0	2	eflomal
gida fadan	H1004	hbo:1004	fertility	1.0	2	eflomal
gida mata	H1323	hbo:1323	fertility	1.0	2	eflomal
gina mahaurai	H5550	hbo:5550	fertility	1.0	2	eflomal
gindin itacen ɓaure	G4808	grc:4808	fertility	1.0	2	eflomal
gindin kunnensa	H7541	hbo:7541	fertility	1.0	2	eflomal
gindin tuddai	H8219	hbo:8219	fertility	1.0	3	eflomal
gine ginen	G3619	grc:3619	fertility	1.0	6	eflomal;gloss
ginin tukwane	H3335	hbo:3335a	fertility	1.0	9	eflomal;gloss
ginin tukwanen	H3335	hbo:3335a	fertility	1.0	2	gloss
ginshiƙan ashera	H0842	hbo:0842	fertility	1.0	13	eflomal
ginshiƙan asheransu	H0842	hbo:0842	fertility	1.0	10	eflomal;gloss
ginshiƙin ashera	H0842	hbo:0842	fertility	1.0	9	eflomal
girgije duhu	H6205	hbo:6205	fertility	1.0	2	eflomal
girgizar ƙasa	G4578	grc:4578	fertility	1.0	21	eflomal;gloss
girgizar ƙasar	G4578	grc:4578	fertility	1.0	4	eflomal;gloss
girman kai	H1343	hbo:1343	fertility	1.0	6	eflomal
goma huɗu	G1180	grc:1180	fertility	1.0	2	eflomal
goma sha	G1074	grc:1074	fertility	1.0	5	eflomal;gloss
goma sha ɗaya	G1734	grc:1734	fertility	1.0	5	eflomal;gloss
gomer maza	H1586	hbo:1586	fertility	1.0	2	eflomal
gonakin inabinku	H3754	hbo:3754	fertility	1.0	2	eflomal
gonakin inabinmu	H3754	hbo:3754	fertility	1.0	2	eflomal
gonakinku inabi	H3754	hbo:3754	fertility	1.0	2	eflomal
gonar inabinka	H3754	hbo:3754	fertility	1.0	4	eflomal;gloss
gonar inabinku	H3754	hbo:3754	fertility	1.0	4	eflomal;gloss
gonar inabinsa	G0290	grc:290	fertility	1.0	6	eflomal;gloss
gonar kabewa	H4750	hbo:4750	fertility	1.0	4	eflomal;gloss
guda ɗaya	G1520	grc:1520	fertility	1.0	5	eflomal
gumakan banza	H1892	hbo:1892	fertility	1.0	2	eflomal
gumakan banƙyama	H8441	hbo:8441	fertility	1.0	2	eflomal
gumakan gidan	H8655	hbo:8655	fertility	1.0	6	eflomal;gloss
gumakansu banƙyama	H8251	hbo:8251	fertility	1.0	2	eflomal
gumakansu marasa amfani	H1892	hbo:1892	fertility	1.0	2	eflomal
gungumen algum	H0418	hbo:0418	fertility	1.0	4	eflomal;gloss
gunki tsokanar	H5566	hbo:5566	fertility	1.0	2	eflomal
gunki zubi	H4541	hbo:4541	fertility	1.0	3	eflomal
gwauruwa matalauciya	G5503	grc:5503	fertility	1.0	2	eflomal
gyara katangar	H3635	hbo:3635	fertility	1.0	2	eflomal
gyare gyaren	H2388	hbo:2388	fertility	1.0	7	eflomal
hadaya don laifi	H0817	hbo:0817	fertility	1.0	6	eflomal
hadaya don laifin	H0817	hbo:0817	fertility	1.0	2	eflomal
hadaya don zunubi	H2403	hbo:2403	fertility	1.0	50	eflomal
hadaya gari	H4503	hbo:4503	fertility	1.0	19	eflomal
hadaya garin	H4503	hbo:4503	fertility	1.0	3	eflomal
hadaya hatsi	H4503	hbo:4503	fertility	1.0	4	eflomal
hadaya kaɗawa	H8573	hbo:8573	fertility	1.0	2	eflomal
hadaya laifi	H0817	hbo:0817	fertility	1.0	2	eflomal
hadaya salama	H8002	hbo:8002	fertility	1.0	3	eflomal
hadaya sha	H5262	hbo:5262	fertility	1.0	10	eflomal
hadaya wuta	H0801	hbo:0801	fertility	1.0	5	eflomal
hadaya zunubi	H2403	hbo:2403	fertility	1.0	9	eflomal
hadaya ƙonawa hadaya	H5930	hbo:5930	fertility	1.0	4	eflomal
hadaya ƙonawar	H5930	hbo:5930	fertility	1.0	3	eflomal
hadayar garin	H4503	hbo:4503	fertility	1.0	2	gloss
hadayar hatsi	H4503	hbo:4503	fertility	1.0	2	eflomal
hadayar wuta	H0801	hbo:0801	fertility	1.0	2	eflomal
hadayarsa ƙonawa	H5930	hbo:5930	fertility	1.0	2	eflomal
hadayu gari	H4503	hbo:4503	fertility	1.0	2	eflomal
hadayu sha	H5262	hbo:5262	fertility	1.0	3	eflomal
hadayu ƙonawa	H5930	hbo:5930	fertility	1.0	7	eflomal
hadayu ƙonawa hadayu	H5930	hbo:5930	fertility	1.0	2	eflomal
hadayun gari	H4503	hbo:4503	fertility	1.0	2	eflomal
hadayun godiya	H8426	hbo:8426	fertility	1.0	3	eflomal
hadayun sha	H5262	hbo:5262	fertility	1.0	14	eflomal
hadayun wuta	H0801	hbo:0801	fertility	1.0	3	eflomal
haddasa tsoro	H2851	hbo:2851	fertility	1.0	3	eflomal
hafsan matsaran	H2876	hbo:2876	fertility	1.0	4	eflomal
haifa maza	H3205	hbo:3205	fertility	1.0	4	eflomal
haifaffe ɗan ƙasa	H0249	hbo:0249	fertility	1.0	3	eflomal
haifaffen ɗan	H0249	hbo:0249	fertility	1.0	4	eflomal;gloss
haifaffen ɗan ƙasa	H0249	hbo:0249	fertility	1.0	2	eflomal
haka aika	H7971	hbo:7971	fertility	1.0	4	eflomal
haka taurare	H2388	hbo:2388	fertility	1.0	2	eflomal
hakkin jini	H1818	hbo:1818	fertility	1.0	2	eflomal
hakkin jininsa	H1818	hbo:1818	fertility	1.0	4	eflomal
halin mutuntaka	G4561	grc:4561	fertility	1.0	3	eflomal
halittu huɗun	G2226	grc:2226	fertility	1.0	2	eflomal
halittu ran	H2416	hbo:2416c	fertility	1.0	2	eflomal
halittu rarrafe	H7431	hbo:7431	fertility	1.0	3	eflomal
halittun hamada	H6728	hbo:6728a	fertility	1.0	3	eflomal
hallaka sarai	H2763	hbo:2763	fertility	1.0	3	eflomal
hallaka tas	H2763	hbo:2763	fertility	1.0	2	eflomal
hanan hadad	H1177	hbo:1177	fertility	1.0	2	eflomal
hananel yaron	H2601	hbo:2601	fertility	1.0	3	eflomal
hankalinku tashi	G2360	grc:2360	fertility	1.0	2	eflomal
hannu sake	G0572	grc:572	fertility	1.0	2	gloss
hannun damanka	H3225	hbo:3225	fertility	1.0	10	eflomal;gloss
hannun mafasa	G3027	grc:3027	fertility	1.0	2	gloss
hannuna dama	G1188	grc:1188	fertility	1.0	2	eflomal
hannunka dama	H3225	hbo:3225	fertility	1.0	3	eflomal
hannunta dama	H3225	hbo:3225	fertility	1.0	2	eflomal
hanya zuwa	H1870	hbo:1870	fertility	1.0	2	eflomal
hanyoyin banƙyama	H8441	hbo:8441	fertility	1.0	2	eflomal
hanyoyinku marasa	H6612	hbo:6612a	fertility	1.0	2	gloss
haroshet haggoyim	H2800	hbo:2800a	fertility	1.0	6	eflomal;gloss
harsashin gininta	H3247	hbo:3247	fertility	1.0	4	eflomal;gloss
hasumiyar shekem	H4026	hbo:4026b	fertility	1.0	3	eflomal
hauren giwa	H8127	hbo:8127	fertility	1.0	13	eflomal;gloss
haye urdun	H3383	hbo:3383	fertility	1.0	2	eflomal
hazar enan	H2704	hbo:2704	fertility	1.0	6	eflomal;gloss
hazar shuwal	H2705	hbo:2705	fertility	1.0	8	eflomal;gloss
hazazon tamar	H2688	hbo:2688	fertility	1.0	4	eflomal;gloss
haɗa bunsuru matsayin	H8163	hbo:8163a	fertility	1.0	5	eflomal
hidima matsayin firist	H3547	hbo:3547	fertility	1.0	2	eflomal
hidima matsayin firistoci	H3547	hbo:3547	fertility	1.0	7	eflomal
hidimar haikali	H5411	hbo:5411	fertility	1.0	6	eflomal;gloss
hidimar ikkilisiya	G1249	grc:1249	fertility	1.0	2	eflomal
hular kwano	G4030	grc:4030	fertility	1.0	2	gloss
hulunan kwano	H3553	hbo:3553	fertility	1.0	7	eflomal;gloss
hutun asabbaci	H7676	hbo:7676	fertility	1.0	2	eflomal
ibrahim ibrahim	H0085	hbo:0085	fertility	1.0	3	eflomal
idar jiki	G4561	grc:4561	fertility	1.0	2	eflomal
ikoki hukumomi	G0746	grc:746	fertility	1.0	2	eflomal
iri iri	G1085,G4164	grc:1085,grc:4164	phrasal	1.0	11	eflomal;gloss
irin jinjimi	H4327	hbo:4327	fertility	1.0	2	eflomal
isashen abincin	H7647	hbo:7647	fertility	1.0	4	eflomal;gloss
ishaya amoz	H3470	hbo:3470a	fertility	1.0	11	eflomal
isra ila isra ila	H3478	hbo:3478	fertility	1.0	2	eflomal
isra ilan	H3478	hbo:3478	fertility	1.0	11	eflomal
isra ilawan	H3478	hbo:3478	fertility	1.0	34	eflomal;gloss
itace oak	H0424	hbo:0424	fertility	1.0	2	eflomal
itacen al ul	H0730	hbo:0730	fertility	1.0	15	eflomal
itacen almon	H8247	hbo:8247	fertility	1.0	2	eflomal
itacen fir	H1265	hbo:1265	fertility	1.0	2	eflomal
itacen oak	H0424	hbo:0424	fertility	1.0	4	eflomal
itacen tsintsiya	H7574	hbo:7574	fertility	1.0	4	eflomal;gloss
itacen zaitun	H2132	hbo:2132	fertility	1.0	5	eflomal
itacen ƙaya	H0329	hbo:0329	fertility	1.0	2	eflomal
itacen ƙirya	H7848	hbo:7848	fertility	1.0	3	eflomal
itatuwan balsam	H1057	hbo:1057	fertility	1.0	4	eflomal;gloss
itatuwan dabino	H8561,H8558	hbo:8561,hbo:8558	phrasal	1.0	17	eflomal;gloss
itatuwan dabinon	H8561	hbo:8561	fertility	1.0	2	gloss
itatuwan tsamiya	H1057	hbo:1057	fertility	1.0	4	eflomal;gloss
iyaka yankin	H1366	hbo:1366	fertility	1.0	3	eflomal
iyakar ƙasar	H1366	hbo:1366	fertility	1.0	2	eflomal
iyakar ƙasarsu	H1366	hbo:1366	fertility	1.0	2	eflomal
iyalin istifanas	G4734	grc:4734	fertility	1.0	2	eflomal
iyalin yedahiya	H3048	hbo:3048	fertility	1.0	2	eflomal
ja numfashinsa ƙarshe	H1478	hbo:1478	fertility	1.0	2	eflomal
jagoran tawaye	G3027	grc:3027	fertility	1.0	3	eflomal
jagorancin itamar	H0385	hbo:0385	fertility	1.0	2	eflomal
jahannama wuta	G1067	grc:1067	fertility	1.0	4	eflomal
jakunan jeji	H6501	hbo:6501	fertility	1.0	2	eflomal
jama arta	H1995	hbo:1995	fertility	1.0	5	eflomal
jana izata	G1780	grc:1780	fertility	1.0	4	eflomal;gloss
jarumin yaƙi	H1368	hbo:1368	fertility	1.0	2	eflomal
jawo la	H0779	hbo:0779	fertility	1.0	3	eflomal
jefa ƙuri	H1486	hbo:1486	fertility	1.0	2	eflomal
jefar waje	G1544	grc:1544	fertility	1.0	3	eflomal
jerin jiragen	H0590	hbo:0590	fertility	1.0	3	eflomal
jifa ƙuri	H1486	hbo:1486	fertility	1.0	2	eflomal
jikokin ada	H5711	hbo:5711	fertility	1.0	2	eflomal
jikokin basemat	H1315	hbo:1315	fertility	1.0	2	eflomal
jima i	H7903	hbo:7903	fertility	1.0	6	eflomal;gloss
jin daɗi	H8057,H2654	hbo:8057,hbo:2654	phrasal	1.0	10	eflomal;gloss
jira marmari	G0553	grc:553	fertility	1.0	2	eflomal
jirgin ruwa	G0636,G4143	grc:636,grc:4143	phrasal	1.0	27	eflomal;gloss
jita jita	H8052	hbo:8052	fertility	1.0	4	eflomal;gloss
juye kwanonsa	G1632	grc:1632	fertility	1.0	6	eflomal
kacici kacici	H2420	hbo:2420	fertility	1.0	9	eflomal;gloss
kacici kacicin	H2420	hbo:2420	fertility	1.0	8	eflomal;gloss
kada ka	H4513	hbo:4513	fertility	1.0	6	eflomal;gloss
kada kome	G3367	grc:3367	fertility	1.0	3	eflomal
kada kowa	G3367	grc:3367	fertility	1.0	6	eflomal
kada wani	G3367	grc:3367	fertility	1.0	3	eflomal
kadesh barneya	H6947	hbo:6947	fertility	1.0	19	eflomal;gloss
kafa harsashen	H3245	hbo:3245	fertility	1.0	3	eflomal
kafa harsashin	H3245	hbo:3245	fertility	1.0	6	eflomal
kafa sansani	H2583	hbo:2583	fertility	1.0	24	eflomal
kafa sansaninsu	H2583	hbo:2583	fertility	1.0	4	eflomal;gloss
kafa tushen	H3245	hbo:3245	fertility	1.0	2	eflomal
kafar allura	G4476	grc:4476	fertility	1.0	2	eflomal
kafara dominsa	H3722	hbo:3722	fertility	1.0	5	eflomal
kaifin takobi	H2719	hbo:2719	fertility	1.0	3	eflomal
kamfanin sojoji	G4686	grc:4686	fertility	1.0	2	eflomal
kamun kifinsu	G1350	grc:1350	fertility	1.0	12	eflomal;gloss
kan ana	H3669,H3667	hbo:3669,hbo:3667	phrasal	1.0	76	eflomal;gloss
karan ƙaho	H7782	hbo:7782	fertility	1.0	2	eflomal
karar ƙaho	H7162	hbo:7162	fertility	1.0	3	eflomal
karin magana	H4912	hbo:4912	fertility	1.0	23	eflomal;gloss
karin maganar	H4912	hbo:4912	fertility	1.0	6	eflomal;gloss
karuwar haikali	H6945	hbo:6945	fertility	1.0	4	eflomal;gloss
karɓan baƙi	G5382	grc:5382	fertility	1.0	2	eflomal
karɓar haraji	G5057	grc:5057	fertility	1.0	37	eflomal;gloss
karɓar harajin	G5057	grc:5057	fertility	1.0	4	eflomal;gloss
karɓi azurfa	H3701	hbo:3701	fertility	1.0	2	eflomal
karɓi jinƙai	G1653	grc:1653	fertility	1.0	2	eflomal
karɓi zakan	H6237	hbo:6237	fertility	1.0	4	eflomal;gloss
kasa kunne	H0238,H8085	hbo:0238,hbo:8085	phrasal	1.0	35	eflomal;gloss
kashe takobi	H2719	hbo:2719	fertility	1.0	2	eflomal
kashegari sassafe	H7925	hbo:7925	fertility	1.0	5	eflomal
kashi bisa	H6241	hbo:6241	fertility	1.0	2	eflomal
kashi bisa goma	H6241	hbo:6241	fertility	1.0	7	eflomal
katakon al ul	H0730	hbo:0730	fertility	1.0	2	eflomal
kawo hallaka	G2050	grc:2050	fertility	1.0	4	eflomal;gloss
kawo haraji	H4503	hbo:4503	fertility	1.0	2	eflomal
kawo kyautai	H4503	hbo:4503	fertility	1.0	2	eflomal
kawo ƙarshe	H7673	hbo:7673	fertility	1.0	2	gloss
kawo ɓacin	H3013	hbo:3013	fertility	1.0	2	eflomal
kawuna dawa ƙosassu	H7641	hbo:7641	fertility	1.0	2	eflomal
kayan ado	H5716	hbo:5716	fertility	1.0	5	eflomal
kayan cinikinki	H5801	hbo:5801	fertility	1.0	3	gloss
kayan yaji	H1314	hbo:1314	fertility	1.0	41	eflomal;gloss
kayayyakin keɓe	H6944	hbo:6944	fertility	1.0	2	eflomal
kaɗa molaye	H5035	hbo:5035a	fertility	1.0	3	eflomal
ke nan	G4357,G1510	grc:4357,grc:1510	phrasal	1.0	7	eflomal;gloss
keken shanun	H5699	hbo:5699	fertility	1.0	5	eflomal
kekunan yaƙinka	H4818	hbo:4818	fertility	1.0	4	eflomal;gloss
kekunan yaƙinsa	H4818,H7393	hbo:4818,hbo:7393	phrasal	1.0	7	eflomal;gloss
kekunan yaƙinta	H7393	hbo:7393	fertility	1.0	2	eflomal
kena ana	H3668	hbo:3668	fertility	1.0	10	eflomal;gloss
kerit gabas	H3747	hbo:3747	fertility	1.0	4	eflomal;gloss
ketowar alfijir	H7837	hbo:7837	fertility	1.0	5	eflomal;gloss
kewayen yuferites	H5675	hbo:5675	fertility	1.0	2	eflomal
kewayo elkana	H0511	hbo:0511	fertility	1.0	2	eflomal
keɓaɓɓun duwatsu	H4676	hbo:4676	fertility	1.0	14	eflomal;gloss
keɓaɓɓun duwatsunsu	H4676	hbo:4676	fertility	1.0	10	eflomal;gloss
keɓe sashe	H6942	hbo:6942	fertility	1.0	3	eflomal
ki farka ki farka ki	H5782	hbo:5782	fertility	1.0	2	eflomal
kibrot hatta awa	H6914	hbo:6914	fertility	1.0	10	eflomal;gloss
kira zama	G2822	grc:2822	fertility	1.0	2	eflomal
kiriyat al	H7154	hbo:7154	fertility	1.0	2	eflomal
kiriyat arba	H7153	hbo:7153	fertility	1.0	7	eflomal
kiriyat sefer	H7158	hbo:7158a	fertility	1.0	4	eflomal
kiwon dabbobi	H4735	hbo:4735	fertility	1.0	3	eflomal
kiyaye asabbaci	H7676	hbo:7676	fertility	1.0	2	eflomal
kiyaye farillaina	H2708	hbo:2708	fertility	1.0	3	eflomal
kiɗan molo	H5059	hbo:5059	fertility	1.0	4	eflomal;gloss
kogin shihor	H7883	hbo:7883	fertility	1.0	2	eflomal
kogin yabbok	H2999	hbo:2999	fertility	1.0	4	eflomal
koma gida	G5290	grc:5290	fertility	1.0	2	eflomal
koma lafiyayye	G0600	grc:600	fertility	1.0	5	eflomal;gloss
kome lafiya	H7965	hbo:7965	fertility	1.0	2	eflomal
kome yake	H4393	hbo:4393	fertility	1.0	5	eflomal
kore kore	H3422	hbo:3422	fertility	1.0	4	eflomal;gloss
kowa ba	G3762	grc:3762	fertility	1.0	3	eflomal
kowace rana	H3117	hbo:3117	fertility	1.0	2	eflomal
koyarwar doka	H8451	hbo:8451	fertility	1.0	2	eflomal
ku zo ku	G1205	grc:1205	fertility	1.0	6	eflomal
kujerar sarauta	H3678	hbo:3678	fertility	1.0	6	eflomal
kujerar sarautar	H3678	hbo:3678	fertility	1.0	12	eflomal
kujerar sarautarsa	H3678	hbo:3678	fertility	1.0	5	eflomal
kujerar sarautata	H3678	hbo:3678	fertility	1.0	3	eflomal
kujerar shari ar	G0968	grc:968	fertility	1.0	5	eflomal;gloss
kuka cizon	G2805	grc:2805	fertility	1.0	7	eflomal
kuka dominsu	H5594	hbo:5594	fertility	1.0	2	eflomal
kuka ku	H3213	hbo:3213	fertility	1.0	3	eflomal
kuka kuka	H1058	hbo:1058	fertility	1.0	2	eflomal
kukan neman taimako	H7768	hbo:7768	fertility	1.0	2	eflomal
kuke addu	G4336	grc:4336	fertility	1.0	2	eflomal
kunnen yă	G3775	grc:3775	fertility	1.0	11	eflomal
kurmin lebanon	H3844	hbo:3844	fertility	1.0	2	eflomal
kusa kansa	H4763	hbo:4763	fertility	1.0	2	eflomal
kushan rishatayim	H3573	hbo:3573	fertility	1.0	4	eflomal;gloss
kuɗi jaka	G4082	grc:4082	fertility	1.0	3	eflomal
kuɗin shiga	H1983	hbo:1983	fertility	1.0	6	eflomal;gloss
kwaf kwaf	H3563	hbo:3563	fertility	1.0	3	eflomal
kwanakin ƙarshe	G2078	grc:2078	fertility	1.0	3	eflomal
kwanon kwaɓan kullunku	H4863	hbo:4863	fertility	1.0	4	eflomal;gloss
kwanonin yayyafawa	H4219	hbo:4219	fertility	1.0	6	eflomal
kwanonin yayyafawa kwanoni	H4219	hbo:4219	fertility	1.0	2	eflomal
kwanton ɓauna	H0693	hbo:0693	fertility	1.0	4	eflomal;gloss
kwarin ben hinnom	H1516	hbo:1516a	fertility	1.0	9	eflomal
kwarin ela	H0425	hbo:0425b	fertility	1.0	2	eflomal
kwarin gishiri	H1516	hbo:1516c	fertility	1.0	3	eflomal
kwarin haman gog	H1996	hbo:1996	fertility	1.0	4	eflomal;gloss
kwarin hinnom	H1516	hbo:1516a	fertility	1.0	3	eflomal
kwarin ifta el	H1516	hbo:1516e	fertility	1.0	2	eflomal
kwaɓa laka	G4081	grc:4081	fertility	1.0	3	eflomal
kyautai daraja	H4030	hbo:4030	fertility	1.0	2	eflomal
kyautai yardar rai	H5071	hbo:5071	fertility	1.0	2	eflomal
kāre kanku	G0626	grc:626	fertility	1.0	2	eflomal
la anoni	H7045,H0423	hbo:7045,hbo:0423	phrasal	1.0	9	eflomal;gloss
labari game	H8088	hbo:8088	fertility	1.0	3	eflomal
labarin yaƙe yaƙe	G4171	grc:4171	fertility	1.0	4	eflomal;gloss
lafiya lafiya alhali	H7965	hbo:7965	fertility	1.0	2	eflomal
lafiya ƙalau	H7965	hbo:7965	fertility	1.0	3	eflomal
laifin zub jini	H1818	hbo:1818	fertility	1.0	2	eflomal
lallausan garin	H5560	hbo:5560	fertility	1.0	4	gloss
lallausan goma	H5560	hbo:5560	fertility	1.0	2	eflomal
lardin asiya	G0773	grc:773	fertility	1.0	12	eflomal
leƙen asiri	H7270	hbo:7270	fertility	1.0	16	eflomal;gloss
leƙi asirinta	H8446	hbo:8446	fertility	1.0	4	eflomal;gloss
leƙo asirin	H7270	hbo:7270	fertility	1.0	6	eflomal;gloss
lissafta zuriyarka	G4690	grc:4690	fertility	1.0	2	eflomal
littafin ishaya	G2268	grc:2268	fertility	1.0	3	eflomal
lokacin al adarta	H5079	hbo:5079	fertility	1.0	10	eflomal;gloss
ma aunin shekel	H8255	hbo:8255	fertility	1.0	8	eflomal
mace marar aminci	H5237	hbo:5237	fertility	1.0	5	eflomal;gloss
maciya amana	H0898	hbo:0898	fertility	1.0	2	eflomal
madogaran gini	H4407	hbo:4407	fertility	1.0	11	eflomal;gloss
mafi kyau	H4005,H7225	hbo:4005,hbo:7225	phrasal	1.0	12	eflomal;gloss
mafi tsayi	G4419	grc:4419	fertility	1.0	4	eflomal;gloss
mafiya kyau	H3303	hbo:3303	fertility	1.0	3	eflomal
magabcin kiristi	G0500	grc:500	fertility	1.0	8	eflomal;gloss
magana gabagadi	G3955	grc:3955	fertility	1.0	3	eflomal
maginin tukwane	H3335	hbo:3335a	fertility	1.0	4	eflomal;gloss
mahaifiya mahaifiyarsa	H0517	hbo:0517	fertility	1.0	2	eflomal
mahaifiyar sarauniya	H1377	hbo:1377	fertility	1.0	3	eflomal
mahane dan	H4265	hbo:4265	fertility	1.0	4	eflomal;gloss
mahaya dawakai	H6571	hbo:6571	fertility	1.0	2	eflomal
mahayan dawakai	H6571	hbo:6571	fertility	1.0	10	eflomal
mahayan dawakansa	H6571	hbo:6571	fertility	1.0	3	eflomal
maher shalal hash baz	H4122	hbo:4122	fertility	1.0	4	eflomal;gloss
mahukuntan birnin	G4173	grc:4173	fertility	1.0	4	eflomal;gloss
mai iko duka	H0136	hbo:0136	fertility	1.0	207	eflomal;gloss
majami ar	G4864	grc:4864	fertility	1.0	9	eflomal
majami arsu	G4864	grc:4864	fertility	1.0	3	eflomal
majami u	G4864	grc:4864	fertility	1.0	13	eflomal
majami un	G4864	grc:4864	fertility	1.0	3	eflomal
majami unsu	G4864	grc:4864	fertility	1.0	5	eflomal
makafi kukan	G5185	grc:5185	fertility	1.0	2	eflomal
mala ikun	G0032	grc:32	fertility	1.0	28	eflomal;gloss
mala ikunsa	G0032	grc:32	fertility	1.0	22	eflomal;gloss
malala kewaye	H5437	hbo:5437	fertility	1.0	2	eflomal
malaman dokokin	G1122	grc:1122	fertility	1.0	5	eflomal;gloss
malki shuwa	H4444	hbo:4444	fertility	1.0	10	eflomal;gloss
malon kiliyon	H4248	hbo:4248	fertility	1.0	2	eflomal
mamaki suka	G1605	grc:1605	fertility	1.0	2	eflomal
manta uwa	H1736	hbo:1736	fertility	1.0	10	eflomal;gloss
manyan firistoci	G0749	grc:749	fertility	1.0	57	eflomal
manyan firistocin	G0749	grc:749	fertility	1.0	6	eflomal;gloss
manyan hafsoshin	H8269	hbo:8269	fertility	1.0	3	eflomal
manyan hanyoyi	H4546	hbo:4546	fertility	1.0	2	eflomal
manyan itatuwan	H0436	hbo:0436	fertility	1.0	8	eflomal;gloss
manyan yatsotsin	H0931	hbo:0931	fertility	1.0	4	eflomal;gloss
marar aminci	H0898	hbo:0898	fertility	1.0	14	eflomal;gloss
marar azanci	H6612	hbo:6612	fertility	1.0	8	eflomal;gloss
marar bi	G0571	grc:571	fertility	1.0	4	eflomal
marar kaciya	H6189	hbo:6189	fertility	1.0	4	eflomal
marar kyau	G5337	grc:5337	fertility	1.0	4	eflomal;gloss
marar lahani	H8549	hbo:8549	fertility	1.0	42	eflomal;gloss
marar marar	G2839	grc:2839	fertility	1.0	2	eflomal
marar tsarki	H2931,H2930	hbo:2931,hbo:2930	phrasal	1.0	59	eflomal;gloss
marar tsoron allah	H2611	hbo:2611	fertility	1.0	2	eflomal
marar yisti	H4682	hbo:4682	fertility	1.0	2	eflomal
marar zargi	H8549	hbo:8549	fertility	1.0	4	eflomal
marasa adalci	G0094	grc:94	fertility	1.0	3	eflomal
marasa aibi	G0299	grc:299	fertility	1.0	4	eflomal;gloss
marasa aminci	H0898	hbo:0898	fertility	1.0	12	eflomal;gloss
marasa bangaskiya	G0571	grc:571	fertility	1.0	5	eflomal;gloss
marasa bi	G0571	grc:571	fertility	1.0	4	eflomal
marasa biyayya	G0544	grc:544	fertility	1.0	4	eflomal
marasa kaciya	H6189	hbo:6189	fertility	1.0	17	eflomal
marasa kaciyan	H6189	hbo:6189	fertility	1.0	6	eflomal;gloss
marasa lahani	H8549	hbo:8549	fertility	1.0	39	eflomal;gloss
marasa tsabta	H2931	hbo:2931	fertility	1.0	2	eflomal
marasa ƙarfi	G0772	grc:772	fertility	1.0	2	eflomal
mari mikahiya	H4321	hbo:4321	fertility	1.0	2	eflomal
markabot hazar	H1024	hbo:1024	fertility	1.0	4	eflomal;gloss
marmarin abincinsa	H0183	hbo:0183	fertility	1.0	2	eflomal
marmarin neman	G2206	grc:2206	fertility	1.0	2	eflomal
masa bulala	G3146	grc:3146	fertility	1.0	2	eflomal
masa muddin	H2416	hbo:2416	fertility	1.0	2	eflomal
masanan dokoki	G3544	grc:3544	fertility	1.0	10	eflomal;gloss
masanan taurari	H3779	hbo:3779	fertility	1.0	8	eflomal;gloss
masanan taurarin	H3779	hbo:3779	fertility	1.0	4	eflomal;gloss
masar bisa	H6624	hbo:6624	fertility	1.0	2	eflomal
mashigin kogin	H0180	hbo:0180	fertility	1.0	2	eflomal
masu albarka	G3107	grc:3107	fertility	1.0	25	eflomal
masu hikimarta	H2450	hbo:2450	fertility	1.0	4	eflomal;gloss
masu zunubi	G0268	grc:268	fertility	1.0	27	eflomal
masujadai kan tuddai	H1116	hbo:1116	fertility	1.0	2	eflomal
masujadai kan tudu	H1116	hbo:1116	fertility	1.0	4	eflomal
masujadan kan tuddai	H1116	hbo:1116	fertility	1.0	4	eflomal
masujadan kan tudu	H1116	hbo:1116	fertility	1.0	18	eflomal
masujadan kan tudun	H1116	hbo:1116	fertility	1.0	8	eflomal;gloss
mata aure	H1323	hbo:1323	fertility	1.0	2	eflomal
mata ciki	G1064	grc:1064	fertility	1.0	2	eflomal
matan aure	G1135	grc:1135	fertility	1.0	2	eflomal
matar ɗansa	H3618	hbo:3618	fertility	1.0	2	eflomal
matsaran ƙofofi	H7778	hbo:7778	fertility	1.0	12	eflomal
matsattsun tagogi	H0331	hbo:0331	fertility	1.0	2	eflomal
matsayin hadaya	H8641	hbo:8641	fertility	1.0	2	eflomal
matsayin hadaya zunubi	H2403	hbo:2403	fertility	1.0	3	eflomal
matsayin jingina	H5667	hbo:5667	fertility	1.0	2	gloss
matsayin sarki	H4427	hbo:4427	fertility	1.0	3	eflomal
matsayinsa ɗan fari	H1062	hbo:1062	fertility	1.0	2	eflomal
matsayinta mahaifiyar sarauniya	H1377	hbo:1377	fertility	1.0	2	eflomal
matuƙar bantsoro	G5398	grc:5398	fertility	1.0	4	eflomal;gloss
maza alwan	H5935	hbo:5935	fertility	1.0	2	eflomal
maza bilhan	H1092	hbo:1092	fertility	1.0	2	eflomal
maza dubu huɗu	G5070	grc:5070	fertility	1.0	2	eflomal
maza hidimar	H8198	hbo:8198	fertility	1.0	2	eflomal
maza mali	H4249	hbo:4249	fertility	1.0	4	eflomal
maza nadab	H5070	hbo:5070	fertility	1.0	2	eflomal
maza shem	H8035	hbo:8035	fertility	1.0	2	eflomal
maza ɗan	H1121	hbo:1121	fertility	1.0	4	eflomal
maza ɗaya	H1121	hbo:1121	fertility	1.0	2	eflomal
mazaunin masarautar	H7800	hbo:7800	fertility	1.0	5	eflomal;gloss
maƙerin zinariya	H6884	hbo:6884	fertility	1.0	3	eflomal
maɗaukakan wuraren	H1116	hbo:1116	fertility	1.0	2	eflomal
mefa at	H4158	hbo:4158a	fertility	1.0	5	eflomal;gloss
misrefot mayim	H4956	hbo:4956	fertility	1.0	4	eflomal;gloss
miƙa bijimai	H6499	hbo:6499	fertility	1.0	5	eflomal
miƙa bijimi	H6499	hbo:6499	fertility	1.0	3	eflomal
miƙa hadaya gumaka	G1494	grc:1494	fertility	1.0	2	eflomal
miƙa hadayar	H2076	hbo:2076	fertility	1.0	4	eflomal
miƙa hadayunku	H2077	hbo:2077	fertility	1.0	2	gloss
miƙa ƙonawa	H5930	hbo:5930	fertility	1.0	5	eflomal
motsa zuciyar	H7307	hbo:7307	fertility	1.0	2	eflomal
muddin raye	H2416	hbo:2416	fertility	1.0	4	eflomal
mugayen siffofi	H8251	hbo:8251	fertility	1.0	6	eflomal;gloss
mugayen siffofin	H8251	hbo:8251	fertility	1.0	2	gloss
mugun abu	H2154	hbo:2154	fertility	1.0	6	eflomal;gloss
mujiyar hamada	H7090	hbo:7090	fertility	1.0	2	eflomal
muka tashi	G0321	grc:321	fertility	1.0	3	eflomal
muku sani	H1843	hbo:1843	fertility	1.0	2	eflomal
mulkin artazerzes	H0783	hbo:0783	fertility	1.0	2	eflomal
mulkin majami ar	G0752	grc:752	fertility	1.0	3	eflomal
mummunar ƙarshe	H1091	hbo:1091	fertility	1.0	4	eflomal;gloss
murabba i	H7251	hbo:7251	fertility	1.0	22	eflomal;gloss
murfin dalman	H5777	hbo:5777	fertility	1.0	4	eflomal;gloss
murfin kafara	H3727	hbo:3727	fertility	1.0	7	eflomal
murfin kafarar	H3727	hbo:3727	fertility	1.0	4	eflomal
musu baftisma	G0907	grc:907	fertility	1.0	11	eflomal
musu misali	G3850	grc:3850	fertility	1.0	2	eflomal
mutane yawa	G4183	grc:4183	fertility	1.0	25	eflomal
mutanen gad	H1425	hbo:1425	fertility	1.0	3	eflomal
mutanen ishmayel	H3459	hbo:3459	fertility	1.0	4	eflomal
mutumin al ummai	G1672	grc:1672	fertility	1.0	8	eflomal;gloss
mutuniyar shunam	H7767	hbo:7767	fertility	1.0	14	eflomal;gloss
muƙaddas ɗin	G0446	grc:446	fertility	1.0	2	eflomal
mūsun sanina	G0533	grc:533	fertility	1.0	5	eflomal
mūsun saninsa	G0720	grc:720	fertility	1.0	2	eflomal
naman jeji	H2416	hbo:2416c	fertility	1.0	8	eflomal;gloss
naman murɗe	G4156	grc:4156	fertility	1.0	2	eflomal
namanka jininka	H2504	hbo:2504	fertility	1.0	2	eflomal
nannaɗe zane	G4683	grc:4683	fertility	1.0	2	eflomal
naɗa sarki	H4427	hbo:4427	fertility	1.0	3	eflomal
naɗaɗɗen littafin	G0975	grc:975	fertility	1.0	9	eflomal
nemi hakki	H1875	hbo:1875	fertility	1.0	3	eflomal
nemi mafaka	H2620	hbo:2620	fertility	1.0	5	eflomal
nemi shawarar	H3289,H1875	hbo:3289,hbo:1875	phrasal	1.0	10	eflomal;gloss
nemi shawarata	H1875	hbo:1875	fertility	1.0	3	eflomal
nemo kibiyoyin	H2671	hbo:2671	fertility	1.0	2	eflomal
ninki biyu	H4932	hbo:4932	fertility	1.0	3	eflomal
nuna alheri	H2617	hbo:2617	fertility	1.0	3	eflomal
nuna tausayi	H7355	hbo:7355	fertility	1.0	2	eflomal
nuna ƙauna	H2617	hbo:2617	fertility	1.0	4	eflomal
nunannun yan itace	H7019	hbo:7019	fertility	1.0	2	eflomal
obed edom	H5654	hbo:5654	fertility	1.0	15	eflomal
otniyel zuga	H5496	hbo:5496	fertility	1.0	2	eflomal
raba kabila kabila	H4256	hbo:4256	fertility	1.0	2	eflomal
rababben namansa	H6536	hbo:6536	fertility	1.0	2	eflomal
rago akwai	H6102	hbo:6102	fertility	1.0	2	eflomal
rago bana	H3532	hbo:3532	fertility	1.0	3	eflomal
raguna bana	H3532	hbo:3532	fertility	1.0	2	eflomal
raguna kowanne bana	H3532	hbo:3532	fertility	1.0	2	eflomal
rahoto banrazana	H1681	hbo:1681	fertility	1.0	2	eflomal
ramin abis	G0012	grc:12	fertility	1.0	2	eflomal
ramot gileyad	H7433	hbo:7433	fertility	1.0	18	eflomal
ramuwa tawa	G1557	grc:1557	fertility	1.0	2	eflomal
rana a	G2250	grc:2250	fertility	1.0	2	eflomal
rana fāɗi	H8121	hbo:8121	fertility	1.0	6	eflomal
rana fāɗuwa	H8121	hbo:8121	fertility	1.0	3	eflomal
rana wata	H2320	hbo:2320	fertility	1.0	3	eflomal
ranar shirye shirye	G3904	grc:3904	fertility	1.0	3	eflomal
ranka yă daɗe	H0113	hbo:0113	fertility	1.0	223	eflomal;gloss
ranka yă daɗe yă	H0113	hbo:0113	fertility	1.0	2	eflomal
rashin adalci	G0093	grc:93	fertility	1.0	2	eflomal
rashin aminci	H0898,H4603,H4604	hbo:0898,hbo:4603,hbo:4604	phrasal	1.0	14	eflomal;gloss
rashin bangaskiya	G0570	grc:570	fertility	1.0	4	eflomal
rashin bangaskiyarsu	G0570	grc:570	fertility	1.0	8	eflomal;gloss
rashin biyayya	G3876,G0543	grc:3876,grc:543	phrasal	1.0	7	eflomal;gloss
rashin lafiya	G0772,G0770	grc:772,grc:770	phrasal	1.0	14	eflomal;gloss
rashin sani	G0050	grc:50	fertility	1.0	4	eflomal
rashin tsabta	H5079	hbo:5079	fertility	1.0	4	eflomal;gloss
rashin tsoron allah	G0763	grc:763	fertility	1.0	2	eflomal
rashin ƙarfina	G0769	grc:769	fertility	1.0	3	eflomal
rassan dabino	G5404	grc:5404	fertility	1.0	2	eflomal
rataya takobinsa	H2719	hbo:2719	fertility	1.0	2	eflomal
rataye garkuwoyinsu	H8518	hbo:8518	fertility	1.0	2	eflomal
rataye jaka ƙunshe kayan rubutu	H7083	hbo:7083	fertility	1.0	2	eflomal
rawa waƙar	G3738	grc:3738	fertility	1.0	2	eflomal
rawayan gashi	H8181	hbo:8181	fertility	1.0	2	eflomal
rayayyun halittun	H2416	hbo:2416c	fertility	1.0	18	eflomal;gloss
rayuwa zargi	H8537	hbo:8537	fertility	1.0	2	eflomal
raƙuman ruwan	G2281	grc:2281	fertility	1.0	2	eflomal
rera don farin ciki	H7442	hbo:7442	fertility	1.0	7	eflomal
rera waƙa	G5214	grc:5214	fertility	1.0	4	eflomal;gloss
rigar makoki	H8242	hbo:8242	fertility	1.0	2	eflomal
rigunan makoki	H8242	hbo:8242	fertility	1.0	3	eflomal
rigunansa yă	H0899	hbo:0899	fertility	1.0	2	eflomal
rimmon ferez	H7428	hbo:7428	fertility	1.0	4	eflomal;gloss
riƙon amana	G3623	grc:3623	fertility	1.0	6	eflomal;gloss
riƙon kwaf	H4945	hbo:4945	fertility	1.0	4	eflomal
riɓi biyu	H4932	hbo:4932	fertility	1.0	3	eflomal
romamti ezer	H7320	hbo:7320	fertility	1.0	4	eflomal;gloss
rubuce cewa	G1125	grc:1125	fertility	1.0	7	eflomal
rubuta gaisuwa	G0783	grc:783	fertility	1.0	3	eflomal
rubuta rubuce	H4557	hbo:4557	fertility	1.0	11	eflomal
rubutaccen tarihin	H3187	hbo:3187	fertility	1.0	4	eflomal;gloss
rubutun wane	G1923	grc:1923	fertility	1.0	3	eflomal
rufe idanu	G4028	grc:4028	fertility	1.0	2	eflomal
rufe ɗumbun	G2572	grc:2572	fertility	1.0	2	eflomal
rufin gidansa	G1430	grc:1430	fertility	1.0	3	eflomal
ruhu sama	H7307	hbo:7307	fertility	1.0	2	eflomal
ruhun alloli	H1251	hbo:1251	fertility	1.0	2	eflomal
rundunar sojoji	H2428	hbo:2428	fertility	1.0	3	eflomal
rundunar sojojin	H6635	hbo:6635	fertility	1.0	2	eflomal
rungumi ƙirjinta	H1717	hbo:1717	fertility	1.0	2	eflomal
rusuna sujada	H5457	hbo:5457	fertility	1.0	2	eflomal
ruwa gudu	H4325	hbo:4325	fertility	1.0	2	eflomal
ruwan inabinku	H8492	hbo:8492	fertility	1.0	2	gloss
ruwan inabinsu	H3196	hbo:3196	fertility	1.0	4	eflomal
ruwan inabinta	H3196	hbo:3196	fertility	1.0	2	eflomal
ruwan saman	H4306	hbo:4306	fertility	1.0	2	eflomal
ruwan shuɗi	H8504	hbo:8504	fertility	1.0	12	eflomal
sabon ruwan inabi	H8492	hbo:8492	fertility	1.0	13	eflomal
sabon ruwan inabinku	H8492	hbo:8492	fertility	1.0	3	eflomal
sabuwar wata	H2320	hbo:2320	fertility	1.0	4	eflomal
sabuwar waƙa	G2537	grc:2537	fertility	1.0	2	eflomal
safe kashegari	H1242	hbo:1242	fertility	1.0	2	eflomal
sakatunta sandunan ƙarfenta	H4514	hbo:4514	fertility	1.0	2	eflomal
salama zaman lafiya	H8252	hbo:8252	fertility	1.0	2	eflomal
sama ila sama ila	H8050	hbo:8050	fertility	1.0	5	eflomal
sami ceto	G4982	grc:4982	fertility	1.0	29	eflomal
samla masreka	H8072	hbo:8072	fertility	1.0	2	eflomal
sammai amincinka	H2167	hbo:2167	fertility	1.0	2	eflomal
sandan sarauta	H8275	hbo:8275	fertility	1.0	3	eflomal
sandan ɗaukarsa	H4132	hbo:4132	fertility	1.0	4	eflomal;gloss
sanin allah	G1482	grc:1482	fertility	1.0	4	eflomal;gloss
sarauniya bashti	H2060	hbo:2060	fertility	1.0	3	eflomal
sarkin sarkin	H4428	hbo:4428	fertility	1.0	2	eflomal
sarkin yaƙin	H7262	hbo:7262	fertility	1.0	8	eflomal
sashe mafi	H4315	hbo:4315	fertility	1.0	4	eflomal;gloss
sashe tsarki	H6944	hbo:6944	fertility	1.0	2	eflomal
sashen tunawa	H0234	hbo:0234	fertility	1.0	2	eflomal
sassafe kashegari	H7925	hbo:7925	fertility	1.0	2	eflomal
sauka lafiya	H7965	hbo:7965	fertility	1.0	3	eflomal
sauran ayyukan	H3499	hbo:3499	fertility	1.0	3	eflomal
saurara ɗan	H1248	hbo:1248	fertility	1.0	2	eflomal
sauya kamanninmu	G0236	grc:236	fertility	1.0	2	eflomal
sayar hatsi	H7666	hbo:7666	fertility	1.0	2	eflomal
saye fararen tufafi	G3022	grc:3022	fertility	1.0	2	eflomal
saye tsummoki	H8242	hbo:8242	fertility	1.0	2	eflomal
sha awace sha awacenku	G2237	grc:2237	fertility	1.0	4	eflomal;gloss
shaidar budurcin	H1331	hbo:1331	fertility	1.0	4	eflomal;gloss
shaidar ƙarya	G5577,G5576	grc:5577,grc:5576	phrasal	1.0	6	eflomal;gloss
shan azaba	G3600	grc:3600	fertility	1.0	2	gloss
shan wuya	G2347	grc:2347	fertility	1.0	5	eflomal;gloss
shanun teku	H8476	hbo:8476	fertility	1.0	11	eflomal
shekara haihuwa	H8141	hbo:8141	fertility	1.0	2	eflomal
shekara murna	H3104	hbo:3104	fertility	1.0	4	eflomal
shekara sha	G2094	grc:2094	fertility	1.0	2	eflomal
shekara yi	H8141	hbo:8141	fertility	1.0	3	eflomal
shekara ɗari huɗu	H7620	hbo:7620	fertility	1.0	2	eflomal
shekara ɗaya	H8141	hbo:8141	fertility	1.0	3	eflomal
shekaru biyu	G1333	grc:1333	fertility	1.0	4	eflomal;gloss
shekaru haihuwa	H8141	hbo:8141	fertility	1.0	2	eflomal
shekaru shekaru	H8141	hbo:8141	fertility	1.0	2	eflomal
shekel azurfa	H3701	hbo:3701	fertility	1.0	6	eflomal
shekel bisa	H8255	hbo:8255	fertility	1.0	2	eflomal
shem maza	H8035	hbo:8035	fertility	1.0	4	eflomal
shiga karuwanci	H2181	hbo:2181	fertility	1.0	5	eflomal
shiga yahudanci	G4339	grc:4339	fertility	1.0	2	eflomal
shimfiɗa mayafansu	G2440	grc:2440	fertility	1.0	2	eflomal
shimfiɗa rigunarsu	G2440	grc:2440	fertility	1.0	2	eflomal
shirin asirin	G3466	grc:3466	fertility	1.0	2	eflomal
shirye shiryensu	H6098	hbo:6098	fertility	1.0	3	eflomal
shugaban gadin	G4755	grc:4755	fertility	1.0	2	eflomal
shugaban sojojin	H7262	hbo:7262	fertility	1.0	5	eflomal;gloss
shugaban ƙungiyar soja	G5506	grc:5506	fertility	1.0	2	eflomal
shugaban ƙungiyar sojan	G5506	grc:5506	fertility	1.0	26	eflomal;gloss
shuka sukan	G4687	grc:4687	fertility	1.0	2	eflomal
siffar kwartaniya	H3805	hbo:3805	fertility	1.0	5	eflomal;gloss
siffofin bijimai	H1241	hbo:1241	fertility	1.0	2	eflomal
siffofin maruƙa	H5695	hbo:5695	fertility	1.0	2	eflomal
siffofin rumman	H7416	hbo:7416	fertility	1.0	4	eflomal
sowa don farin ciki	H7442	hbo:7442	fertility	1.0	6	eflomal
sowa farin ciki	H7442	hbo:7442	fertility	1.0	2	eflomal
soyayyen hatsi	H7039	hbo:7039	fertility	1.0	4	eflomal;gloss
suke can	H4672	hbo:4672	fertility	1.0	2	eflomal
sāke gina	H1124	hbo:1124	fertility	1.0	7	eflomal
sāke kamanninsa	G3339	grc:3339	fertility	1.0	2	eflomal
tabbata abada	G0165	grc:165	fertility	1.0	3	eflomal
tafi abinsa	G0565	grc:565	fertility	1.0	4	eflomal
tafi bauta	H1540	hbo:1540	fertility	1.0	2	eflomal
tafi hukunci	H5352	hbo:5352	fertility	1.0	4	eflomal
tafi zaman bauta	H1540	hbo:1540	fertility	1.0	3	eflomal
takardar saki	G0647	grc:647	fertility	1.0	3	eflomal
tanade tanaden	H4937	hbo:4937	fertility	1.0	4	eflomal;gloss
tanderun wuta	H5135	hbo:5135	fertility	1.0	2	eflomal
tanderun wutar	H5135	hbo:5135	fertility	1.0	5	eflomal
tare gari	H4503	hbo:4503	fertility	1.0	5	eflomal
tare hadaya	H4503	hbo:4503	fertility	1.0	3	eflomal
tare hatsi	H4503	hbo:4503	fertility	1.0	2	eflomal
tarihin zuriya	H3187	hbo:3187	fertility	1.0	6	eflomal;gloss
tarihin zuriyar	H8435	hbo:8435	fertility	1.0	2	eflomal
tarin juji	H5856	hbo:5856	fertility	1.0	2	eflomal
tarin toka	H0830	hbo:0830	fertility	1.0	6	eflomal;gloss
tariyar zare	H8359	hbo:8359	fertility	1.0	6	eflomal;gloss
tariyar zaren	H8359	hbo:8359	fertility	1.0	7	eflomal;gloss
taro sai	G3793	grc:3793	fertility	1.0	3	eflomal
taron areyofagus	G0697	grc:697	fertility	1.0	4	eflomal;gloss
taron mutane	G3793	grc:3793	fertility	1.0	13	eflomal
taron mutanen	G3793	grc:3793	fertility	1.0	2	eflomal
tashi sama	G4072	grc:4072	fertility	1.0	4	eflomal
tashi sassafe	H7925	hbo:7925	fertility	1.0	3	eflomal
tashi tsaye	G0450	grc:450	fertility	1.0	3	eflomal
tashin hankali	H2555	hbo:2555	fertility	1.0	16	eflomal;gloss
tattofa miyau	G1716	grc:1716	fertility	1.0	3	eflomal
tattoshe mahaɗan	H0919	hbo:0919	fertility	1.0	2	gloss
taurin muguwar	H8307	hbo:8307	fertility	1.0	2	eflomal
taɓu tubansa	H6279	hbo:6279	fertility	1.0	2	eflomal
timoti zuwa	G5095	grc:5095	fertility	1.0	3	eflomal
tofa miyau	G4429	grc:4429	fertility	1.0	6	eflomal;gloss
tofaz zumurrudu	H6357	hbo:6357	fertility	1.0	2	eflomal
tsafin artemis	G0735	grc:735	fertility	1.0	2	eflomal
tsakar dare	G3317	grc:3317	fertility	1.0	8	eflomal;gloss
tsakar rana	H6672	hbo:6672a	fertility	1.0	16	eflomal
tsakiyar sararin	G3321	grc:3321	fertility	1.0	6	eflomal;gloss
tsakiyar taron	G3319	grc:3319	fertility	1.0	2	eflomal
tsami haƙoran	H8127	hbo:8127	fertility	1.0	2	eflomal
tsammani girmama	H3513	hbo:3513	fertility	1.0	2	eflomal
tsara zuwa tsara	H1755	hbo:1755	fertility	1.0	10	eflomal
tsararraki masu zuwa	H1755	hbo:1755	fertility	1.0	11	eflomal
tsarkakakku hadayun	H6944	hbo:6944	fertility	1.0	2	eflomal
tsarkakakkun hadayu	H6944	hbo:6944	fertility	1.0	3	eflomal
tsarkakakkun hadayun	H6944	hbo:6944	fertility	1.0	2	eflomal
tsarkakan taro	H6116	hbo:6116	fertility	1.0	4	eflomal;gloss
tsarkakan wurare	H4720	hbo:4720	fertility	1.0	2	eflomal
tsarkake kanku	H6942	hbo:6942	fertility	1.0	7	eflomal
tsarki ciki	H1687	hbo:1687	fertility	1.0	3	eflomal
tsaron lafiyarsa	H4928	hbo:4928	fertility	1.0	4	eflomal;gloss
tsaron ƙofofi	H7778	hbo:7778	fertility	1.0	3	eflomal
tsattsaye kusa	G3936	grc:3936	fertility	1.0	6	eflomal;gloss
tsawon shekara	H8141	hbo:8141	fertility	1.0	2	eflomal
tsawonsa ƙafa	H0520	hbo:0520	fertility	1.0	2	eflomal
tsaya daram	G4739	grc:4739	fertility	1.0	4	eflomal;gloss
tsaye kusa	G3936	grc:3936	fertility	1.0	3	eflomal
tsayi kamu	H0520	hbo:0520	fertility	1.0	2	eflomal
tsere wajajen	H5127	hbo:5127	fertility	1.0	2	eflomal
tsere zuwa	H5127	hbo:5127	fertility	1.0	2	eflomal
tsokane fushi	H3707	hbo:3707	fertility	1.0	3	eflomal
tsummokin makoki	H8242	hbo:8242	fertility	1.0	4	eflomal
tsuntsaye cin nama	H5861	hbo:5861	fertility	1.0	2	eflomal
tubal kayinu	H8423	hbo:8423	fertility	1.0	4	eflomal;gloss
tudun ofel	H6077	hbo:6077	fertility	1.0	3	eflomal
tufafin makoki	H8242	hbo:8242	fertility	1.0	3	eflomal
tumaki awaki	H6629	hbo:6629	fertility	1.0	2	eflomal
turakun tenti	H3489	hbo:3489	fertility	1.0	4	eflomal;gloss
tushen gini	G2310	grc:2310	fertility	1.0	5	eflomal
tushen ginin	G2310	grc:2310	fertility	1.0	4	eflomal
ubangiji cewa	H3068	hbo:3069	fertility	1.0	4	eflomal
ubangiji mai iko duka	H0136	hbo:0136	fertility	1.0	9	eflomal
ummai abin	H5949	hbo:5949	fertility	1.0	4	eflomal;gloss
urdun ƙetaren	H3383	hbo:3383	fertility	1.0	2	eflomal
urdun ɗaura	H3383	hbo:3383	fertility	1.0	5	eflomal
urushalima ayya urushalima	G2419	grc:2419	fertility	1.0	2	eflomal
uwan mahaifin	H1730	hbo:1730	fertility	1.0	5	eflomal
wa azin	G2784,G2097	grc:2784,grc:2097	phrasal	1.0	43	eflomal;gloss
wa azin bishara	G2097	grc:2097	fertility	1.0	13	eflomal
wa azin labari	G2097	grc:2097	fertility	1.0	2	eflomal
wa azin labari daɗi	G2097	grc:2097	fertility	1.0	2	eflomal
wainar burodi	H5692	hbo:5692	fertility	1.0	2	eflomal
wajen babban itace	H0436	hbo:0436	fertility	1.0	2	eflomal
wajen gabas	H6921	hbo:6921	fertility	1.0	3	eflomal
waken barewa	H5742	hbo:5742	fertility	1.0	4	eflomal;gloss
wancan hayin	H5676	hbo:5676	fertility	1.0	2	eflomal
wani dutse	G3037	grc:3037	fertility	1.0	4	eflomal
wanka tare	H8382	hbo:8382	fertility	1.0	2	eflomal
wannan zai	H2088	hbo:2088	fertility	1.0	2	eflomal
washe dukiyar	H2428	hbo:2428	fertility	1.0	2	eflomal
wata mace	H0802	hbo:0802	fertility	1.0	2	eflomal
wata rana	H2320	hbo:2320	fertility	1.0	2	eflomal
waƙoƙin farin ciki	H7440	hbo:7440	fertility	1.0	4	eflomal
waɗanda haifa	G1084	grc:1084	fertility	1.0	2	eflomal
waɗanda musu	H8154	hbo:8154	fertility	1.0	2	eflomal
waɗanda ƙina	H8130	hbo:8130	fertility	1.0	2	eflomal
waɗannan abubuwan	H0428	hbo:0428	fertility	1.0	2	eflomal
waɗannan hanyoyi	H0428	hbo:0428	fertility	1.0	2	eflomal
waɗannan kabilai	H0428	hbo:0428	fertility	1.0	2	eflomal
wurare duwatsu	G4075	grc:4075	fertility	1.0	2	eflomal
wuraren daraja	G4410	grc:4410	fertility	1.0	3	eflomal
wuraren kasuwanci	G0058	grc:58	fertility	1.0	3	eflomal
wuraren kiwonsu	H4054	hbo:4054	fertility	1.0	37	eflomal;gloss
wuraren zamansu	H4186	hbo:4186	fertility	1.0	6	eflomal;gloss
wuri mafi tsarki	H6944	hbo:6944	fertility	1.0	3	eflomal
wuri mai	H4720	hbo:4720	fertility	1.0	16	eflomal;gloss
wuri tsarkina	H4720	hbo:4720	fertility	1.0	10	eflomal
wurin ajiye	H4501	hbo:4501	fertility	1.0	2	eflomal
wurin ajiye fitila	H4501	hbo:4501	fertility	1.0	7	eflomal
wurin ajiye fitilan	H4501	hbo:4501	fertility	1.0	11	eflomal
wurin fitilan	H4501	hbo:4501	fertility	1.0	2	eflomal
wurina mai tsarki	H4720	hbo:4720	fertility	1.0	4	eflomal
wuta zafi	G4442	grc:4442	fertility	1.0	2	eflomal
wuyan sha ani	G0840	grc:840	fertility	1.0	2	gloss
yabesh gileyad	H3003	hbo:3003b	fertility	1.0	12	eflomal
yafe basusuwan	H8059	hbo:8059	fertility	1.0	2	eflomal
yaflet maza	H3310	hbo:3310	fertility	1.0	2	eflomal
yake daidai	H3477	hbo:3477	fertility	1.0	3	eflomal
yalwar abinci	H7647	hbo:7647	fertility	1.0	4	eflomal;gloss
yammancin gindin	H8219	hbo:8219	fertility	1.0	2	eflomal
yana zaune	G3611	grc:3611	fertility	1.0	2	eflomal
yana ƙaunatattu	G5040	grc:5040	fertility	1.0	7	eflomal
yanka ragon	H7819	hbo:7819	fertility	1.0	5	eflomal
yanka ragunan	H7819	hbo:7819	fertility	1.0	2	eflomal
yanke shawara in	G2919	grc:2919	fertility	1.0	2	eflomal
yanki biyu	H4932	hbo:4932	fertility	1.0	2	eflomal
yanki maza	H1121	hbo:1121	fertility	1.0	4	eflomal
yansa adrammelek	H0152	hbo:0152a	fertility	1.0	2	eflomal
yara ƙanana	G3813	grc:3813	fertility	1.0	4	eflomal
yarda cewa	G3670	grc:3670	fertility	1.0	2	eflomal
yardar rai	H5071,H5068	hbo:5071,hbo:5068	phrasal	1.0	28	eflomal;gloss
yawa masu	G4183	grc:4183	fertility	1.0	3	eflomal
yayyage kucu kucu	H2963	hbo:2963	fertility	1.0	2	eflomal
yayyanka gunduwa	H5408	hbo:5408	fertility	1.0	2	eflomal
yayyanka gunduwa gunduwa	H5408	hbo:5408	fertility	1.0	2	eflomal
yaƙin ne	H4421	hbo:4421	fertility	1.0	2	eflomal
yaƙin yowab	H3097	hbo:3097	fertility	1.0	2	eflomal
yehu ce	H0559	hbo:0559	fertility	1.0	2	eflomal
yerub al	H3378	hbo:3378	fertility	1.0	4	eflomal
yewush yalam	H3266	hbo:3266	fertility	1.0	4	eflomal
yi wa azin	G2784	grc:2784	fertility	1.0	2	eflomal
yunwa tsanani	H7458	hbo:7458	fertility	1.0	4	eflomal
zama sarki	H4427	hbo:4427	fertility	1.0	12	eflomal
zaman bautarsu	H7628	hbo:7628	fertility	1.0	2	eflomal
zamani zamani	G1074	grc:1074	fertility	1.0	2	eflomal
zanen lilin	G4616	grc:4616	fertility	1.0	3	eflomal
zartar hukunci	H8201	hbo:8201	fertility	1.0	4	eflomal
zaune tsaye	H5916	hbo:5916	fertility	1.0	2	eflomal
zaɓi bezalel	H1212	hbo:1212	fertility	1.0	2	eflomal
zinace zinacenta	G4202	grc:4202	fertility	1.0	8	eflomal;gloss
zuba ruwan inabi	G3631	grc:3631	fertility	1.0	2	eflomal
zubar jini	H1818	hbo:1818	fertility	1.0	3	eflomal
zurfafan teku	H8415	hbo:8415	fertility	1.0	4	eflomal;gloss
zurfin barci	H8639	hbo:8639	fertility	1.0	2	eflomal
zuriyar hebron	H2276	hbo:2276	fertility	1.0	2	eflomal
zuriyar zuriyar	H1121	hbo:1121	fertility	1.0	2	eflomal
zuwa iyakar	H1366	hbo:1366	fertility	1.0	2	eflomal
zuwa jan teku	H3220	hbo:3220	fertility	1.0	2	eflomal
zuwa kaisar	G2541	grc:2541	fertility	1.0	3	eflomal
zāne zānen adon itatuwan dabino	H8561	hbo:8561	fertility	1.0	7	eflomal;gloss
zānen siffar itacen dabino	H8561	hbo:8561	fertility	1.0	5	eflomal;gloss
zāre takobinsa	H2719	hbo:2719	fertility	1.0	2	eflomal
ƙaho ihu	H7782	hbo:7782	fertility	1.0	2	eflomal
ƙananan kifaye	G2485	grc:2485	fertility	1.0	4	eflomal;gloss
ƙanuwarsa tamar	H8559	hbo:8559	fertility	1.0	2	eflomal
ƙara yawan	H7235	hbo:7235	fertility	1.0	4	eflomal
ƙaramin bijimi	H6499	hbo:6499	fertility	1.0	10	eflomal
ƙaramin itacen	H5572	hbo:5572	fertility	1.0	4	eflomal;gloss
ƙaramin jirgin	G4627	grc:4627	fertility	1.0	6	eflomal;gloss
ƙaramin naɗaɗɗen littafin	G0974	grc:974	fertility	1.0	4	eflomal;gloss
ƙaramin yaro	G3813	grc:3813	fertility	1.0	8	eflomal;gloss
ƙarancin bangaskiya	G3640	grc:3640	fertility	1.0	12	eflomal;gloss
ƙarfin halin	G5111,G3954	grc:5111,grc:3954	phrasal	1.0	4	eflomal;gloss
ƙaru yawa	H7235	hbo:7235	fertility	1.0	2	eflomal
ƙarƙashin hadadezer	H1909	hbo:1909	fertility	1.0	2	eflomal
ƙarƙashin inuwarsa	H6738	hbo:6738	fertility	1.0	2	eflomal
ƙarƙashin ƙa idarsu	H1714	hbo:1714	fertility	1.0	11	eflomal;gloss
ƙasa haifaffun	H0249	hbo:0249	fertility	1.0	4	eflomal;gloss
ƙasar roma	G4514	grc:4514	fertility	1.0	2	eflomal
ƙasar tuddai	H2022	hbo:2022	fertility	1.0	5	eflomal
ƙasar tudu	G3714	grc:3714	fertility	1.0	2	gloss
ƙasar tudun	H2022	hbo:2022	fertility	1.0	9	eflomal
ƙaton jan macijin	G1404	grc:1404	fertility	1.0	2	eflomal
ƙaunarsa ce	H2617	hbo:2617	fertility	1.0	5	eflomal
ƙaunarsa dawwammamiya	H2617	hbo:2617	fertility	1.0	4	eflomal
ƙaunarsa madawwamiya	H2617	hbo:2617	fertility	1.0	3	eflomal
ƙaunataccen abokina	G0027	grc:27	fertility	1.0	3	eflomal
ƙayyadaddun bukukkuwa	H4150	hbo:4150	fertility	1.0	6	eflomal
ƙazamar riba	G0146	grc:146	fertility	1.0	4	eflomal;gloss
ƙetare urdun	H3383	hbo:3383	fertility	1.0	2	eflomal
ƙididdigar asali	G1076	grc:1076	fertility	1.0	4	eflomal;gloss
ƙofar birni	H8179	hbo:8179	fertility	1.0	2	eflomal
ƙofar birnin	H8179	hbo:8179	fertility	1.0	2	eflomal
ƙofofin ambaliyar	H0699	hbo:0699	fertility	1.0	4	eflomal;gloss
ƙona hadaya	H5930	hbo:5930	fertility	1.0	2	eflomal
ƙona hadayu	H5930	hbo:5930	fertility	1.0	2	eflomal
ƙonawa hadaya	H5930	hbo:5930	fertility	1.0	5	eflomal
ƙonawa hadayu	H5930	hbo:5930	fertility	1.0	3	eflomal
ƙonawa wuta	H0801	hbo:0801	fertility	1.0	3	eflomal
ƙone hadayu	H6999	hbo:6999	fertility	1.0	5	eflomal
ƙone turare	H6999	hbo:6999	fertility	1.0	27	eflomal
ƙoƙarin tarko	G3985	grc:3985	fertility	1.0	2	eflomal
ƙudan zuma	H1682	hbo:1682	fertility	1.0	8	eflomal;gloss
ƙulla shawara	G4824	grc:4824	fertility	1.0	2	eflomal
ƙuna fitila	G3088	grc:3088	fertility	1.0	3	eflomal
ƙwan maƙera	H5509	hbo:5509	fertility	1.0	4	eflomal;gloss
ƙwanƙolin dutse	H5553	hbo:5553	fertility	1.0	2	eflomal
ƙyallen kafaɗa	H3802	hbo:3802	fertility	1.0	2	eflomal
ƙyallen maƙalawa	H2833	hbo:2833	fertility	1.0	11	eflomal;gloss
ƙyallen maƙalawa ƙirji	H2833	hbo:2833	fertility	1.0	12	eflomal
ƙyallen maƙalawa ƙirjin	H2833	hbo:2833	fertility	1.0	4	eflomal
ɓangarori kitsen	H2459	hbo:2459	fertility	1.0	2	eflomal
ɓarke waƙa	H6476	hbo:6476	fertility	1.0	2	eflomal
ɓarzajjen hatsin	H1643	hbo:1643	fertility	1.0	2	eflomal
ɓarzajjen hatsinku	H6182	hbo:6182	fertility	1.0	6	eflomal;gloss
ɓata rai	G3076	grc:3076	fertility	1.0	4	eflomal
ɓoye kome	H3582	hbo:3582	fertility	1.0	2	eflomal
ɗacin rai	G4088	grc:4088	fertility	1.0	8	eflomal;gloss
ɗaga ido	G0308	grc:308	fertility	1.0	2	eflomal
ɗaga murya cewa	G2896	grc:2896	fertility	1.0	3	eflomal
ɗakunan ciki	G5009	grc:5009	fertility	1.0	2	gloss
ɗakunan firistoci	H3957	hbo:3957	fertility	1.0	2	eflomal
ɗakunan samanki	H1354	hbo:1354	fertility	1.0	4	eflomal;gloss
ɗan farin	H1060,H6363	hbo:1060,hbo:6363	phrasal	1.0	43	eflomal;gloss
ɗan lokaci kaɗan	G1024	grc:1024	fertility	1.0	2	eflomal
ɗan rago	G0286,G0721	grc:286,grc:721	phrasal	1.0	10	eflomal;gloss
ɗan ƙasar roma	G4514	grc:4514	fertility	1.0	4	eflomal
ɗanka makaɗaicin ɗanka	H3173	hbo:3173	fertility	1.0	6	eflomal;gloss
ɗansa fari	H1060	hbo:1060	fertility	1.0	2	eflomal
ɗanyen itace	H7488	hbo:7488	fertility	1.0	2	eflomal
ɗari biyar	G4001	grc:4001	fertility	1.0	4	eflomal;gloss
ɗauki fansa	H5358	hbo:5358	fertility	1.0	3	eflomal
ɗauki lamunin	H6148	hbo:6148	fertility	1.0	8	eflomal;gloss
ɗauki wuraren zamansu	G0347	grc:347	fertility	1.0	4	eflomal;gloss
ɗaya uku	G5154	grc:5154	fertility	1.0	3	eflomal
ɗayan rabin	H2677	hbo:2677	fertility	1.0	2	eflomal
ɗebo ruwa	H7579	hbo:7579	fertility	1.0	2	eflomal
ɗibi jinin	H1818	hbo:1818	fertility	1.0	4	eflomal
ɗigo ɗigo	H1261	hbo:1261	fertility	1.0	4	eflomal;gloss
akwatin alkawarin	H0727	hbo:0727	fertility	0.988	82	eflomal
sama ila	H8050	hbo:8050	fertility	0.984	237	eflomal;gloss
babban firist	G0749	grc:749	fertility	0.983	111	eflomal;gloss
mala iku	G0032	grc:32	fertility	0.981	100	eflomal;gloss
malaman dokoki	G1122	grc:1122	fertility	0.981	75	eflomal;gloss
isra ilawa	H3478	hbo:3478	fertility	0.977	479	eflomal
ubangiji iko duka	H0136	hbo:0136	fertility	0.968	60	eflomal
waɗannan ne	H0428	hbo:0428	fertility	0.967	29	eflomal
isra ila	H3478	hbo:3478	fertility	0.956	3014	eflomal;gloss
gonakin inabi	H3754	hbo:3754	fertility	0.955	21	eflomal
sararin sama	H8064	hbo:8064	fertility	0.952	40	eflomal
kiriyat yeyarim	H7157	hbo:7157	fertility	0.947	36	eflomal;gloss
lallausan gari	H5560	hbo:5560	fertility	0.947	18	eflomal
ayyukan mulkin	H1697	hbo:1697	fertility	0.941	34	eflomal
haura zuwa	H5927	hbo:5927	fertility	0.941	17	eflomal
ranka yă	H0113	hbo:0113	fertility	0.933	15	eflomal
tashin matattu	G0386	grc:386	fertility	0.933	14	eflomal
masu hikima	H2450	hbo:2450	fertility	0.923	24	eflomal
yansa maza	H1121	hbo:1121	fertility	0.923	26	eflomal
jirgin ruwan	G4143	grc:4143	fertility	0.92	23	eflomal
rera yabo	H2167	hbo:2167	fertility	0.917	11	eflomal
hadayun ƙonawa	H5930	hbo:5930	fertility	0.913	42	eflomal
mafi tsarki	H6944	hbo:6944	fertility	0.909	21	eflomal
ƙa idodi	H8451,H2706,H2708	hbo:8451,hbo:2706,hbo:2708	phrasal	0.909	39	eflomal;gloss
bet shemesh	H1053,H1030	hbo:1053,hbo:1030	phrasal	0.905	36	eflomal;gloss
hadaya ƙonawa	H5930	hbo:5930	fertility	0.903	57	eflomal
waɗannan abubuwa	H0428	hbo:0428	fertility	0.902	38	eflomal
abokan gāba	H0341	hbo:0341	fertility	0.9	9	eflomal
addu ar	H8605	hbo:8605	fertility	0.9	9	eflomal
hadayun salama	H8002	hbo:8002	fertility	0.9	9	eflomal
hadayun hatsi	H4503	hbo:4503	fertility	0.889	9	eflomal
sabon wata	H2320	hbo:2320	fertility	0.889	9	eflomal
akwatin alkawari	H0727,H5715	hbo:0727,hbo:5715	phrasal	0.875	16	eflomal
bakin teku	H0339	hbo:0339	fertility	0.875	7	eflomal
dawwammamiyar farilla	H2708	hbo:2708	fertility	0.875	7	eflomal
itatuwan zaitun	H2132	hbo:2132	fertility	0.875	8	eflomal
manyan cokula	H3257	hbo:3257	fertility	0.875	8	eflomal
ranar asabbaci	G4521	grc:4521	fertility	0.872	34	eflomal
tsattsarkan wuri	H6944	hbo:6944	fertility	0.867	13	eflomal
abokan gābansu	H0341	hbo:0341	fertility	0.857	18	eflomal
aikata mugunta	H7489	hbo:7489	fertility	0.857	6	eflomal
auri mata	H0802	hbo:0802	fertility	0.857	7	eflomal
dusar ƙanƙara	H7950	hbo:7950	fertility	0.857	6	eflomal
iskar gabas	H6921	hbo:6921	fertility	0.857	6	eflomal
kekunan yaƙin	H7393	hbo:7393	fertility	0.857	6	eflomal
kuringar inabi	H1612	hbo:1612	fertility	0.857	6	eflomal
marasa amfani	H1892	hbo:1892	fertility	0.857	6	eflomal
rufin ɗaki	H1406	hbo:1406	fertility	0.857	6	eflomal
shadrak meshak	H4336	hbo:4336	fertility	0.857	7	eflomal
filin haikali	G2411	grc:2411	fertility	0.85	17	eflomal
alamu banmamaki	H0226	hbo:0226	fertility	0.833	5	eflomal
baƙin duhu	H6205	hbo:6205	fertility	0.833	5	eflomal
doguwar riga	H3801	hbo:3801	fertility	0.833	10	eflomal;gloss
haifi ɗa	H3205	hbo:3205	fertility	0.833	5	eflomal
jiragen ruwa	G4143,G4142	grc:4143,grc:4142	phrasal	0.833	12	eflomal;gloss
kayayyaki tsarki	H6944	hbo:6944	fertility	0.833	5	eflomal
la anar	H7045,H0423	hbo:7045,hbo:0423	phrasal	0.833	13	eflomal;gloss
mafi girma	G3173	grc:3173	fertility	0.833	5	eflomal
marasa tsarki	H2931	hbo:2931	fertility	0.833	9	eflomal;gloss
ɗan fari	H1060,H1062	hbo:1060,hbo:1062	phrasal	0.828	29	eflomal
keken yaƙin	H7393,H4818	hbo:7393,hbo:4818	phrasal	0.823	35	eflomal;gloss
la ana	H7045,H3994	hbo:7045,hbo:3994	phrasal	0.823	35	eflomal;gloss
aikin firist	H3550	hbo:3550	fertility	0.8	4	eflomal
itacen ɓauren	G4808	grc:4808	fertility	0.8	4	eflomal
iyakacin ƙoƙarinka	G4704	grc:4704	fertility	0.8	8	eflomal;gloss
kamun kifin	G1350	grc:1350	fertility	0.8	4	eflomal
kogin urdun	H3383	hbo:3383	fertility	0.8	5	eflomal
leƙi asirin	H7270,H8446	hbo:7270,hbo:8446	phrasal	0.8	11	eflomal;gloss
madogaran ƙofa	H5592	hbo:5592	fertility	0.8	4	eflomal
riƙe da	G2192	grc:2192	fertility	0.8	4	eflomal
shanun noma	H1241	hbo:1241	fertility	0.8	4	eflomal
tsara uku	H8029	hbo:8029	fertility	0.8	4	eflomal
waɗanda kashe	H2491	hbo:2491	fertility	0.8	5	eflomal
yana shekara	H1121	hbo:1121	fertility	0.8	5	eflomal
ƙona turare	H6999,H7004	hbo:6999,hbo:7004	phrasal	0.8	20	eflomal
ƙyallayen lilin	G3608	grc:3608	fertility	0.8	7	eflomal;gloss
ɗaga murya	G2896	grc:2896	fertility	0.8	9	eflomal
ɗakin sama	H5944	hbo:5944	fertility	0.8	4	eflomal
mafi ɗaukaka	H5945,H5920,H5943	hbo:5945a,hbo:5920,hbo:5943	phrasal	0.792	41	eflomal;gloss
masu yawa	G4183	grc:4183	fertility	0.792	20	eflomal
hannun dama	G1188	grc:1188	fertility	0.789	15	eflomal
shirye shiryen	H4284,H6098	hbo:4284,hbo:6098	phrasal	0.778	16	eflomal;gloss
ƙarƙashin kulawar	H3027	hbo:3027	fertility	0.778	9	eflomal
mala ika	G0032	grc:32	fertility	0.775	56	eflomal;gloss
bisa iyalansu	H4940	hbo:4940	fertility	0.75	4	eflomal
fari fari	H3836	hbo:3836	fertility	0.75	4	eflomal
fari fat	G3022	grc:3022	fertility	0.75	3	eflomal
hallaka ƙaƙaf	H2763	hbo:2763	fertility	0.75	3	eflomal
hanyar zuwa	H1870	hbo:1870	fertility	0.75	4	eflomal
hanyoyin shiga	H8179	hbo:8179	fertility	0.75	4	eflomal
jiragen ruwan	H0591,H0590	hbo:0591,hbo:0590	phrasal	0.75	8	eflomal
kayan ƙanshi	G0759	grc:759	fertility	0.75	3	eflomal
leƙen asirin	H7270	hbo:7270	fertility	0.75	6	eflomal;gloss
manyan sojoji	H5461	hbo:5461	fertility	0.75	5	eflomal;gloss
marar bangaskiya	H4878	hbo:4878	fertility	0.75	5	eflomal;gloss
masu gudu	G4183	grc:4183	fertility	0.75	3	eflomal
matsin inabi	G3025	grc:3025	fertility	0.75	3	eflomal
nauyinsa shekel dukan bisa	H8255	hbo:8255	fertility	0.75	4	eflomal
nemi nufin	H1875,H7592	hbo:1875,hbo:7592	phrasal	0.75	19	eflomal
sabon inabi	H8492	hbo:8492	fertility	0.75	3	eflomal
taron jama ar	H6951,H5712	hbo:6951,hbo:5712	phrasal	0.75	8	eflomal
tashinsa matattu	G0386	grc:386	fertility	0.75	4	eflomal
tsakanin kerubobi	H3742	hbo:3742	fertility	0.75	3	eflomal
tsawo kamu	H0520	hbo:0520	fertility	0.75	3	eflomal
tsire tsire	H6212	hbo:6212	fertility	0.75	3	eflomal
yaƙe yaƙe	H4421	hbo:4421	fertility	0.75	3	eflomal
zeba zalmunna	H6759	hbo:6759	fertility	0.75	3	eflomal
ƙauyukan kewayenta	H1323	hbo:1323	fertility	0.75	4	eflomal
ƙayyadaddun lokuta	H4150	hbo:4150	fertility	0.75	3	eflomal
waɗansu alloli	H0312	hbo:0312	fertility	0.739	45	eflomal
addu a	G4336,G4335	grc:4336,grc:4335	phrasal	0.736	52	eflomal
mai tsarki	H6944,H6918	hbo:6944,hbo:6918	phrasal	0.735	122	eflomal
tsoron allah	G2150,G0765	grc:2150,grc:765	phrasal	0.727	10	eflomal
kekunan yaƙi	H7393,H4818,H5699	hbo:7393,hbo:4818,hbo:5699	phrasal	0.717	58	eflomal;gloss
lu ulu ai	G3135	grc:3135	fertility	0.714	10	eflomal;gloss
ma asehiya	H4641,H4641	hbo:4641,hbo:4641a	phrasal	0.7	41	eflomal;gloss
kamu ne	H0520	hbo:0520	fertility	0.696	23	eflomal
abubuwan nan	H0428	hbo:0428	fertility	0.667	3	eflomal
addu arsu	G1162	grc:1162	fertility	0.667	2	eflomal
addu ata	H5058	hbo:5058	fertility	0.667	2	eflomal
addu i	G4336	grc:4336	fertility	0.667	2	eflomal
al adun	G3862,G1485	grc:3862,grc:1485	phrasal	0.667	19	eflomal;gloss
annabi haggai	H2292	hbo:2292	fertility	0.667	2	eflomal
ayyukan adalcin	H6666	hbo:6666	fertility	0.667	3	eflomal
ba wani	G3762,G3367	grc:3762,grc:3367	phrasal	0.667	9	eflomal
bakin ƙofa	G2374	grc:2374	fertility	0.667	2	eflomal
bala insu	H0343	hbo:0343	fertility	0.667	3	eflomal
bautar gumaka	G1496,G1495,G1484	grc:1496,grc:1495,grc:1484	phrasal	0.667	22	eflomal;gloss
canja zuciyarsa	H5162	hbo:5162	fertility	0.667	3	eflomal
cikakken tabbaci	G4136	grc:4136	fertility	0.667	2	eflomal
ciki ciki	H6442	hbo:6442	fertility	0.667	2	eflomal
cutar fatar	H5061	hbo:5061	fertility	0.667	2	eflomal
cutar fatar jiki	H5061,H6883	hbo:5061,hbo:6883	phrasal	0.667	6	eflomal
dodon ruwa	H8577,H3882	hbo:8577,hbo:3882	phrasal	0.667	6	eflomal
dunƙulen burodi	H3899	hbo:3899	fertility	0.667	4	eflomal
filin tentin	H2691	hbo:2691	fertility	0.667	6	eflomal
fuska fuska	H6440	hbo:6440	fertility	0.667	2	eflomal
gida gida	G3624	grc:3624	fertility	0.667	3	eflomal
gunduwa gunduwa	H5408,H5648	hbo:5408,hbo:5648	phrasal	0.667	4	eflomal;gloss
gwaje gwajen	G2347	grc:2347	fertility	0.667	4	eflomal;gloss
haifi jariri	H3205	hbo:3205	fertility	0.667	2	eflomal
hannun daman	H3225	hbo:3225	fertility	0.667	4	eflomal;gloss
hasken rana	H0216	hbo:0216	fertility	0.667	2	eflomal
isra ilawa isra ilawa	H3478	hbo:3478	fertility	0.667	3	eflomal
itatuwan oak	H0437	hbo:0437	fertility	0.667	2	eflomal
iyali iyali	H4940	hbo:4940	fertility	0.667	2	eflomal
iyalin gidan	H1004	hbo:1004	fertility	0.667	2	eflomal
jeri na	H2905	hbo:2905	fertility	0.667	6	eflomal
jiƙe raɓa	H2919	hbo:2919	fertility	0.667	2	eflomal
kabilar benyamin	H1144,H1145	hbo:1144,hbo:1145	phrasal	0.667	6	eflomal
kakanmu yehonadab	H3122	hbo:3122	fertility	0.667	2	eflomal
kamu biyu	H0520	hbo:0520	fertility	0.667	3	eflomal
kamu fāɗinsa	H0520	hbo:0520	fertility	0.667	6	eflomal
kashegari safe	H1242	hbo:1242	fertility	0.667	2	eflomal
katangar birnin	H2346	hbo:2346	fertility	0.667	3	eflomal
kawo wahala	H5916	hbo:5916	fertility	0.667	2	eflomal
keken yaƙi	H7393,H4818	hbo:7393,hbo:4818	phrasal	0.667	18	eflomal;gloss
kekunan yaƙinsu	H7393	hbo:7393	fertility	0.667	2	eflomal
kir hareset	H7025,H7025	hbo:7025,hbo:7025a	phrasal	0.667	7	eflomal;gloss
kiyaye dokar	G3551	grc:3551	fertility	0.667	2	eflomal
kowace safiya	H1242	hbo:1242	fertility	0.667	3	eflomal
kuka zafi	H1058	hbo:1058	fertility	0.667	2	eflomal
kuke so	G2309	grc:2309	fertility	0.667	2	eflomal
kuna tsammani	G1380	grc:1380	fertility	0.667	3	eflomal
kuringar inabin	G0288	grc:288	fertility	0.667	2	eflomal
madogaran ƙofar	H4201	hbo:4201	fertility	0.667	2	eflomal
maganin hana ruɓa	H2590	hbo:2590	fertility	0.667	2	eflomal
mala ikana	H4397	hbo:4397	fertility	0.667	4	eflomal;gloss
mala ikansa	G0032	grc:32	fertility	0.667	8	eflomal;gloss
marar tsabta	H2931,H6292	hbo:2931,hbo:6292	phrasal	0.667	12	eflomal;gloss
marasa tausayi	H6184	hbo:6184	fertility	0.667	2	eflomal
mata mata	H1323	hbo:1323	fertility	0.667	2	eflomal
miƙa hadayun	H2076	hbo:2076	fertility	0.667	2	eflomal
namomin jeji	G2342	grc:2342	fertility	0.667	2	eflomal
rufin ɗakuna	H1406	hbo:1406	fertility	0.667	2	eflomal
rurin zaki	H3715	hbo:3715	fertility	0.667	2	eflomal
ruwan shunayya	G4210	grc:4210	fertility	0.667	2	eflomal
ruwan tsami	H2558	hbo:2558	fertility	0.667	2	eflomal
shagalin bikin	H2282	hbo:2282	fertility	0.667	2	eflomal
shan wahalolin	G3804	grc:3804	fertility	0.667	2	eflomal
shekara shekara	H8141	hbo:8141	fertility	0.667	2	eflomal
tafin hannunsa	H3709	hbo:3709	fertility	0.667	2	eflomal
talenti talenti	H3603	hbo:3603	fertility	0.667	2	eflomal
tambaya cewa	G3004	grc:3004	fertility	0.667	3	eflomal
tambaye ce	G3004	grc:3004	fertility	0.667	2	eflomal
taron suka	G3793	grc:3793	fertility	0.667	2	eflomal
taru kewaye	G4863,G2944	grc:4863,grc:2944	phrasal	0.667	6	eflomal
titi titi	G4113	grc:4113	fertility	0.667	2	eflomal
tsaron ƙofar	H7778	hbo:7778	fertility	0.667	2	eflomal
tufafin lilin	H0906	hbo:0906	fertility	0.667	2	eflomal
wani dabam	G0243	grc:243	fertility	0.667	2	eflomal
wata dabam	G2087	grc:2087	fertility	0.667	2	eflomal
wuta wutar	H0784	hbo:0784	fertility	0.667	2	eflomal
yan raguna bana	H3532	hbo:3532	fertility	0.667	3	eflomal
zaman bautan	H1473	hbo:1473	fertility	0.667	2	eflomal
zofar ama	H5284	hbo:5284	fertility	0.667	3	eflomal
zuba ido	G4328,G3906	grc:4328,grc:3906	phrasal	0.667	6	eflomal
zubin gunki	H4541	hbo:4541	fertility	0.667	2	eflomal
ƙasa ƙasa	H8481	hbo:8481	fertility	0.667	2	eflomal
ƙofofin shiga	H8179	hbo:8179	fertility	0.667	2	eflomal
ƙuna wuta	H0784	hbo:0784	fertility	0.667	5	eflomal
ɓangare ɓangare	H6635	hbo:6635	fertility	0.667	3	eflomal
ɗakin samansa	H5944	hbo:5944	fertility	0.667	2	eflomal
shirye shirye	G3904	grc:3904	fertility	0.625	5	gloss
yan kasuwa	H7402,H5503	hbo:7402,hbo:5503	phrasal	0.625	16	eflomal;gloss
zaman lafiya	H8252	hbo:8252	fertility	0.625	5	eflomal
marar laifi	H5355,H8535	hbo:5355,hbo:8535	phrasal	0.619	17	eflomal
zo kusa	H5066,H7126	hbo:5066,hbo:7126	phrasal	0.615	13	eflomal
namun jeji	H2416,H0929,H2966	hbo:2416c,hbo:0929,hbo:2966	phrasal	0.611	17	eflomal
abar ƙyama	H8441	hbo:8441	fertility	0.6	3	eflomal
abokin gāban	G2190	grc:2190	fertility	0.6	3	eflomal
babu wani	G3762	grc:3762	fertility	0.6	3	eflomal
farin cikina	G5479	grc:5479	fertility	0.6	3	eflomal
gwaje gwaje	G3986	grc:3986	fertility	0.6	6	eflomal;gloss
itatuwan fir	H1265,H8256	hbo:1265,hbo:8256	phrasal	0.6	5	eflomal
kaɗe kaɗe	H7892,H2170	hbo:7892,hbo:2170	phrasal	0.6	5	eflomal
keken yaƙinsa	H7393,H4818	hbo:7393,hbo:4818	phrasal	0.6	53	eflomal;gloss
la akari	H6175,H0995	hbo:6175,hbo:0995	phrasal	0.6	10	eflomal;gloss
madogarar ƙofar	H4670,H5592	hbo:4670,hbo:5592	phrasal	0.6	5	eflomal
sarkin sarakuna	G0935	grc:935	fertility	0.6	3	eflomal
shawulu shawulu	G4549	grc:4549	fertility	0.6	3	eflomal
tiglat fileser	H8407,H8407	hbo:8407,hbo:8407a	phrasal	0.6	11	eflomal;gloss
wata wata	H2320	hbo:2320	fertility	0.6	3	eflomal
wurin kiwo	H4829,H5116	hbo:4829,hbo:5116	phrasal	0.6	5	eflomal
yabo tabbata	G2128	grc:2128	fertility	0.6	3	eflomal
yan kasuwan	H5503,H7402	hbo:5503,hbo:7402	phrasal	0.6	9	eflomal;gloss
ƙananan yara	G3813,G3516	grc:3813,grc:3516	phrasal	0.6	5	eflomal
ƙa idodinsa	H2708,H2706,H5715	hbo:2708,hbo:2706,hbo:5715	phrasal	0.579	19	eflomal
bakin ƙofar	H6607,H8179	hbo:6607,hbo:8179	phrasal	0.571	14	eflomal
hanyar shiga	H8179	hbo:8179	fertility	0.571	6	eflomal
keken yaƙinsu	H7393,H4818	hbo:7393,hbo:4818	phrasal	0.571	11	eflomal;gloss
mafi ƙanƙanta	G3398,G1646	grc:3398,grc:1646	phrasal	0.571	7	eflomal
matso kusa	G1448	grc:1448	fertility	0.571	4	eflomal
naɗaɗɗen littafi	G0975	grc:975	fertility	0.571	4	eflomal
ƙofar shiga	H6607,H8179	hbo:6607,hbo:8179	phrasal	0.571	12	eflomal
wuri tsarki	H6944,H4720	hbo:6944,hbo:4720	phrasal	0.565	20	eflomal
gonar inabin	G0290	grc:290	fertility	0.562	9	eflomal
jama ar	H5712,H6951	hbo:5712,hbo:6951	phrasal	0.562	16	eflomal
neman mafaka	H4733,H2620	hbo:4733,hbo:2620	phrasal	0.556	9	eflomal
tsaya cik	H5975,H1826	hbo:5975,hbo:1826	phrasal	0.556	8	eflomal
kogin yuferites	H5104,H5103	hbo:5104,hbo:5103	phrasal	0.55	19	eflomal
abubuwan banmamaki	G4592,G5059	grc:4592,grc:5059	phrasal	0.539	9	eflomal
ayyukan banmamaki	G1411,G5059	grc:1411,grc:5059	phrasal	0.539	11	eflomal
kome ba	G3762,G3367	grc:3762,grc:3367	phrasal	0.539	9	eflomal
lallausan lilin	H8336,H7806	hbo:8336,hbo:7806	phrasal	0.538	21	eflomal
taron jama	H5712,H6951	hbo:5712,hbo:6951	phrasal	0.529	16	eflomal
miƙa hadayu	H2076,H5927,H6999	hbo:2076,hbo:5927,hbo:6999	phrasal	0.522	18	eflomal
abubuwan da	H4639	hbo:4639	fertility	0.5	2	eflomal
addu o	G4335,G1162	grc:4335,grc:1162	phrasal	0.5	12	eflomal
alhakin jinin	G0129	grc:129	fertility	0.5	3	eflomal
alhakin jininsa	H1818	hbo:1818	fertility	0.5	2	eflomal
arameyawan damaskus	H0758,H0758	hbo:0758b,hbo:0758c	phrasal	0.5	4	gloss
asirin ƙarfinka	H3581	hbo:3581	fertility	0.5	2	eflomal
azin bishara	G2097,G2098	grc:2097,grc:2098	phrasal	0.5	4	eflomal
baye baye	G1435,G5486	grc:1435,grc:5486	phrasal	0.5	11	eflomal;gloss
bayyana kaina	H3045	hbo:3045	fertility	0.5	2	eflomal
baƙin alloli	H2114	hbo:2114b	fertility	0.5	2	eflomal
biya haraji	G5411	grc:5411	fertility	0.5	2	eflomal
busar ƙaho	G4536	grc:4536	fertility	0.5	2	eflomal
cutar riga	H6883	hbo:6883	fertility	0.5	2	eflomal
daidai ba	H5766	hbo:5766a	fertility	0.5	2	eflomal
dukan abubuwa	G3956	grc:3956	fertility	0.5	4	eflomal
farar ƙasa	H7875,H8602	hbo:7875,hbo:8602	phrasal	0.5	4	eflomal
farin ciki	H7440,H7832,H8056,H8057	hbo:7440,hbo:7832,hbo:8055,hbo:8057	phrasal	0.5	111	eflomal;gloss
faɗa game	H4853	hbo:4853a	fertility	0.5	2	eflomal
faɗa sai	G3004	grc:3004	fertility	0.5	2	eflomal
fil azal	H5769,H6924	hbo:5769,hbo:6924	phrasal	0.5	5	eflomal
gefen gefen	H6285	hbo:6285	fertility	0.5	2	eflomal
gumakansa siffofinsa	H6459	hbo:6459	fertility	0.5	2	eflomal
hadaya ɗagawa	H8641	hbo:8641	fertility	0.5	2	eflomal
hadayar gari	H4503	hbo:4503	fertility	0.5	2	eflomal
haka zama	H1961	hbo:1961	fertility	0.5	2	eflomal
hakimansa shugabannin	H8269	hbo:8269	fertility	0.5	2	eflomal
hannun damana	G1188	grc:1188	fertility	0.5	10	eflomal;gloss
hanyarsa zuwa	H5927	hbo:5927	fertility	0.5	2	eflomal
harshen wuta	H0784,H3852	hbo:0784,hbo:3852	phrasal	0.5	7	eflomal
hawan dawakai	G2460	grc:2460	fertility	0.5	2	eflomal
hawwa u	G2096	grc:2096	fertility	0.5	4	eflomal;gloss
hukuncin zunubansu	H5771	hbo:5771	fertility	0.5	2	eflomal
itacen ɓaure	G4808	grc:4808	fertility	0.5	7	eflomal
jibra ilu	G1043	grc:1043	fertility	0.5	4	eflomal;gloss
karanta rubutun	H3792	hbo:3792	fertility	0.5	2	eflomal
kashi ɗaya bisa	H6241	hbo:6241	fertility	0.5	2	eflomal
kowace gangan	H2563	hbo:2563	fertility	0.5	2	eflomal
kowace shekara	H8141	hbo:8141	fertility	0.5	4	eflomal
kowane abu	H3605	hbo:3605	fertility	0.5	3	eflomal
kowane mutum	H0376	hbo:0376	fertility	0.5	2	eflomal
kudu maso	H3233	hbo:3233	fertility	0.5	2	eflomal
kwalaba ɗaya	H1969	hbo:1969	fertility	0.5	2	eflomal
kwanduna kuka	G4711	grc:4711	fertility	0.5	2	eflomal
kwashi ganima	H0962,H7998	hbo:0962,hbo:7998	phrasal	0.5	5	eflomal
labari daɗi	G2097,G2098	grc:2097,grc:2098	phrasal	0.5	6	eflomal
laifin mutum	G3900	grc:3900	fertility	0.5	2	eflomal
lallausan zaren lilin	H8336	hbo:8336	fertility	0.5	4	eflomal
lu ulu u	G3135	grc:3135	fertility	0.5	4	eflomal;gloss
mace naƙuda	H3205	hbo:3205	fertility	0.5	3	eflomal
manyan gari	H2715	hbo:2715	fertility	0.5	2	eflomal
marasa laifi	H5355,H8549	hbo:5355,hbo:8549	phrasal	0.5	12	eflomal
masa cewa	H0559	hbo:0559	fertility	0.5	2	eflomal
matan kulle	H0802	hbo:0802	fertility	0.5	2	eflomal
matsa kusa	H5066,H7126	hbo:5066,hbo:7126	phrasal	0.5	6	eflomal
natan natan	H5416	hbo:5416	fertility	0.5	2	eflomal
nauyinsa shekel bisa	H8255	hbo:8255	fertility	0.5	2	eflomal
raina cike	G4036	grc:4036	fertility	0.5	2	eflomal
rera yabai	H1984	hbo:1984a	fertility	0.5	2	eflomal
riga shunayya	H0711	hbo:0711	fertility	0.5	2	eflomal
ruga gudu	H7323	hbo:7323	fertility	0.5	2	eflomal
ruga guje	H5127,H7323	hbo:5127,hbo:7323	phrasal	0.5	4	eflomal
sama sammai	H8064	hbo:8064	fertility	0.5	2	eflomal
sassaƙaƙƙun duwatsu	H1496	hbo:1496	fertility	0.5	3	eflomal
shan kunya	H0954,H2781	hbo:0954,hbo:2781	phrasal	0.5	4	eflomal
shimshai marubuci	H8124	hbo:8124	fertility	0.5	2	eflomal
suna cewa	G3004	grc:3004	fertility	0.5	4	eflomal
turare ƙanshi	H7004	hbo:7004	fertility	0.5	2	eflomal
umma kowane	H3961	hbo:3961	fertility	0.5	2	eflomal
wani a	H3605	hbo:3605	fertility	0.5	2	eflomal
wani cikin	H3605	hbo:3605	fertility	0.5	2	eflomal
wani ɗakin	G0508	grc:508	fertility	0.5	2	eflomal
wuraren zaman	H0168	hbo:0168	fertility	0.5	2	eflomal
yansu maza	H1121	hbo:1121	fertility	0.5	6	eflomal
yaƙub yaƙub	G2384	grc:2384	fertility	0.5	2	eflomal
yesu ce	G2424,G3004	grc:2424,grc:3004	phrasal	0.5	4	eflomal
zama sarkin	H4427	hbo:4427	fertility	0.5	4	eflomal
zuriyar ibrahim	G0011,G4690	grc:11,grc:4690	phrasal	0.5	4	eflomal
zāne zāne	H2803	hbo:2803a	fertility	0.5	2	eflomal
ƙarfin hali	G2293,G5111,G3954	grc:2293,grc:5111,grc:3954	phrasal	0.5	13	eflomal;gloss
ƙaunarka marar ƙarewa	H2617	hbo:2617	fertility	0.5	2	eflomal
ƙofar gari	H8179	hbo:8179	fertility	0.5	2	eflomal
ƙofar shigar	H6607	hbo:6607	fertility	0.5	2	eflomal
ƙulla maƙarƙashiya	H2803,H7194	hbo:2803,hbo:7194	phrasal	0.5	6	eflomal
ɓoye fuskata	H5641	hbo:5641	fertility	0.5	2	eflomal
ɗaukar fansa	H5359,H5360	hbo:5359,hbo:5360	phrasal	0.5	4	eflomal
shari anta	H8199,H1777	hbo:8199,hbo:1777	phrasal	0.486	21	eflomal
miƙa hadaya	H2076,H2077	hbo:2076,hbo:2077	phrasal	0.484	29	eflomal
rawar jiki	H2729,H7264,H7461,H2730	hbo:2729,hbo:7264,hbo:7461a,hbo:2730	phrasal	0.474	32	eflomal;gloss
ruwan sama	H4306,H1653	hbo:4306,hbo:1653	phrasal	0.469	42	eflomal
yan mata	H1330,H1323,H0269	hbo:1330,hbo:1323,hbo:0269	phrasal	0.461	12	eflomal
ruwan inabin	H3196,H3342,H8105,H8492	hbo:3196,hbo:3342,hbo:8105,hbo:8492	phrasal	0.454	16	eflomal;gloss
aiki tuƙuru	G2872	grc:2872	fertility	0.444	4	eflomal
ake kira	G2564,G1941	grc:2564,grc:1941	phrasal	0.444	7	eflomal
ɗaya ɗaya	G1520	grc:1520	fertility	0.444	4	eflomal
abada abadin	H5769,H5703	hbo:5769,hbo:5703	phrasal	0.429	5	eflomal
dutsen niƙa	G3458	grc:3458	fertility	0.429	3	eflomal
hannunsa dama	G1188	grc:1188	fertility	0.429	3	eflomal
ɗau fansa	H5360,H5358,H5359	hbo:5360,hbo:5358,hbo:5359	phrasal	0.429	7	eflomal
miƙe tsaye	G0450,G0352	grc:450,grc:352	phrasal	0.417	7	eflomal
ƙa idodin	H2708,H8451,H2706,H4941	hbo:2708,hbo:8451,hbo:2706,hbo:4941	phrasal	0.412	14	eflomal
abokan gābanmu	G2190	grc:2190	fertility	0.4	2	eflomal
faɗa cewa	G3004	grc:3004	fertility	0.4	2	eflomal
filin haikalin	G2411	grc:2411	fertility	0.4	2	eflomal
gudu zuwa	H0935,H5127	hbo:0935,hbo:5127	phrasal	0.4	4	eflomal
halittu rai	G2226	grc:2226	fertility	0.4	2	eflomal
hannun damansa	G1188	grc:1188	fertility	0.4	4	eflomal
ji tausayi	H2347,H5162	hbo:2347,hbo:5162	phrasal	0.4	4	eflomal
kabila kabila	H4294,H7626	hbo:4294,hbo:7626	phrasal	0.4	4	eflomal
kwashe ganima	H0957	hbo:0957	fertility	0.4	2	eflomal
madogarar ƙofa	H4201,H4670	hbo:4201,hbo:4670	phrasal	0.4	4	eflomal
maza mata	H0519	hbo:0519	fertility	0.4	2	eflomal
rawan jiki	H7264,H2729,H6342	hbo:7264,hbo:2729,hbo:6342	phrasal	0.4	21	eflomal;gloss
shan wahala	G3958,G3804,G4777	grc:3958,grc:3804,grc:4777	phrasal	0.4	18	eflomal;gloss
nunan fari	H1061,H7225	hbo:1061,hbo:7225	phrasal	0.389	14	eflomal
la anta	H0779,H7043,H6895	hbo:0779,hbo:7043,hbo:6895	phrasal	0.385	31	eflomal
mala ikan	G0032	grc:32	fertility	0.385	100	eflomal;gloss
neman taimako	H5833,H7768	hbo:5833,hbo:7768	phrasal	0.375	6	eflomal
ranka daɗe	G2962,G5463	grc:2962,grc:5463	phrasal	0.375	6	eflomal
za tă	H1961,H0954	hbo:1961,hbo:0954	phrasal	0.375	6	eflomal
ɗan ɗan	H1121,H4592	hbo:1121,hbo:4592	phrasal	0.375	8	eflomal
tsawonsa kamu	H0520,H0753	hbo:0520,hbo:0753	phrasal	0.364	11	eflomal
zaman bauta	H1473,H1540,H7628	hbo:1473,hbo:1540,hbo:7628	phrasal	0.341	35	eflomal
bisharar mulkin	G0932	grc:932	fertility	0.333	3	eflomal
dogayen sanduna	H5982	hbo:5982	fertility	0.333	3	eflomal
dukan kome	H3605	hbo:3605	fertility	0.333	2	eflomal
gari waye	G2250	grc:2250	fertility	0.333	2	eflomal
hidimar aiki	H5656	hbo:5656	fertility	0.333	2	eflomal
ma aka	H4601,H4602,H4601	hbo:4601,hbo:4602,hbo:4601a	phrasal	0.333	15	eflomal
mugayen hanyoyinku	H1870	hbo:1870	fertility	0.333	2	eflomal
na sha hatsari	G2794	grc:2794	fertility	0.333	3	eflomal
suka zo	H0935	hbo:0935	fertility	0.333	2	eflomal
wuri mai tsarki	H6944	hbo:6944	fertility	0.333	2	eflomal
yi farin	H8056,H3190	hbo:8055,hbo:3190	phrasal	0.333	5	eflomal
bikin ƙetarewa	G3957	grc:3957	fertility	0.304	17	eflomal
ƙa ida	H2706,H2708,H4941,H8451	hbo:2706,hbo:2708,hbo:4941,hbo:8451	phrasal	0.3	9	eflomal
ji tausayinsu	H2347,H7355	hbo:2347,hbo:7355	phrasal	0.286	4	eflomal
lokacin girbi	G2540	grc:2540	fertility	0.286	2	eflomal
ɗakunan ajiya	G1049	grc:1049	fertility	0.286	2	eflomal
gonar inabi	G0290	grc:290	fertility	0.278	5	eflomal
allah allah	H0430	hbo:0430	fertility	0.25	3	eflomal
cikin ciki	H7358	hbo:7358	fertility	0.25	4	eflomal
duka duka	H3605	hbo:3605	fertility	0.25	4	eflomal
gonar inabina	G0290	grc:290	fertility	0.25	4	eflomal;gloss
kuma yi	H6213	hbo:6213	fertility	0.25	2	eflomal
suka koma	G5290	grc:5290	fertility	0.25	3	eflomal
wannan abu	H2063	hbo:2063	fertility	0.25	4	eflomal
wuri mafi	H6944	hbo:6944	fertility	0.25	3	eflomal
zinariya zalla	H2091,H3800	hbo:2091,hbo:3800	phrasal	0.25	4	eflomal
tawali u	G4239,G4240,G5012	grc:4239,grc:4240,grc:5012	phrasal	0.231	14	eflomal;gloss
kawo labari	G2097	grc:2097	fertility	0.222	2	eflomal
marasa azanci	G0453	grc:453	fertility	0.222	2	eflomal
nuna jinƙai	H2617,H7355,H2603	hbo:2617,hbo:7355,hbo:2603	phrasal	0.214	8	eflomal
abokin gāba	G2190	grc:2190	fertility	0.211	8	eflomal;gloss
gine gine	H1004	hbo:1004	fertility	0.2	2	eflomal
haɗa bunsuru	H8163	hbo:8163a	fertility	0.2	5	eflomal
tana da	G2192	grc:2192	fertility	0.2	5	eflomal
wani mutumin	H0376	hbo:0376	fertility	0.2	4	eflomal
ya yan	G5043,G5207	grc:5043,grc:5207	phrasal	0.2	5	eflomal
ya yi	H1696,H6213	hbo:1696,hbo:6213	phrasal	0.2	5	eflomal
an nan	H0559,H0935	hbo:0559,hbo:0935	phrasal	0.194	53	eflomal
yi sujada	H5647,H7812	hbo:5647,hbo:7812a	phrasal	0.184	21	eflomal
ruwan inabi	G3631	grc:3631	fertility	0.179	21	eflomal
abokan gāban	G2190	grc:2190	fertility	0.176	3	eflomal
ad da	H8085,H6256,H6965,H0935	hbo:8085,hbo:6256,hbo:6965,hbo:0935	phrasal	0.176	28	eflomal
abokan gābanku	G2190	grc:2190	fertility	0.167	3	eflomal
fāɗinsa kamu	H0520,H7341	hbo:0520,hbo:7341	phrasal	0.167	4	eflomal
ka nuna	H3045,H6213	hbo:3045,hbo:6213	phrasal	0.167	4	eflomal
ci abinci	G2068,G4906	grc:2068,grc:4906	phrasal	0.158	5	eflomal
fi kyau	G2570,G2909	grc:2570,grc:2909	phrasal	0.154	4	eflomal
mika ilu	G3413	grc:3413	fertility	0.154	4	eflomal;gloss
nan ba	H2063,H2088	hbo:2063,hbo:2088	phrasal	0.143	6	eflomal
yana da	G2192	grc:2192	fertility	0.143	4	eflomal
abokan gābansa	G2190	grc:2190	fertility	0.133	2	eflomal
burodi marar yisti	G0106	grc:106	fertility	0.132	5	eflomal
amsa ce	G3004	grc:3004	fertility	0.13	4	eflomal
mai iko	H2389,H1368,H5186	hbo:2389,hbo:1368,hbo:5186	phrasal	0.125	7	eflomal
sa ad	H1961,H6965,H0935	hbo:1961,hbo:6965,hbo:0935	phrasal	0.125	15	eflomal
ubangiji ubangiji	H3068,H3068	hbo:3068,hbo:3069	phrasal	0.125	5	eflomal
yesu ya	G2424,G2064	grc:2424,grc:2064	phrasal	0.125	6	eflomal
ya ya	G2590,G5043	grc:2590,grc:5043	phrasal	0.118	6	eflomal
wani abu	H3605	hbo:3605	fertility	0.077	9	eflomal
gaba ɗaya	H3117,H3605	hbo:3117,hbo:3605	phrasal	0.067	10	eflomal
ya sa	H2398,H7121,H0935	hbo:2398,hbo:7121,hbo:0935	phrasal	0.062	10	eflomal
ya ce	G3004,G2980	grc:3004,grc:2980	phrasal	0.04	13	eflomal
wannan rana	H3117	hbo:3117	fertility	0.038	24	eflomal
abin da	H0559	hbo:0559	fertility	0.0	185	eflomal
abin da ubangiji	H0559	hbo:0559	fertility	0.0	2	eflomal
abin ubangiji	H0559	hbo:0559	fertility	0.0	26	eflomal
ahira enan	H5881	hbo:5881	fertility	0.0	3	eflomal
ahiyezer ammishaddai	H5996	hbo:5996	fertility	0.0	5	eflomal
ayyukan da	G2590	grc:2590	fertility	0.0	2	eflomal
bawa yantacce	H6113	hbo:6113	fertility	0.0	2	eflomal
bayan yan	H7093	hbo:7093	fertility	0.0	3	eflomal
bisa ga	H6310	hbo:6310	fertility	0.0	3	eflomal
biya bukatuna	G5532	grc:5532	fertility	0.0	2	eflomal
cikin abubuwan	H3605	hbo:3605	fertility	0.0	2	eflomal
cikin dukan	H1755	hbo:1755	fertility	0.0	2	eflomal
cikin girman	H7230	hbo:7230	fertility	0.0	2	eflomal
cikin mahaifa	H0990	hbo:0990	fertility	0.0	2	eflomal
cikin tanderun	H0861	hbo:0861	fertility	0.0	4	eflomal
cizon haƙora	G1030	grc:1030	fertility	0.0	2	eflomal
da isra	H1121,H3605	hbo:1121,hbo:3605	phrasal	0.0	27	eflomal
da ya	H6213,H7760	hbo:6213,hbo:7760	phrasal	0.0	4	eflomal
daga cikinsu	H8432	hbo:8432	fertility	0.0	2	eflomal
daɗewa ba	H4592	hbo:4592	fertility	0.0	3	eflomal
dogayen sandunansa	H5982	hbo:5982	fertility	0.0	2	eflomal
dole ware	H3772	hbo:3772	fertility	0.0	2	eflomal
dukan abubuwan	H3605	hbo:3605	fertility	0.0	2	eflomal
duniyar da	H0776	hbo:0776	fertility	0.0	2	eflomal
elisha ce	H0559	hbo:0559	fertility	0.0	5	eflomal
farilla ce	H5769	hbo:5769	fertility	0.0	3	eflomal
faɗa masa	H0559	hbo:0559	fertility	0.0	2	eflomal
fokeret da	H1121	hbo:1121	fertility	0.0	2	eflomal
gashin kaina	H7218	hbo:7218	fertility	0.0	2	eflomal
gwanin kyau	H6446	hbo:6446	fertility	0.0	2	eflomal
haka aka	H7121	hbo:7121	fertility	0.0	6	eflomal
haka za	H1961	hbo:1961	fertility	0.0	2	eflomal
halittu da	H5971	hbo:5971	fertility	0.0	2	eflomal
hannunku a	H3027	hbo:3027	fertility	0.0	2	eflomal
hori ɗanka	H1121	hbo:1121	fertility	0.0	2	eflomal
idonsu fisshe	H5869	hbo:5869	fertility	0.0	2	eflomal
ikan ce	G3004	grc:3004	fertility	0.0	2	eflomal
inda ka	G0565	grc:565	fertility	0.0	2	eflomal
isra da	H1121	hbo:1121	fertility	0.0	2	eflomal
isra duka	H3605	hbo:3605	fertility	0.0	5	eflomal
iyalansu kabilarsu	H1004	hbo:1004	fertility	0.0	2	eflomal
jarirai maza	H2145	hbo:2145	fertility	0.0	2	eflomal
jefa su	G3860	grc:3860	fertility	0.0	2	eflomal
ka yi	H6213,H2734	hbo:6213,hbo:2734	phrasal	0.0	10	eflomal
kakanka ya	H0001	hbo:0001	fertility	0.0	2	eflomal
kakanni kakanninku	H0001	hbo:0001	fertility	0.0	4	eflomal
kakanni kakanninsu	H0001	hbo:0001	fertility	0.0	4	eflomal
kakannin kakanninku	G3962	grc:3962	fertility	0.0	3	eflomal
kama hanyar	H1980	hbo:1980	fertility	0.0	2	eflomal
kamu kamu	H0753	hbo:0753	fertility	0.0	2	eflomal
kamu ɗaya	H0520	hbo:0520	fertility	0.0	2	eflomal
karanta rubutu	H7123	hbo:7123	fertility	0.0	2	eflomal
karɓo ya	G2590	grc:2590	fertility	0.0	2	eflomal
kasance a	H3427	hbo:3427	fertility	0.0	2	eflomal
kawo bunsuru	H8163	hbo:8163a	fertility	0.0	12	eflomal
kawo hari	H0935	hbo:0935	fertility	0.0	2	eflomal
kawo ƙarshen	H7673	hbo:7673	fertility	0.0	8	eflomal
kayan ciki	H7130	hbo:7130	fertility	0.0	2	eflomal
kayan cikin	H7130	hbo:7130	fertility	0.0	3	eflomal
kaɗan kaɗan	H2191	hbo:2191	fertility	0.0	2	eflomal
kiyaye dokokina	H6213	hbo:6213	fertility	0.0	2	eflomal
kowane iri	H3605	hbo:3605	fertility	0.0	2	eflomal
kowane mutumin	H0376	hbo:0376	fertility	0.0	2	eflomal
ku yi	H5375,H8104	hbo:5375,hbo:8104	phrasal	0.0	4	eflomal
kudu tabanakul	H8486	hbo:8486	fertility	0.0	2	eflomal
kuka biyayya	H8085	hbo:8085	fertility	0.0	2	eflomal
kuma ba	H5414	hbo:5414	fertility	0.0	2	eflomal
kuma biya	H5375	hbo:5375	fertility	0.0	2	eflomal
kuma da	H6213	hbo:6213	fertility	0.0	2	eflomal
kuwa ya	H1980	hbo:1980	fertility	0.0	2	eflomal
kuwa za	H1961	hbo:1961	fertility	0.0	3	eflomal
kwana za	H3117	hbo:3117	fertility	0.0	6	eflomal
kyakkyawa ce	H4758	hbo:4758	fertility	0.0	3	eflomal
lalata da	H4904	hbo:4904	fertility	0.0	2	eflomal
lura da	H4931	hbo:4931	fertility	0.0	2	eflomal
mai tausayi mai	H7349	hbo:7349	fertility	0.0	2	eflomal
mai ƙarfi	H5186,H1419	hbo:5186,hbo:1419	phrasal	0.0	5	eflomal
manyan riguna	G4749	grc:4749	fertility	0.0	2	eflomal
masa hidima	H5647	hbo:5647	fertility	0.0	2	eflomal
masar ba	H4713	hbo:4714	fertility	0.0	2	eflomal
mashigin ƙofar	H8179	hbo:8179	fertility	0.0	2	eflomal
masu ko	H6124	hbo:6124	fertility	0.0	3	eflomal
masu kyau	H3368	hbo:3368	fertility	0.0	2	eflomal
masu ruhohi	H7235	hbo:7235	fertility	0.0	2	eflomal
mayaƙa masu	H8025	hbo:8025	fertility	0.0	2	eflomal
maza na	H1121	hbo:1121	fertility	0.0	5	eflomal
maza shekara	H1121	hbo:1121	fertility	0.0	4	eflomal
mazaunin masarauta shusha	H7800	hbo:7800	fertility	0.0	4	eflomal
mijin guda	G1520	grc:1520	fertility	0.0	3	eflomal
mutane mutane	H5971	hbo:5971	fertility	0.0	2	eflomal
mutanen allah	G0040	grc:40	fertility	0.0	4	eflomal
mutanen isra	H1004,H1121	hbo:1004,hbo:1121	phrasal	0.0	18	eflomal
mutanen ubangiji	G0040	grc:40	fertility	0.0	2	eflomal
mutumin isra	H1121	hbo:1121	fertility	0.0	8	eflomal
mutumin yake	G1510	grc:1510	fertility	0.0	2	eflomal
na isra	H1121,H1004	hbo:1121,hbo:1004	phrasal	0.0	6	eflomal
neman jinƙai	H8469	hbo:8469	fertility	0.0	2	eflomal
nuna bambanci	G4383	grc:4383	fertility	0.0	2	eflomal
rago dukansu bana	H3532	hbo:3532	fertility	0.0	2	eflomal
rehobowam ƙi	H5800	hbo:5800	fertility	0.0	2	eflomal
rehum shugaban	H1169	hbo:1169	fertility	0.0	2	eflomal
sauran isra	H1121	hbo:1121	fertility	0.0	4	eflomal
shugaban matsara	H7227	hbo:7227a	fertility	0.0	4	eflomal
shugaban matsaran	H2876	hbo:2876	fertility	0.0	4	eflomal
shugaban matsaran sarki	H2876	hbo:2876	fertility	0.0	2	eflomal
shunayya jan	H8438	hbo:8438	fertility	0.0	2	eflomal
siffar ɗan maraƙi	H4541	hbo:4541	fertility	0.0	2	eflomal
sujada koyarwarsu	G1321	grc:1321	fertility	0.0	2	eflomal
suka bi	H1980	hbo:1980	fertility	0.0	2	eflomal
suka ce	G3004	grc:3004	fertility	0.0	2	eflomal
suka kai	H0935	hbo:0935	fertility	0.0	3	eflomal
suka shiga	H3318	hbo:3318	fertility	0.0	3	eflomal
suka tafi	H0935	hbo:0935	fertility	0.0	4	eflomal
suka yi	H1980	hbo:1980	fertility	0.0	2	eflomal
suka zauna	H5975	hbo:5975	fertility	0.0	2	eflomal
suke a	H4672	hbo:4672	fertility	0.0	2	eflomal
tabbatar da	H5975	hbo:5975	fertility	0.0	2	eflomal
tana gabanka	H6440	hbo:6440	fertility	0.0	2	eflomal
tare da	H8432	hbo:8432	fertility	0.0	5	eflomal
tare sauran	H8432	hbo:8432	fertility	0.0	2	eflomal
tare ƙodoji	H3629	hbo:3629	fertility	0.0	2	eflomal
tashi da	H5980	hbo:5980	fertility	0.0	2	eflomal
taɓa shiga	G1525	grc:1525	fertility	0.0	2	eflomal
tsawonsa kamu fāɗinsa	H0520	hbo:0520	fertility	0.0	3	eflomal
tsawonta kamu ne	H0520	hbo:0520	fertility	0.0	3	eflomal
tumakin isra	G3624	grc:3624	fertility	0.0	2	eflomal
tuntuɓi al	H1875	hbo:1875	fertility	0.0	2	eflomal
wanda yake	G2192	grc:2192	fertility	0.0	2	eflomal
wani manomi	G3708	grc:3708	fertility	0.0	2	eflomal
wani mutum	G0444	grc:444	fertility	0.0	2	eflomal
wannan ba	H2088	hbo:2088	fertility	0.0	5	eflomal
wannan ne	H0428	hbo:0428	fertility	0.0	3	eflomal
ware mutum	H5315	hbo:5315	fertility	0.0	2	eflomal
waɗanda suke	H3605	hbo:3605	fertility	0.0	2	eflomal
wurin kai	G5117	grc:5117	fertility	0.0	2	eflomal
wurin sa	H1916	hbo:1916	fertility	0.0	2	eflomal
ya yanku	H1121,H2945	hbo:1121,hbo:2945	phrasal	0.0	8	eflomal
ya zo	H0935,H1980	hbo:0935,hbo:1980	phrasal	0.0	4	eflomal
yake da	G2192	grc:2192	fertility	0.0	3	eflomal
yetur nafish	H5305	hbo:5305	fertility	0.0	2	eflomal
za su	H1961,H0428,H0376	hbo:1961,hbo:0428,hbo:0376	phrasal	0.0	9	eflomal
zama a	H3427	hbo:3427	fertility	0.0	2	eflomal
zuwa bet	H1870	hbo:1870	fertility	0.0	2	eflomal
ƙara mai	H6963	hbo:6963	fertility	0.0	2	eflomal
ƙarshen shekaru	H7093	hbo:7093	fertility	0.0	2	eflomal
ƙarƙashin ikon	H3027	hbo:3027	fertility	0.0	3	eflomal
ƙarƙashin ƙasa	H8482	hbo:8482	fertility	0.0	2	eflomal
ƙauna marar ƙarewa	H2617	hbo:2617	fertility	0.0	2	eflomal
ƙege kamɓori	H7193	hbo:7193	fertility	0.0	2	eflomal
ƙidaya isra	H1121	hbo:1121	fertility	0.0	2	eflomal
ƙone shi	H8313	hbo:8313	fertility	0.0	3	eflomal
ƙungiyar soja	G4686	grc:4686	fertility	0.0	2	eflomal
ɗakunanta bangayenta	H8372	hbo:8372	fertility	0.0	2	eflomal
ɗauke da	H5375	hbo:5375	fertility	0.0	2	eflomal
ɗaya shekara	H1121	hbo:1121	fertility	0.0	2	eflomal
