# multi-word expressions (M1): target phrase -> original lexeme(s); lang=hin; from bcv-commons/lexeme-alignments; content+same-testament, count>=2. CC0
surface	strongs	lexemes	kind	confidence	count	methods
अंगरकषकों परधान	H2876	hbo:2876	fertility	1.0	2	eflomal
अंगरकषकों परधान नबूजरदान	H2876	hbo:2876	fertility	1.0	3	eflomal
अंगूर लता	H1612	hbo:1612	fertility	1.0	5	eflomal
अंजीर पेड	G4808	grc:4808	fertility	1.0	10	eflomal
अंजीर वृकष	H8384	hbo:8384	fertility	1.0	4	eflomal
अंतडियों पैरों	H3767	hbo:3767	fertility	1.0	2	eflomal
अकाल पडेंगे	G3042	grc:3042	fertility	1.0	2	eflomal
अखमीरी रोटियाँ	H4682	hbo:4682	fertility	1.0	2	eflomal
अखमीरी रोटियों	H4682	hbo:4682	fertility	1.0	4	eflomal
अखमीरी रोटी परव	G0106	grc:106	fertility	1.0	4	eflomal
अचछी बालें	H7641	hbo:7641	fertility	1.0	2	eflomal
अचछी वसतुओं	H2898	hbo:2898	fertility	1.0	2	eflomal
अतयाचार सहता	H6231	hbo:6231	fertility	1.0	2	eflomal
अतिथि सतकार	G5382	grc:5382	fertility	1.0	2	eflomal
अथाह कुणड	G0012	grc:12	fertility	1.0	7	eflomal
अदोनिययाह अदोनिययाह	H0138	hbo:0138	fertility	1.0	2	eflomal
अधरम कामों	H5771	hbo:5771	fertility	1.0	8	eflomal
अधरम दणड	H5771	hbo:5771	fertility	1.0	8	eflomal
अधरम पडेगा	H5771	hbo:5771	fertility	1.0	2	eflomal
अधरम फँसने	H5771	hbo:5771	fertility	1.0	2	eflomal
अधरम फँसा	H5771	hbo:5771	fertility	1.0	4	eflomal
अधिकार दिया	G1325	grc:1325	fertility	1.0	3	eflomal
अधिकारी ठहराया	H6485	hbo:6485	fertility	1.0	2	eflomal
अधिपतियों अधिपतियों	H6346	hbo:6346	fertility	1.0	2	eflomal
अधीन होना	H5647	hbo:5647	fertility	1.0	2	eflomal
अधोलोक उतर	H7585	hbo:7585	fertility	1.0	3	eflomal
अधोलोक विनाशलोक	H7585	hbo:7585	fertility	1.0	2	eflomal
अनतिम पहर	H0821	hbo:0821	fertility	1.0	2	eflomal
अनतिम युग	G2078	grc:2078	fertility	1.0	2	eflomal
अनन मोल लेने	H7666	hbo:7666	fertility	1.0	2	eflomal
अननत पाए	G0166	grc:166	fertility	1.0	3	eflomal
अननबलि चढाने	H4503	hbo:4503	fertility	1.0	2	eflomal
अनमोल पदारथ	H4022	hbo:4022	fertility	1.0	3	eflomal
अनमोल वसतुएँ	H4030	hbo:4030	fertility	1.0	3	eflomal
अनयजातियाँ रखेंगी	G1484	grc:1484	fertility	1.0	2	eflomal
अनरथ काम	H0205	hbo:0205	fertility	1.0	6	eflomal
अनाथ बालकों	H3490	hbo:3490	fertility	1.0	2	eflomal
अनाथों डालते	H3490	hbo:3490	fertility	1.0	2	eflomal
अनुगरह मुझ	H2580	hbo:2580	fertility	1.0	7	eflomal
अनुसार काम	H6213	hbo:6213	fertility	1.0	2	eflomal
अनुसार किया	H6213	hbo:6213	fertility	1.0	2	eflomal
अनुसार गिने	H6485	hbo:6485	fertility	1.0	3	eflomal
अनुसार चलें	G4748	grc:4748	fertility	1.0	2	eflomal
अनोखी कठिन भाषावाली	H6012	hbo:6012	fertility	1.0	2	eflomal
अपना अपना धूपदान	H4289	hbo:4289	fertility	1.0	3	eflomal
अपना खडा	H5186	hbo:5186	fertility	1.0	3	eflomal
अपना सथिर	H3559	hbo:3559	fertility	1.0	2	eflomal
अपनी अपनी इचछा	H5068	hbo:5068	fertility	1.0	3	eflomal
अपनी आँखों	H5869	hbo:5869	fertility	1.0	8	eflomal
अपनी इचछा	H5068	hbo:5068	fertility	1.0	2	eflomal
अपनी इचछा भेंट	H5068	hbo:5068	fertility	1.0	2	eflomal
अपनी चराइयों	H4054	hbo:4054	fertility	1.0	11	eflomal
अपनी दृषटि	H5869	hbo:5869	fertility	1.0	2	eflomal
अपनी पतनी	G1135	grc:1135	fertility	1.0	2	eflomal
अपनी बहन	H0269	hbo:0269	fertility	1.0	4	eflomal
अपनी वंशावली	H3187	hbo:3187	fertility	1.0	4	eflomal
अपनी सेना	H5971	hbo:5971	fertility	1.0	2	eflomal
अपने धो	H3526	hbo:3526	fertility	1.0	2	eflomal
अपने धोकर	H3526	hbo:3526	fertility	1.0	2	eflomal
अपने निज	G2398	grc:2398	fertility	1.0	2	eflomal
अपने मन	H3824	hbo:3824	fertility	1.0	3	eflomal
अपराध किया	H2398	hbo:2398	fertility	1.0	4	eflomal
अरघ अलावा चढाए जाएँ	H5262	hbo:5262	fertility	1.0	5	eflomal
अरथात कुल	H4940	hbo:4940	fertility	1.0	3	eflomal
अरपण वसतु	H2764	hbo:2764	fertility	1.0	3	eflomal
अरपण वसतुओं	H2764	hbo:2764	fertility	1.0	2	eflomal
अरवदी समारी	H0721	hbo:0721	fertility	1.0	2	eflomal
अरामी भाषा	H0762	hbo:0762	fertility	1.0	4	eflomal
अरोएर लेकर	H6177	hbo:6177	fertility	1.0	2	eflomal
अवशय कि	G1163	grc:1163	fertility	1.0	2	eflomal
अवसर लगा	G2120	grc:2120	fertility	1.0	2	eflomal
अशतोरेत देवियों	H6253	hbo:6253	fertility	1.0	6	eflomal
अशुदध करती	G2840	grc:2840	fertility	1.0	2	eflomal
अशुदध करे	H2930	hbo:2930	fertility	1.0	2	eflomal
अशुदध हो	H2930	hbo:2930	fertility	1.0	18	eflomal
अशुभ मुहूरततों	H6049	hbo:6049	fertility	1.0	3	eflomal
अशेरा नामक	H0842	hbo:0842	fertility	1.0	2	eflomal
अशेरा नामक मूरतें	H0842	hbo:0842	fertility	1.0	4	eflomal
अहंकारी उनहोंने	H2086	hbo:2086	fertility	1.0	2	eflomal
आँखें आँखें	H5869	hbo:5869	fertility	1.0	2	eflomal
आँखें खुल	G0308	grc:308	fertility	1.0	2	eflomal
आँखें धुंधली	H5869	hbo:5869	fertility	1.0	2	eflomal
आँखें लगी	H5869	hbo:5869	fertility	1.0	3	eflomal
आँधियाँ चलीं	G4215	grc:4215	fertility	1.0	2	eflomal
आँधी पानी	G0417	grc:417	fertility	1.0	4	eflomal
आँसू बहा बहाकर	G1144	grc:1144	fertility	1.0	5	eflomal
आँसू बहाते	H1065	hbo:1065	fertility	1.0	2	eflomal
आऊँगा लौटकर	H7725	hbo:7725	fertility	1.0	2	eflomal
आजञा दे	G3853	grc:3853	fertility	1.0	4	eflomal
आजञा देते	G3853	grc:3853	fertility	1.0	3	eflomal
आजञा देनी	H6680	hbo:6680	fertility	1.0	3	eflomal
आजञा ने	H6680	hbo:6680	fertility	1.0	22	eflomal
आजञा ने दी	H6680	hbo:6680	fertility	1.0	11	eflomal
आजञा मैंने	H6680	hbo:6680	fertility	1.0	3	eflomal
आजञा मैंने दी	H6680	hbo:6680	fertility	1.0	6	eflomal
आजञाएँ ने	H6680	hbo:6680	fertility	1.0	2	eflomal
आतमा समाया	H7307	hbo:7307	fertility	1.0	2	eflomal
आतमिक वरदानों	G4152	grc:4152	fertility	1.0	2	eflomal
आनेवाली पीढी	H1755	hbo:1755	fertility	1.0	3	eflomal
आबेल महोला	H0065	hbo:0065	fertility	1.0	2	eflomal
आराधनालय सरदार	G0752	grc:752	fertility	1.0	2	eflomal
आवरण ढाँपें	H4372	hbo:4372	fertility	1.0	3	eflomal
आशीष दी	H1288	hbo:1288	fertility	1.0	4	eflomal
इचछा अनुसार	G2307	grc:2307	fertility	1.0	2	eflomal
इचछा पूरी	H2656	hbo:2656	fertility	1.0	3	eflomal
इधर उधर घूम	H7751	hbo:7751	fertility	1.0	2	eflomal
इनका अवशय	G1163	grc:1163	fertility	1.0	3	eflomal
इनकार किया	H3985	hbo:3985	fertility	1.0	8	eflomal
इनके गाँव	H2691	hbo:2691	fertility	1.0	11	eflomal
इनके गाँव मिले	H2691	hbo:2691	fertility	1.0	2	eflomal
इनमें गिने	H6485	hbo:6485	fertility	1.0	3	eflomal
इसपानिया जाऊँगा	G4681	grc:4681	fertility	1.0	2	eflomal
इसमें सममति देते	H3289	hbo:3289	fertility	1.0	2	eflomal
इसराएल इसराएल	H3478	hbo:3478	fertility	1.0	2	eflomal
इसराएलियों इसराएलियों	H3478	hbo:3478	fertility	1.0	2	eflomal
इसराएली लोगों	H5971	hbo:5971	fertility	1.0	3	eflomal
इसलिए भेजा	H7971	hbo:7971	fertility	1.0	3	eflomal
उजाड दूँगा	H8077	hbo:8077	fertility	1.0	4	eflomal
उठाई भेंट	H8641	hbo:8641	fertility	1.0	3	eflomal
उठाई भेंटें	H8641	hbo:8641	fertility	1.0	2	eflomal
उठाने भेंट	H8641	hbo:8641	fertility	1.0	2	eflomal
उडते उडते	H5774	hbo:5774	fertility	1.0	2	eflomal
उततम पदारथों	H2896	hbo:2896	fertility	1.0	3	eflomal
उततर कहा	H0559	hbo:0559	fertility	1.0	2	eflomal
उततर दिशा	H6828	hbo:6828	fertility	1.0	25	eflomal
उततर देना	H6030	hbo:6030	fertility	1.0	2	eflomal
उततरी ओर	H6828	hbo:6828	fertility	1.0	10	eflomal;gloss
उदधार कराऊँ	G4982	grc:4982	fertility	1.0	2	eflomal
उदधार पाएगा	G4982	grc:4982	fertility	1.0	8	eflomal
उदधार पानेवालों	G4982	grc:4982	fertility	1.0	2	eflomal
उदास अपरसनन	H5620	hbo:5620	fertility	1.0	2	eflomal
उनका भाग	H5159	hbo:5159	fertility	1.0	3	eflomal
उनहोंने कहा	G3004	grc:3004	fertility	1.0	15	eflomal
उनहोंने किया	H6213	hbo:6213	fertility	1.0	3	eflomal
उनहोंने घेर	H5437	hbo:5437	fertility	1.0	3	eflomal
उनहोंने तुचछ	H3988	hbo:3988	fertility	1.0	2	eflomal
उनहोंने बलवा	H4784	hbo:4784	fertility	1.0	2	eflomal
उनहोंने सममति	G4824	grc:4824	fertility	1.0	2	eflomal
उपजानेवाली परतिमा	H5566	hbo:5566	fertility	1.0	2	eflomal
उपदरव उपदरव चिललाता	H2555	hbo:2555	fertility	1.0	2	eflomal
उपदरव हैं	H2555	hbo:2555	fertility	1.0	2	eflomal
उपरौठी कोठरी	H5944	hbo:5944	fertility	1.0	2	eflomal
उपहास करेंगे	G1702	grc:1702	fertility	1.0	2	eflomal
उपासना करें	H5647	hbo:5647	fertility	1.0	6	eflomal
उसका अनत	G5056	grc:5056	fertility	1.0	2	eflomal
उसका नाम	H7121	hbo:7121	fertility	1.0	2	eflomal
उसका रखा	H7121	hbo:7121	fertility	1.0	3	eflomal
उसकी परशंसा	H1984	hbo:1984a	fertility	1.0	3	eflomal
उसकी सतुति	H1984	hbo:1984a	fertility	1.0	2	eflomal
उसकी सतुति करो	H1984	hbo:1984a	fertility	1.0	2	eflomal
उसके उतपनन	H3205	hbo:3205	fertility	1.0	5	eflomal
उसको उततर	G0611	grc:611	fertility	1.0	12	eflomal
उसको छुडा	H6299	hbo:6299	fertility	1.0	2	eflomal
उसको मिटटी	H6912	hbo:6912	fertility	1.0	2	eflomal
उसको मिटटी गई	H6912	hbo:6912	fertility	1.0	3	eflomal
उसको मिटटी दी	H6912	hbo:6912	fertility	1.0	3	eflomal
उसको मिटटी दी गई	H6912	hbo:6912	fertility	1.0	11	eflomal
उसने चंगा	G2323	grc:2323	fertility	1.0	6	eflomal
उसने पास बुलाकर	G4341	grc:4341	fertility	1.0	3	eflomal
उसने बुलाकर	G4341	grc:4341	fertility	1.0	3	eflomal
उसने भेज	H7971	hbo:7971	fertility	1.0	3	eflomal
उसने भेजा	H7971	hbo:7971	fertility	1.0	6	eflomal
उसने मार	H5221	hbo:5221	fertility	1.0	3	eflomal
उसने मारकर	H5221	hbo:5221	fertility	1.0	2	eflomal
उसने मारा	H5221	hbo:5221	fertility	1.0	5	eflomal
उसने विदा	H7971	hbo:7971	fertility	1.0	6	eflomal
उसमें काम	H4399	hbo:4399	fertility	1.0	4	eflomal
उसमें परवेश	G1525	grc:1525	fertility	1.0	2	eflomal
उसमें समा	G1525	grc:1525	fertility	1.0	2	eflomal
उसमें है	G2192	grc:2192	fertility	1.0	4	eflomal
उससे बैर	H8130	hbo:8130	fertility	1.0	3	eflomal
उससे भवन	H0759	hbo:0759	fertility	1.0	5	eflomal
उसे मिटटी दी गई	H6912	hbo:6912	fertility	1.0	3	eflomal
ऊँचा सथान	H1116	hbo:1116	fertility	1.0	2	eflomal
ऊँचाई की	H6967	hbo:6967	fertility	1.0	7	eflomal
ऊँचे सथान	H1116	hbo:1116	fertility	1.0	41	eflomal
एकलौते पुतर	H3173	hbo:3173	fertility	1.0	2	eflomal
एपा दसवाँ अंश	H6241	hbo:6241	fertility	1.0	9	eflomal
एपा दसवाँ अंश मैदा	H6241	hbo:6241	fertility	1.0	4	eflomal
एपा दसवें अंश	H6241	hbo:6241	fertility	1.0	2	eflomal
एबयातार एबयातार	H0054	hbo:0054	fertility	1.0	2	eflomal
एलासा एलासा	H0501	hbo:0501	fertility	1.0	2	eflomal
ओझाओं भूत	H0178	hbo:0178	fertility	1.0	2	eflomal
ओढनी ओढे	G2619	grc:2619	fertility	1.0	2	eflomal
ओमरी पोती	H6018	hbo:6018	fertility	1.0	2	eflomal
ओमार सपो	H0201	hbo:0201	fertility	1.0	2	eflomal
कंगन पहना	H6781	hbo:6781	fertility	1.0	2	eflomal
कंगाल कितनों	H1803	hbo:1803a	fertility	1.0	2	eflomal
कचचा हो	H2865	hbo:2865	fertility	1.0	5	eflomal
कछार घास	H0260	hbo:0260	fertility	1.0	2	eflomal
कटोरे थाली	G4221	grc:4221	fertility	1.0	2	eflomal
कमोश देवता	H3645	hbo:3645	fertility	1.0	3	eflomal
कया कया सवाधीन	H6113	hbo:6113	fertility	1.0	2	eflomal
करना अवशय	G1163	grc:1163	fertility	1.0	2	eflomal
करना चाहिए	G1163	grc:1163	fertility	1.0	7	eflomal
करना छोड	H2308	hbo:2308	fertility	1.0	3	eflomal
करनेवाली आतमा	H7307	hbo:7307	fertility	1.0	4	eflomal
करूस पर	G4717	grc:4717	fertility	1.0	4	eflomal
करूस पर चढा	G4717	grc:4717	fertility	1.0	2	eflomal
करूस पर चढाए	G4717	grc:4717	fertility	1.0	3	eflomal
करूस पर चढाने	G4717	grc:4717	fertility	1.0	3	eflomal
करूस पर चढाया	G4717	grc:4717	fertility	1.0	18	eflomal
करूसों चढाए	G4957	grc:4957	fertility	1.0	2	eflomal
करो पवितर करो	H6942	hbo:6942	fertility	1.0	2	eflomal
करोध करोध	H0639	hbo:0639	fertility	1.0	2	eflomal
करोध दिलाते	H3707	hbo:3707	fertility	1.0	4	eflomal
करोध पर	H0639	hbo:0639	fertility	1.0	2	eflomal
करोध है	H0639	hbo:0639	fertility	1.0	2	eflomal
कलेश पाते	G2346	grc:2346	fertility	1.0	3	eflomal
कहने अनुसार	H6310	hbo:6310	fertility	1.0	3	eflomal
कहने आओ	H0559	hbo:0559	fertility	1.0	2	eflomal
कहने लगे	G3004	grc:3004	fertility	1.0	18	eflomal
कहला भेजे	H7971	hbo:7971	fertility	1.0	2	eflomal
कहीं पाया	H4672	hbo:4672	fertility	1.0	2	eflomal
कहें कहेगा	G2046	grc:2046	fertility	1.0	3	eflomal
कहेगा अपराध कषमा	G0863	grc:863	fertility	1.0	2	eflomal
काँप उठें	H7264	hbo:7264	fertility	1.0	2	eflomal
काँप उठेंगे	H7493	hbo:7493	fertility	1.0	2	eflomal
काँप उठेगी	H7493	hbo:7493	fertility	1.0	2	eflomal
काठी कसकर	H2280	hbo:2280	fertility	1.0	2	eflomal
काठी बाँधी	H2280	hbo:2280	fertility	1.0	2	eflomal
कान हों ले	G3775	grc:3775	fertility	1.0	2	eflomal
कानों कान	G3775	grc:3775	fertility	1.0	2	eflomal
काली घटाओं	H5645	hbo:5645	fertility	1.0	3	eflomal
किया ने	H6213	hbo:6213	fertility	1.0	2	eflomal
किरणें निकलती	H5785	hbo:5785	fertility	1.0	2	eflomal
किसी कुँवारी	H1330	hbo:1330	fertility	1.0	2	eflomal
किसी नहीं	G3762	grc:3762	fertility	1.0	7	eflomal
किसी सतरी	H0802	hbo:0802	fertility	1.0	2	eflomal
की यह वाणी	H5002	hbo:5002	fertility	1.0	30	eflomal
की यही वाणी	H5002	hbo:5002	fertility	1.0	10	eflomal
कुँवारी कनया	H1330	hbo:1330	fertility	1.0	2	eflomal
कुँवारीपन चिनह	H1331	hbo:1331	fertility	1.0	3	eflomal
कुआँ खोदा	H0875	hbo:0875	fertility	1.0	2	eflomal
कुटिल मनुषयों	H5767	hbo:5767	fertility	1.0	2	eflomal
कुतते डालेंगे	H3611	hbo:3611	fertility	1.0	2	eflomal
कुमारी कनया	H1330	hbo:1330	fertility	1.0	4	eflomal
कुरसियाँ हों	H0134	hbo:0134	fertility	1.0	2	eflomal
कुशती लड	G0075	grc:75	fertility	1.0	2	eflomal
कुशल कषेम	H7965	hbo:7965	fertility	1.0	18	eflomal
कूटकर निकाले	H3795	hbo:3795	fertility	1.0	2	eflomal
कूशन रिशआतइम	H3573	hbo:3573	fertility	1.0	4	eflomal
केवल यही	G3440	grc:3440	fertility	1.0	3	eflomal
केवल रख	G3440	grc:3440	fertility	1.0	2	eflomal
केवल ही	G3440	grc:3440	fertility	1.0	2	eflomal
कोठरी दवार	H3957	hbo:3957	fertility	1.0	2	eflomal
कोठरी भागेगा	H2315	hbo:2315	fertility	1.0	2	eflomal
कोठरी लौटाकर	H8372	hbo:8372	fertility	1.0	2	eflomal
कोडे मारेंगे	G3146	grc:3146	fertility	1.0	3	eflomal
कोयले उठे	H1513	hbo:1513	fertility	1.0	2	eflomal
खजूर पेड खुदे	H8561	hbo:8561	fertility	1.0	3	eflomal
खटखटाता जाएगा	G2925	grc:2925	fertility	1.0	2	eflomal
खटटे अंगूर	H1155	hbo:1155	fertility	1.0	2	eflomal
खतना कराने	G4059	grc:4059	fertility	1.0	2	eflomal
खतना करानेवाले	G4059	grc:4059	fertility	1.0	2	eflomal
खतना किए	G4061	grc:4061	fertility	1.0	9	eflomal
खमभा खडा	H4676	hbo:4676	fertility	1.0	4	eflomal
खमभों लटकाए	H8518	hbo:8518	fertility	1.0	2	eflomal
खमीरी रोटी	H2557	hbo:2557	fertility	1.0	3	eflomal
खलिहान अनन	H1637	hbo:1637	fertility	1.0	2	eflomal
खाकर तृपत	H7646	hbo:7646	fertility	1.0	2	eflomal
खाता पीता	G2068	grc:2068	fertility	1.0	2	eflomal
खाते खाते	H0398	hbo:0398	fertility	1.0	2	eflomal
खाते पीते	G4910	grc:4910	fertility	1.0	2	eflomal
खाना खाती	H0398	hbo:0398	fertility	1.0	2	eflomal
खाना खाया	H0398	hbo:0398	fertility	1.0	2	eflomal
खाली लौटा	G2756	grc:2756	fertility	1.0	3	eflomal
खींच लाऊँ	G2770	grc:2770	fertility	1.0	4	eflomal
खुदी मूरत	H6459	hbo:6459	fertility	1.0	2	eflomal
खुदी हुई मूरतियाँ	H6456	hbo:6456	fertility	1.0	3	eflomal
खुदी हुई मूरतियों	H6456	hbo:6456	fertility	1.0	2	eflomal
खेते खेते	G1643	grc:1643	fertility	1.0	2	eflomal
खोदे गडढे	H7845	hbo:7845	fertility	1.0	2	eflomal
गई उसको मिटटी दी गई	H6912	hbo:6912	fertility	1.0	2	eflomal
गदहियों बचचों	H5895	hbo:5895	fertility	1.0	2	eflomal
गदही बचचे	G4454	grc:4454	fertility	1.0	2	eflomal
गमभीर होना	G4586	grc:4586	fertility	1.0	2	eflomal
गरभवती सतरियों	H2030	hbo:2030	fertility	1.0	2	eflomal
गरभवती हुई	H2029	hbo:2029	fertility	1.0	23	eflomal
गरहण करता	G1209	grc:1209	fertility	1.0	3	eflomal
गला घोंटे हुओं	G4156	grc:4156	fertility	1.0	3	eflomal
गवाही दी	G3140	grc:3140	fertility	1.0	18	eflomal
गवाही दूँ	G3140	grc:3140	fertility	1.0	2	eflomal
गवाही देकर	G1263	grc:1263	fertility	1.0	2	eflomal
गवाही देता	G3140	grc:3140	fertility	1.0	12	eflomal
गशूरियों माकावासियों	H1651	hbo:1651	fertility	1.0	2	eflomal
गशूरियों माकियों	H1651	hbo:1651	fertility	1.0	2	eflomal
गहरा जल	H8415	hbo:8415	fertility	1.0	2	eflomal
गहरा सागर	H8415	hbo:8415	fertility	1.0	2	eflomal
गहरे सागर	H8415	hbo:8415	fertility	1.0	7	eflomal
गाँव गाँव	G2968	grc:2968	fertility	1.0	3	eflomal
गिडगिडाकर विनती	H2603	hbo:2603	fertility	1.0	6	eflomal
गिडगिडाहट सुनना	H8467	hbo:8467	fertility	1.0	3	eflomal
गिनती ली	H6485	hbo:6485	fertility	1.0	4	eflomal
गिरकर दणडवत	H7812	hbo:7812a	fertility	1.0	9	eflomal
गिलाद याबेश	H3003	hbo:3003b	fertility	1.0	2	eflomal
गिलाद रामोत	H7433	hbo:7433	fertility	1.0	3	eflomal
गिलादी याबेश	H3003	hbo:3003b	fertility	1.0	6	eflomal
गीदडों शुतुरमुरगों	H8565	hbo:8565	fertility	1.0	2	eflomal
गुपत सथानों	H4565	hbo:4565	fertility	1.0	2	eflomal
गूढ बात आरमभ	H4912	hbo:4912	fertility	1.0	5	eflomal
गोतर गोतर	H7626	hbo:7626	fertility	1.0	5	eflomal
घटती होती	H4270	hbo:4270	fertility	1.0	2	eflomal
घमणड करूँगा	G2744	grc:2744	fertility	1.0	2	eflomal
घमणड घमणड	G2744	grc:2744	fertility	1.0	2	eflomal
घरानों मुखय पुरुष	H7218	hbo:7218	fertility	1.0	9	eflomal
घरानों मुखय पुरुषों	H7218	hbo:7218	fertility	1.0	5	eflomal
घरानों मुखय मुखय	H7218	hbo:7218	fertility	1.0	4	eflomal
घरानों मुखय मुखय पुरुषों	H7218	hbo:7218	fertility	1.0	3	eflomal
घरेलू पशुओं	H0929	hbo:0929	fertility	1.0	7	eflomal
घात लगाए बैठे	H0693	hbo:0693	fertility	1.0	3	eflomal
घात लगाने वालों	H0693	hbo:0693	fertility	1.0	2	eflomal
घिनौना काम	H8441	hbo:8441	fertility	1.0	2	eflomal
घिनौनी वसतुएँ	H8251	hbo:8251	fertility	1.0	4	eflomal
घिनौनी वसतुओं	H8251	hbo:8251	fertility	1.0	4	eflomal
घिनौने काम	H8441	hbo:8441	fertility	1.0	7	eflomal
घुसकर माल	G4632	grc:4632	fertility	1.0	2	eflomal
घूँसे मारे	G2852	grc:2852	fertility	1.0	2	eflomal
घूमनेवाले पहियों	H1534	hbo:1534	fertility	1.0	2	eflomal
घृणा रखता	H8130	hbo:8130	fertility	1.0	2	eflomal
घृणित काम	H8441	hbo:8441	fertility	1.0	18	eflomal
घृणित कामों	H8441	hbo:8441	fertility	1.0	12	eflomal
घृणित वसतुएँ	H8251	hbo:8251	fertility	1.0	3	eflomal
घोडों सवारों	H5483	hbo:5483	fertility	1.0	3	eflomal
घोर अंधकार छाया	H6205	hbo:6205	fertility	1.0	2	eflomal
चटटानी बिजजू	H8227	hbo:8227	fertility	1.0	2	eflomal
चढाई घेर	H6696	hbo:6696	fertility	1.0	2	eflomal
चढाना होमबलि	H5930	hbo:5930	fertility	1.0	5	eflomal
चयूं चयूं	H3123	hbo:3123	fertility	1.0	2	eflomal
चरचा ने	H1696	hbo:1696	fertility	1.0	2	eflomal
चरबी कमर	H2459	hbo:2459	fertility	1.0	2	eflomal
चराइयाँ मिलीं	H4054	hbo:4054	fertility	1.0	2	eflomal
चलने फिरने	G4043	grc:4043	fertility	1.0	4	eflomal
चलाए चलते	G0071	grc:71	fertility	1.0	2	eflomal
चाँदी चाँदी	H3701	hbo:3701	fertility	1.0	2	eflomal
चाँदी टुकडे	H3701	hbo:3701	fertility	1.0	3	eflomal
चार अंगुल चौडी	H2948	hbo:2948	fertility	1.0	2	eflomal
चारों कँगनी	H3749	hbo:3749	fertility	1.0	2	eflomal
चिकारे हिरन	H6643	hbo:6643a	fertility	1.0	6	eflomal
चिटठियाँ डालीं	H1486	hbo:1486	fertility	1.0	3	eflomal
चिटठी डाल डालकर	H1486	hbo:1486	fertility	1.0	4	eflomal
चिटठी डाल डालकर दिए	H1486	hbo:1486	fertility	1.0	2	eflomal
चिटठी डालकर	H1486	hbo:1486	fertility	1.0	9	eflomal
चिटठी डाली	H1486	hbo:1486	fertility	1.0	7	eflomal
चिटठी नाम	H1486	hbo:1486	fertility	1.0	2	eflomal
चितत लगाकर बात	H4405	hbo:4405	fertility	1.0	2	eflomal
चिनह दिखाया	G4592	grc:4592	fertility	1.0	2	eflomal
चिनह रूप	H0226	hbo:0226	fertility	1.0	2	eflomal
चिलला उठे	G0349	grc:349	fertility	1.0	2	eflomal
चिललाए करूस पर	G4717	grc:4717	fertility	1.0	2	eflomal
चिललाकर पराण	G1606	grc:1606	fertility	1.0	2	eflomal
चिललाकर रोने	H1058	hbo:1058	fertility	1.0	4	eflomal
चुंगी चौकी	G5058	grc:5058	fertility	1.0	2	eflomal
चुंगी लेनेवाला	G5057	grc:5057	fertility	1.0	2	eflomal
चुंगी लेनेवाले	G5057	grc:5057	fertility	1.0	10	eflomal
चुंगी लेनेवालों	G5057	grc:5057	fertility	1.0	8	eflomal
चुने हुओं	G1588	grc:1588	fertility	1.0	8	eflomal
चूना पोतना	H7875	hbo:7875	fertility	1.0	2	eflomal
चेतावनी दी	G1291	grc:1291	fertility	1.0	2	eflomal
चेतावनी पाकर	G5537	grc:5537	fertility	1.0	2	eflomal
चोरी देना	G2813	grc:2813	fertility	1.0	3	eflomal
चौंक उठा	H3364	hbo:3364	fertility	1.0	2	eflomal
चौकस रहो	G0991	grc:991	fertility	1.0	7	eflomal
चौडाई की	H7341	hbo:7341	fertility	1.0	8	eflomal
चौडाई बराबर	H7341	hbo:7341	fertility	1.0	4	eflomal
चौथाई देश राजा	G5076	grc:5076	fertility	1.0	2	eflomal
चौथे महीने	H2320	hbo:2320	fertility	1.0	2	eflomal
छाती पीटकर	H5594	hbo:5594	fertility	1.0	2	eflomal
छाती पीटने	H5594	hbo:5594	fertility	1.0	4	eflomal
छावनी करके	H2583	hbo:2583	fertility	1.0	2	eflomal
छावनी किए	H2583	hbo:2583	fertility	1.0	2	eflomal
छावनी डाली	H2583	hbo:2583	fertility	1.0	8	eflomal
छिनाले कमाई	H0868	hbo:0868	fertility	1.0	3	eflomal
छुडानेवाला कुटुमबी	H1350	hbo:1350	fertility	1.0	2	eflomal
छुडानेवाले कुटुमबी	H1350	hbo:1350	fertility	1.0	4	eflomal
छुरियाँ बनवाकर	H2719	hbo:2719	fertility	1.0	2	eflomal
छोटी नाव	G4142	grc:4142	fertility	1.0	2	eflomal
छोटी पुसतक	G0974	grc:974	fertility	1.0	2	eflomal
छोटी मछलियाँ	G2485	grc:2485	fertility	1.0	2	eflomal
छोटे छोटा	G3398	grc:3398	fertility	1.0	3	eflomal
जंगली गदहे	H6501	hbo:6501	fertility	1.0	5	eflomal
जंगली गदहों	H6501	hbo:6501	fertility	1.0	2	eflomal
जंगली दाने	G2215	grc:2215	fertility	1.0	3	eflomal
जंगली दाने पौधे	G2215	grc:2215	fertility	1.0	3	eflomal
जंगली साँड	H7214	hbo:7214	fertility	1.0	5	eflomal
जंजीर जकडा	G0254	grc:254	fertility	1.0	2	eflomal
जंजीरों बेडियों	G0254	grc:254	fertility	1.0	2	eflomal
जनतु रेंगते	H7430	hbo:7430	fertility	1.0	2	eflomal
जबदी पुतर	G2199	grc:2199	fertility	1.0	4	eflomal
जबरन निकाल	H5080	hbo:5080	fertility	1.0	4	eflomal
जयजयकार करें	H7442	hbo:7442	fertility	1.0	3	eflomal
जयजयकार करेंगे	H7442	hbo:7442	fertility	1.0	7	eflomal
जयजयकार करो	H7442	hbo:7442	fertility	1.0	3	eflomal
जलने धुआँ	G2586	grc:2586	fertility	1.0	2	eflomal
जवान सतरियों	G3501	grc:3501	fertility	1.0	2	eflomal
जवान सिंह	H3715	hbo:3715	fertility	1.0	10	eflomal
जवान सिंहों	H3715	hbo:3715	fertility	1.0	8	eflomal
जहाँ परदेशी होकर	H4033	hbo:4033	fertility	1.0	2	eflomal
जहाज खोलकर	G0321	grc:321	fertility	1.0	5	eflomal
जाएँगी भूमि	H0127	hbo:0127	fertility	1.0	2	eflomal
जाकर मोल	H7666	hbo:7666	fertility	1.0	2	eflomal
जाति दूसरी	H1471	hbo:1471	fertility	1.0	2	eflomal
जाति लोगों	H5971	hbo:5971	fertility	1.0	3	eflomal
जातियाँ कहेंगी	H1471	hbo:1471	fertility	1.0	2	eflomal
जातियों देशों	H1471	hbo:1471	fertility	1.0	3	eflomal
जातियों बीच	H1471	hbo:1471	fertility	1.0	3	eflomal
जानता कब	H3045	hbo:3045	fertility	1.0	2	eflomal
जानता कि	H3045	hbo:3045	fertility	1.0	11	eflomal
जानता तू	G1492	grc:1492	fertility	1.0	3	eflomal
जानता मैं	G1492	grc:1492	fertility	1.0	4	eflomal
जानते तू	G1492	grc:1492	fertility	1.0	3	eflomal
जानते हम	G1492	grc:1492	fertility	1.0	4	eflomal
जाने चला	H1980	hbo:1980	fertility	1.0	2	eflomal
जाने दो	G0863	grc:863	fertility	1.0	2	eflomal
जितने जितने	H3605	hbo:3605	fertility	1.0	2	eflomal
जितने पुरुष	H8435	hbo:8435	fertility	1.0	2	eflomal
जितने सब	H3605	hbo:3605	fertility	1.0	4	eflomal
जितने सभी	H3605	hbo:3605	fertility	1.0	2	eflomal
जिनकी थाह लगती इतने	H2714	hbo:2714	fertility	1.0	2	eflomal
जिनकी वंशावली	H3187	hbo:3187	fertility	1.0	3	eflomal
जिनके पास	G2192	grc:2192	fertility	1.0	6	eflomal
जिनमें दुषटातमाएँ थीं	G1139	grc:1139	fertility	1.0	3	eflomal
जिनसे कुल चला	H4940	hbo:4940	fertility	1.0	2	eflomal
जिनसे वंशावली	H8435	hbo:8435	fertility	1.0	2	eflomal
जिसका मृतयु	G2288	grc:2288	fertility	1.0	3	eflomal
जिसके बाल झड	H4803	hbo:4803	fertility	1.0	2	eflomal
जिसने भेजा	G3992	grc:3992	fertility	1.0	2	eflomal
जिसमें दुषटातमा	G1139	grc:1139	fertility	1.0	3	eflomal
जिसमें दुषटातमाएँ थीं	G1139	grc:1139	fertility	1.0	2	eflomal
जिसमें दूध	H2461	hbo:2461	fertility	1.0	11	eflomal
जिसमें परदेशी	H4033	hbo:4033	fertility	1.0	2	eflomal
जीते जी	G2198	grc:2198	fertility	1.0	5	eflomal
जीवन बिताएँ	G2198	grc:2198	fertility	1.0	3	eflomal
जीवन मिलता	H2416	hbo:2416	fertility	1.0	3	eflomal
जीवनलोक भय उपजाते	H2851	hbo:2851	fertility	1.0	2	eflomal
जीवित छोडा	H7604	hbo:7604	fertility	1.0	10	eflomal
जीवित बचेगा	H2421	hbo:2421	fertility	1.0	5	eflomal
जीवित रहूँ	H2421	hbo:2421	fertility	1.0	3	eflomal
जूती पहने	H5275	hbo:5275	fertility	1.0	3	eflomal
जेठा पुतर	H1060	hbo:1060	fertility	1.0	3	eflomal
जेठे अधिकार	H1062	hbo:1062	fertility	1.0	2	eflomal
जैतून वृकष	H2132	hbo:2132	fertility	1.0	7	eflomal
झणडा खडा	H5251	hbo:5251	fertility	1.0	5	eflomal
झणडा खडा करो	H5251	hbo:5251	fertility	1.0	2	eflomal
झरोखे खोले	H0699	hbo:0699	fertility	1.0	2	eflomal
झाडी कथा	G0942	grc:942	fertility	1.0	2	eflomal
झिलम निचले वसतर	H8302	hbo:8302a	fertility	1.0	2	eflomal
झुककर दणडवत	H7812	hbo:7812a	fertility	1.0	4	eflomal
झुकाकर दणडवत	H7812	hbo:7812a	fertility	1.0	4	eflomal
झुणड झुणड ठहराए	H6961	hbo:6961a	fertility	1.0	2	eflomal
झूठ बोलनेवाली बैठाई	H8267	hbo:8267	fertility	1.0	2	eflomal
झूठा भविषयदवकता	G5578	grc:5578	fertility	1.0	3	eflomal
झूठी करते	H8267	hbo:8267	fertility	1.0	2	eflomal
झूठे भविषयदवकता	G5578	grc:5578	fertility	1.0	2	eflomal
झूठे भविषयदवकता खडे	G5578	grc:5578	fertility	1.0	2	eflomal
झूठे भविषयदवकताओं	G5578	grc:5578	fertility	1.0	2	eflomal
झूठे मसीह	G5578	grc:5578	fertility	1.0	2	eflomal
टककरें लगीं	G4154	grc:4154	fertility	1.0	2	eflomal
टालकर बलवा	H4784	hbo:4784	fertility	1.0	2	eflomal
टिडडियाँ कीडे	H0697	hbo:0697	fertility	1.0	3	eflomal
टिडडियाँ वनमधु	G0200	grc:200	fertility	1.0	2	eflomal
टुकडा डुबोकर	G5596	grc:5596	fertility	1.0	2	eflomal
टुकडे चाँदी	H3701	hbo:3701	fertility	1.0	8	eflomal
टुकडे टुकडे काटकर	H5408	hbo:5408	fertility	1.0	2	eflomal
टुकडे रूपे	H3701	hbo:3701	fertility	1.0	2	eflomal
टुकडों भरकर	G2801	grc:2801	fertility	1.0	2	eflomal
टेढी चलता	H6140	hbo:6140	fertility	1.0	2	eflomal
टोकरियाँ उठाई	G2894	grc:2894	fertility	1.0	3	eflomal
टोकरे उठाए	G4711	grc:4711	fertility	1.0	2	eflomal
ठटठा करनेवाला	H3887	hbo:3887a	fertility	1.0	5	eflomal
ठहराया नंगा	G1131	grc:1131	fertility	1.0	2	eflomal
ठोकर खाकर	H3782	hbo:3782	fertility	1.0	5	eflomal
ठोकर खाकर गिर	H3782	hbo:3782	fertility	1.0	2	eflomal
ठोकर खाकर गिरते	H3782	hbo:3782	fertility	1.0	2	eflomal
ठोकर खाकर गिरेंगे	H3782	hbo:3782	fertility	1.0	4	eflomal
ठोकर खाने	G4625	grc:4625	fertility	1.0	3	eflomal
ठोकर खिलाए	G4624	grc:4624	fertility	1.0	8	eflomal
ठोकर खिलाएँ	G4624	grc:4624	fertility	1.0	2	eflomal
डंडों खानों	H0905	hbo:0905a	fertility	1.0	2	eflomal
डेरे खडे	H2583	hbo:2583	fertility	1.0	24	eflomal
डेरे खडे किए	H2583	hbo:2583	fertility	1.0	12	eflomal
डेरे डाले	H2583	hbo:2583	fertility	1.0	31	eflomal
ढलती छाया	H6738	hbo:6738	fertility	1.0	2	eflomal
ढाढस बाँधो	G2114	grc:2114	fertility	1.0	2	eflomal
तंतरियों कसदियों	H3779	hbo:3779	fertility	1.0	2	eflomal
तकोई इककेश	H8621	hbo:8621	fertility	1.0	3	eflomal
तडके उठकर	H7925	hbo:7925	fertility	1.0	2	eflomal
तपत होकर जाएँगे	G2741	grc:2741	fertility	1.0	2	eflomal
तराई कहलाएगी	H1516	hbo:1516	fertility	1.0	2	eflomal
तलवार खींचे	H2719	hbo:2719	fertility	1.0	3	eflomal
तलवार घात	H2719	hbo:2719	fertility	1.0	3	eflomal
तलवार चलवाऊँगा	H2719	hbo:2719	fertility	1.0	3	eflomal
तलवार चलवाकर	H2719	hbo:2719	fertility	1.0	2	eflomal
तलवार चलाऊँगा	H2719	hbo:2719	fertility	1.0	2	eflomal
तलवार चलाने	H2719	hbo:2719	fertility	1.0	4	eflomal
तलवार चलेगी	H2719	hbo:2719	fertility	1.0	7	eflomal
तलवार मारी	H2719	hbo:2719	fertility	1.0	2	eflomal
तलवार मारे	H2719	hbo:2719	fertility	1.0	3	eflomal
तलवारें लाठियाँ	G3162	grc:3162	fertility	1.0	5	eflomal
तलससार एदेनी	H5729	hbo:5729	fertility	1.0	2	eflomal
ताजे तेल	H3323	hbo:3323	fertility	1.0	3	eflomal
ताडना देता	H3256	hbo:3256	fertility	1.0	4	eflomal
ताने बाने	H8359	hbo:8359	fertility	1.0	6	eflomal
ताला लगा	H5274	hbo:5274	fertility	1.0	2	eflomal
ताली बजाएगा	H8319	hbo:8319	fertility	1.0	2	eflomal
ताली बजाते	H8319	hbo:8319	fertility	1.0	2	eflomal
तितर बितर रहते	G1290	grc:1290	fertility	1.0	3	eflomal
तीसरी बार	G5154	grc:5154	fertility	1.0	6	eflomal
तुचछ जानती	H0936	hbo:0936	fertility	1.0	2	eflomal
तुचछ जानी	H0959	hbo:0959	fertility	1.0	3	eflomal
तुझे शानति मिलती रहे	G1515	grc:1515	fertility	1.0	2	eflomal
तुमहारा उदधार	G4982	grc:4982	fertility	1.0	3	eflomal
तुमहारा कचचा	H2865	hbo:2865	fertility	1.0	2	eflomal
तुमहारा विचार	G5426	grc:5426	fertility	1.0	2	eflomal
तुरहियां बजा	H2689	hbo:2689	fertility	1.0	2	eflomal
तुरहियां बजाते	H2689	hbo:2689	fertility	1.0	2	eflomal
तुरही फूँकी	G4537	grc:4537	fertility	1.0	8	eflomal
तुरही बजानेवाले	H2689	hbo:2689	fertility	1.0	2	eflomal
तूने निनदा	H2778	hbo:2778	fertility	1.0	2	eflomal
तूने नींव	H3245	hbo:3245	fertility	1.0	2	eflomal
तृपत करूँगा	H7646	hbo:7646	fertility	1.0	2	eflomal
तृपत होगे	H7646	hbo:7646	fertility	1.0	2	eflomal
तृषणा बुझी	H7646	hbo:7646	fertility	1.0	2	eflomal
तेरा कचचा हो	H2865	hbo:2865	fertility	1.0	4	eflomal
तेरा सहायक	H5828	hbo:5828	fertility	1.0	2	eflomal
तैयार कराए	H3559	hbo:3559	fertility	1.0	2	eflomal
तैयार किए	H4806	hbo:4806	fertility	1.0	4	eflomal
तैयारी दिन	G3904	grc:3904	fertility	1.0	3	eflomal
तोपेत इतनी कबरें होंगी	H8612	hbo:8612	fertility	1.0	2	eflomal
थपपड मारे	G4475	grc:4475	fertility	1.0	2	eflomal
दकषिण ओर	H5045	hbo:5045	fertility	1.0	8	eflomal
दकषिण दिशा	H5045	hbo:5045	fertility	1.0	4	eflomal
दकषिण देश	H5045	hbo:5045	fertility	1.0	26	eflomal
दकषिणी ओर	H5045	hbo:5045	fertility	1.0	2	eflomal
दरशन देखा	H2377	hbo:2377	fertility	1.0	2	eflomal
दरशन बात	H2377	hbo:2377	fertility	1.0	3	eflomal
दरोह गोषठी	H7194	hbo:7194	fertility	1.0	2	eflomal
दवार चौखट	H4201	hbo:4201	fertility	1.0	2	eflomal
दवीपों लाए	H0339	hbo:0339	fertility	1.0	2	eflomal
दशमांश अवशय	H6237	hbo:6237	fertility	1.0	2	eflomal
दाँत पीसता	H8127	hbo:8127	fertility	1.0	2	eflomal
दाँवने हथियार	H4173	hbo:4173	fertility	1.0	2	eflomal
दाखमधु पीकर	H3196	hbo:3196	fertility	1.0	6	eflomal
दाखरस कुणड	H3342	hbo:3342	fertility	1.0	2	eflomal
दाहिना हाथ	H3225	hbo:3225	fertility	1.0	10	eflomal
दाहिनी ओर	H3225	hbo:3225	fertility	1.0	2	eflomal
दाहिनी विराजमान	G1188	grc:1188	fertility	1.0	2	eflomal
दिखाया देखता	H7200	hbo:7200	fertility	1.0	2	eflomal
दिन उतने दिन	H3117	hbo:3117	fertility	1.0	3	eflomal
दिनों बीतने	H3117	hbo:3117	fertility	1.0	2	eflomal
दिनों भाँति	H3117	hbo:3117	fertility	1.0	2	eflomal
दीपक जलता	H5216	hbo:5216	fertility	1.0	2	eflomal
दुःख उठाएगा	G3958	grc:3958	fertility	1.0	3	eflomal
दुःख उठाओ	G3958	grc:3958	fertility	1.0	2	eflomal
दुःख उठाकर	G3958	grc:3958	fertility	1.0	3	eflomal
दुःख उठाया	G3958	grc:3958	fertility	1.0	7	eflomal
दुरगनध आने	H0887	hbo:0887	fertility	1.0	3	eflomal
दुरबल कुडौल	H7534	hbo:7534	fertility	1.0	3	eflomal
दुषट जन	H7563	hbo:7563	fertility	1.0	10	eflomal
दुषट जाता	H7563	hbo:7563	fertility	1.0	2	eflomal
दुषट होता	H7563	hbo:7563	fertility	1.0	3	eflomal
दुषटों जाता	H7563	hbo:7563	fertility	1.0	3	eflomal
दुहाई देनेवाले असहाय	H7768	hbo:7768	fertility	1.0	2	eflomal
दूँ इसमें सममति देते	H3289	hbo:3289	fertility	1.0	2	eflomal
दृषटि पाए	G0308	grc:308	fertility	1.0	2	eflomal
देकर शराप	H7045	hbo:7045	fertility	1.0	6	eflomal
देखकर देखो	G3708	grc:3708	fertility	1.0	2	eflomal
देखते देखें	G0991	grc:991	fertility	1.0	2	eflomal
देखने लगा	G0308	grc:308	fertility	1.0	3	eflomal
देखने लगूँ	G0308	grc:308	fertility	1.0	2	eflomal
देगा धनय	H1288	hbo:1288	fertility	1.0	2	eflomal
देवताओं देवताओं	H0430	hbo:0430	fertility	1.0	2	eflomal
देश देश लोगों	H5971	hbo:5971	fertility	1.0	6	eflomal
देशों उजाडा	H0776	hbo:0776	fertility	1.0	2	eflomal
देशों लोग	H5971	hbo:5971	fertility	1.0	4	eflomal
देशों लोगों	H5971	hbo:5971	fertility	1.0	16	eflomal
दोषी ठहराएँगे	G2632	grc:2632	fertility	1.0	2	eflomal
दोषी ठहराएगी	G2632	grc:2632	fertility	1.0	2	eflomal
दोषी ठहरेंगे	H0816	hbo:0816	fertility	1.0	3	eflomal
दोषी ठहरेगा	H0816	hbo:0816	fertility	1.0	4	eflomal
धधकती आग	H0784	hbo:0784	fertility	1.0	2	eflomal
धधकते हुए	H5135	hbo:5135	fertility	1.0	2	eflomal
धन समपतति	H2428,H6239,H7399	hbo:2428,hbo:6239,hbo:7399	phrasal	1.0	28	eflomal;gloss
धनधा करनेवाले	G1038	grc:1038	fertility	1.0	2	eflomal
धनयवाद करूँगा	H3034	hbo:3034	fertility	1.0	5	eflomal
धनयवाद करो	H3034	hbo:3034	fertility	1.0	12	eflomal
धनयवाद बलि	H8426	hbo:8426	fertility	1.0	3	eflomal
धयान देकर	H7181	hbo:7181	fertility	1.0	4	eflomal
धयान देखते	H2372	hbo:2372	fertility	1.0	2	eflomal
धयान धरकर	H7181	hbo:7181	fertility	1.0	2	eflomal
धयान सुने	H7181	hbo:7181	fertility	1.0	2	eflomal
धरमियों है	H6662	hbo:6662	fertility	1.0	5	eflomal
धरमी जन	G1342	grc:1342	fertility	1.0	5	eflomal
धरमी ठहर	H6663	hbo:6663	fertility	1.0	2	eflomal
धरमी ठहरता	G1344	grc:1344	fertility	1.0	3	eflomal
धरमी ठहरना	G1344	grc:1344	fertility	1.0	2	eflomal
धरमी ठहरे	G1344	grc:1344	fertility	1.0	3	eflomal
धरमी ठहरेगा	G1344	grc:1344	fertility	1.0	2	eflomal
धरमी निशचय	H6662	hbo:6662	fertility	1.0	2	eflomal
धरमी है	H6662	hbo:6662	fertility	1.0	6	eflomal
धातु मैल	H5509	hbo:5509	fertility	1.0	2	eflomal
धारा चलेंगे	H5102	hbo:5102	fertility	1.0	2	eflomal
धाराएँ बहती	H2100	hbo:2100	fertility	1.0	10	eflomal
धीरज धर	G3114	grc:3114	fertility	1.0	2	eflomal
धीरज धरकर	G3115	grc:3115	fertility	1.0	2	eflomal
धीरज धरे	G5278	grc:5278	fertility	1.0	2	eflomal
धीरज धरो	G3114	grc:3114	fertility	1.0	2	eflomal
धैरय रख	G2293	grc:2293	fertility	1.0	4	eflomal
धैरय रखो	G2293	grc:2293	fertility	1.0	2	eflomal
नंगे पाँव	H3182	hbo:3182	fertility	1.0	2	eflomal
नकलें परानतों	H4082	hbo:4082	fertility	1.0	2	eflomal
नकेल डालकर	H2397	hbo:2397	fertility	1.0	5	eflomal
नपुए जौ	H8184	hbo:8184	fertility	1.0	2	eflomal
नबिया थी	H5031	hbo:5031	fertility	1.0	2	eflomal
नमसकार कहते	G0782	grc:782	fertility	1.0	4	eflomal
नयाय आसन	G0968	grc:968	fertility	1.0	7	eflomal
नयाय करेगा	H8199	hbo:8199	fertility	1.0	2	eflomal
नये चाँद दिनों	H2320	hbo:2320	fertility	1.0	3	eflomal
नये दाखमधु टटके	H8492	hbo:8492	fertility	1.0	4	eflomal
नरसिंगे फूँककर	H7782	hbo:7782	fertility	1.0	2	eflomal
नातान नातान	H5416	hbo:5416	fertility	1.0	2	eflomal
नातान समझा	H5416	hbo:5416	fertility	1.0	2	eflomal
नाती पोतों	H1121	hbo:1121	fertility	1.0	2	eflomal
नाना परकार	G4164	grc:4164	fertility	1.0	6	eflomal
नामक घाटी	H5158	hbo:5158	fertility	1.0	2	eflomal
नामक घृणित	H8251	hbo:8251	fertility	1.0	3	eflomal
नामक नाले	H5158	hbo:5158	fertility	1.0	2	eflomal
नामक पुतर	H1121	hbo:1121	fertility	1.0	3	eflomal
नामाती सोपर	H6691	hbo:6691	fertility	1.0	4	eflomal
नामाह थी	H5279	hbo:5279	fertility	1.0	2	eflomal
निकट कुटुमबिनी	H7607	hbo:7607	fertility	1.0	4	eflomal
निकट पहुँचा	G1448	grc:1448	fertility	1.0	6	eflomal
निकममा जाना	H3988	hbo:3988	fertility	1.0	3	eflomal
निकममा ठहराया	G0593	grc:593	fertility	1.0	4	eflomal
निकममी जाना	H3988	hbo:3988	fertility	1.0	2	eflomal
निकल आए	H3318	hbo:3318	fertility	1.0	6	eflomal
निकल आया	H3318	hbo:3318	fertility	1.0	2	eflomal
निकालकर आया	H3318	hbo:3318	fertility	1.0	2	eflomal
निचली कुरसी	H5835	hbo:5835	fertility	1.0	2	eflomal
निडर रहेंगे	H0983	hbo:0983	fertility	1.0	5	eflomal
नियत दिन	H3117	hbo:3117	fertility	1.0	2	eflomal
नियत परव	H4150	hbo:4150	fertility	1.0	6	eflomal
नियत परवों	H4150	hbo:4150	fertility	1.0	8	eflomal
नियत समयों	H4150	hbo:4150	fertility	1.0	11	eflomal
निरदेश देकर	G3853	grc:3853	fertility	1.0	2	eflomal
निरदोष ठहरता	H5352	hbo:5352	fertility	1.0	3	eflomal
निरदोष ठहराएगा	H5352	hbo:5352	fertility	1.0	5	eflomal
निवास ठहराने	H7931	hbo:7931	fertility	1.0	2	eflomal
निवास तमबू	H4908	hbo:4908	fertility	1.0	2	eflomal
निशचय मर	H4191	hbo:4191	fertility	1.0	2	eflomal
निशचय मरेगा	H4191	hbo:4191	fertility	1.0	4	eflomal
निशचय मार	H4191	hbo:4191	fertility	1.0	5	eflomal
निशचय मार डाला जाए	H4191	hbo:4191	fertility	1.0	8	eflomal
नीचे उतर	H3381	hbo:3381	fertility	1.0	4	eflomal
नीचे देश	H8219	hbo:8219	fertility	1.0	5	eflomal
नीचेवाले घेरे	H7757	hbo:7757	fertility	1.0	4	eflomal
नीले नीले	H8504	hbo:8504	fertility	1.0	2	eflomal
ने आजञा दी	H6680	hbo:6680	fertility	1.0	51	eflomal
नौकर चाकरों	G2322	grc:2322	fertility	1.0	2	eflomal
पंखों रख	H3671	hbo:3671	fertility	1.0	2	eflomal
पकके बाल	H7872	hbo:7872	fertility	1.0	2	eflomal
पकके बाल वाले	H7872	hbo:7872	fertility	1.0	4	eflomal
पकडनेवाले बनाऊँगा	G0231	grc:231	fertility	1.0	2	eflomal
पकषियों बसेरे	G4071	grc:4071	fertility	1.0	2	eflomal
पडेगा दुलहे	H2860	hbo:2860	fertility	1.0	2	eflomal
पतनी विवाह	G1135	grc:1135	fertility	1.0	3	eflomal
पतरी हिजकिययाह	H2396	hbo:2396a	fertility	1.0	2	eflomal
पयास बुझाने	H6772	hbo:6772	fertility	1.0	2	eflomal
पर दया करूँगा	H7355	hbo:7355	fertility	1.0	3	eflomal
पर दोष लगाते	G2723	grc:2723	fertility	1.0	4	eflomal
पर दोष लगाने	G2723	grc:2723	fertility	1.0	5	eflomal
परकार काज	H4399	hbo:4399	fertility	1.0	4	eflomal
परगट होने	G2015	grc:2015	fertility	1.0	2	eflomal
परचणड वायु	H7307	hbo:7307	fertility	1.0	2	eflomal
परजा लोग	H5971	hbo:5971	fertility	1.0	14	eflomal
परतिफल देगा	G0591	grc:591	fertility	1.0	4	eflomal
परतिमाएँ जाएँगी	H2553	hbo:2553	fertility	1.0	2	eflomal
परदे लटका	H4539	hbo:4539	fertility	1.0	2	eflomal
परदेश चला	G0589	grc:589	fertility	1.0	2	eflomal
परदेशी होकर रहने	H1481	hbo:1481	fertility	1.0	4	eflomal
परधान याजकों	G0749	grc:749	fertility	1.0	45	eflomal
परनतु धयान	H7878	hbo:7878	fertility	1.0	2	eflomal
परनतु धरमी	H6662	hbo:6662	fertility	1.0	2	eflomal
परनतु मन	H3820	hbo:3820	fertility	1.0	2	eflomal
परभाव डालती	G1754	grc:1754	fertility	1.0	2	eflomal
परभुता करनेवालों	H4910	hbo:4910	fertility	1.0	2	eflomal
परमपरधान परमेशवर	H0426	hbo:0426	fertility	1.0	2	eflomal
परवत परवत	H2022	hbo:2022	fertility	1.0	2	eflomal
परसनन होऊँगा	H7521	hbo:7521	fertility	1.0	4	eflomal
पराए कुल	H2114	hbo:2114b	fertility	1.0	3	eflomal
पराण छूट	H1478	hbo:1478	fertility	1.0	7	eflomal
पराण पराण	H5315	hbo:5315	fertility	1.0	2	eflomal
पराण बचाने	H5315	hbo:5315	fertility	1.0	2	eflomal
परायशचित करे	H3722	hbo:3722	fertility	1.0	25	eflomal
परायशचित जाए	H3722	hbo:3722	fertility	1.0	3	eflomal
परायशचित ढकने	H3727	hbo:3727	fertility	1.0	11	eflomal
परायशचितवाले ढकने	H3727	hbo:3727	fertility	1.0	4	eflomal
परिय जानता	G5368	grc:5368	fertility	1.0	2	eflomal
परिय जाना	G0025	grc:25	fertility	1.0	2	eflomal
परिय बालकों	G5040	grc:5040	fertility	1.0	3	eflomal
परिशरम करानेवालों	H5065	hbo:5065	fertility	1.0	3	eflomal
परिशरम किया	H5998	hbo:5998	fertility	1.0	2	eflomal
परीति परीति	H2617	hbo:2617	fertility	1.0	2	eflomal
परीति रखता	H0157	hbo:0157	fertility	1.0	24	eflomal
परीति रखते	H0157	hbo:0157	fertility	1.0	2	eflomal
परीति रखनेवालों	H0157	hbo:0157	fertility	1.0	2	eflomal
परेम रख	G0025	grc:25	fertility	1.0	3	eflomal
परेम रखती	H0157	hbo:0157	fertility	1.0	4	eflomal
परेम रखना	H0157	hbo:0157	fertility	1.0	4	eflomal
परेम रखने	H0157	hbo:0157	fertility	1.0	2	eflomal
परेम रखा	G0025	grc:25	fertility	1.0	6	eflomal
परेम रखें	G0025	grc:25	fertility	1.0	2	eflomal
परेम रखेगा	G0025	grc:25	fertility	1.0	4	eflomal
परेम रखो	G0025	grc:25	fertility	1.0	8	eflomal
पवितर करनेवाला	H6942	hbo:6942	fertility	1.0	10	eflomal
पवितर करो	H6942	hbo:6942	fertility	1.0	4	eflomal
पवितर किए	G0037	grc:37	fertility	1.0	6	eflomal
पवितर ठहराना	H6942	hbo:6942	fertility	1.0	2	eflomal
पवितर ठहराया	H6942	hbo:6942	fertility	1.0	4	eflomal
पवितर ठहरें	H6942	hbo:6942	fertility	1.0	2	eflomal
पवितर रहो	H6918	hbo:6918	fertility	1.0	2	eflomal
पवितर वसतु	H6944	hbo:6944	fertility	1.0	3	eflomal
पवितर वसतुओं	H6944	hbo:6944	fertility	1.0	8	eflomal
पवितरशासतर वचन	G1124	grc:1124	fertility	1.0	4	eflomal
पशचिम समुदर	H3220	hbo:3220	fertility	1.0	3	eflomal
पहने सचेत	G2439	grc:2439	fertility	1.0	2	eflomal
पहरुओं सरदारों	G4755	grc:4755	fertility	1.0	2	eflomal
पहरेवाली कोठरियाँ	H8372	hbo:8372	fertility	1.0	6	eflomal
पहला फल	G0536	grc:536	fertility	1.0	4	eflomal
पहली वाचा	G4413	grc:4413	fertility	1.0	3	eflomal
पहले कह	G4302	grc:4302	fertility	1.0	2	eflomal
पहले गुँधे	H6182	hbo:6182	fertility	1.0	2	eflomal
पहलौठे अधिकार	H1062	hbo:1062	fertility	1.0	3	eflomal
पहाडी देश	H2022	hbo:2022	fertility	1.0	41	eflomal
पहुँचा तब	H0935	hbo:0935	fertility	1.0	2	eflomal
पहेली अरथ	H2420	hbo:2420	fertility	1.0	3	eflomal
पाँच हजार	G4000	grc:4000	fertility	1.0	4	eflomal
पाँति बाँधी	H6186	hbo:6186	fertility	1.0	8	eflomal
पाँव उघाड	H4772	hbo:4772	fertility	1.0	2	eflomal
पाँव फैलाए सोते	H5628	hbo:5628	fertility	1.0	2	eflomal
पाओगे दाख	H3754	hbo:3754	fertility	1.0	2	eflomal
पाट गले लटकाया	G5137	grc:5137	fertility	1.0	2	eflomal
पानी पीने	H8354	hbo:8354	fertility	1.0	2	eflomal
पानी बरसा	H4306	hbo:4306	fertility	1.0	2	eflomal
पानी भर	H7579	hbo:7579	fertility	1.0	3	eflomal
पानी समाता	H3557	hbo:3557	fertility	1.0	2	eflomal
पाप छुडाकर पावन	H2398	hbo:2398	fertility	1.0	3	eflomal
पाला पोसा	H4806	hbo:4806	fertility	1.0	2	eflomal
पिछले होंगे	G2078	grc:2078	fertility	1.0	2	eflomal
पिरातोनी हिललेल	H6553	hbo:6553	fertility	1.0	2	eflomal
पीछे हीन	H1969	hbo:1969	fertility	1.0	2	eflomal
पीछे हो	G0190	grc:190	fertility	1.0	40	eflomal
पीढी तक	H1755	hbo:1755	fertility	1.0	3	eflomal
पीसकर बुकनी	H1854	hbo:1854	fertility	1.0	2	eflomal
पीहहीरोत बाल सपोन	H6367	hbo:6367	fertility	1.0	2	eflomal
पुतर उतपनन	H3205	hbo:3205	fertility	1.0	6	eflomal
पुतर वंश	H1121	hbo:1121	fertility	1.0	2	eflomal
पुनरुतथान जी	G0386	grc:386	fertility	1.0	2	eflomal
पुसतक दी	H5612	hbo:5612	fertility	1.0	2	eflomal
पुसतक लिखकर	H5612	hbo:5612	fertility	1.0	2	eflomal
पूछा ने	H7592	hbo:7592	fertility	1.0	2	eflomal
पूछा हे	G3004	grc:3004	fertility	1.0	2	eflomal
पूरव ओर	H4217	hbo:4217	fertility	1.0	11	eflomal
पृथवी देश देश	H0776	hbo:0776	fertility	1.0	2	eflomal
पृथवी पृथवी	H0776	hbo:0776	fertility	1.0	3	eflomal
पैबनद पुराने	G3820	grc:3820	fertility	1.0	3	eflomal
पोदीने दसवाँ अंश	G0586	grc:586	fertility	1.0	2	eflomal
फलदाई बारियों	H3759	hbo:3759	fertility	1.0	3	eflomal
फाटक पास	H8179	hbo:8179	fertility	1.0	2	eflomal
फाटक फाटक	H8179	hbo:8179	fertility	1.0	5	eflomal
फाडनेवाले भेडिए	G3074	grc:3074	fertility	1.0	2	eflomal
फुलके पपडियाँ	H7550	hbo:7550	fertility	1.0	2	eflomal
फूटकर निकली	H6524	hbo:6524	fertility	1.0	2	eflomal
फूले फलेगा	H6524	hbo:6524	fertility	1.0	2	eflomal
फूलो फलो	H6509	hbo:6509	fertility	1.0	2	eflomal
फेंक जाएँगे	H7993	hbo:7993	fertility	1.0	2	eflomal
फेंक दिया	H7993	hbo:7993	fertility	1.0	10	eflomal
बकरियाँ बैल	H1241	hbo:1241	fertility	1.0	2	eflomal
बकरी बचचा	H1423	hbo:1423	fertility	1.0	3	eflomal
बडा भोज तैयार	G3448	grc:3448	fertility	1.0	2	eflomal
बडाई अधिक	H1431	hbo:1431	fertility	1.0	2	eflomal
बडाई करो	H1984	hbo:1984a	fertility	1.0	2	eflomal
बडाई मारी	H1431	hbo:1431	fertility	1.0	4	eflomal
बदला दे	H7999	hbo:7999	fertility	1.0	2	eflomal
बनदी बना	H7617	hbo:7617	fertility	1.0	3	eflomal
बनदीगृह डालो	H3608	hbo:3608	fertility	1.0	2	eflomal
बनदीगृह बदल	H3608	hbo:3608	fertility	1.0	2	eflomal
बनधक रखना	H2254	hbo:2254	fertility	1.0	2	eflomal
बनधु कंगाल	H4134	hbo:4134	fertility	1.0	2	eflomal
बनाकर बाबेल	H0894	hbo:0894	fertility	1.0	2	eflomal
बपतिसमा देनेवाला	G0910	grc:910	fertility	1.0	6	eflomal
बपतिसमा देनेवाले	G0910	grc:910	fertility	1.0	6	eflomal
बपतिसमा पाओगे	G0907	grc:907	fertility	1.0	2	eflomal
बबूल बनवाना	H7848	hbo:7848	fertility	1.0	2	eflomal
बरबस निकाल	H1644	hbo:1644	fertility	1.0	3	eflomal
बल गिर पडा	H5307	hbo:5307	fertility	1.0	2	eflomal
बल गिरकर दणडवत	H7812	hbo:7812a	fertility	1.0	5	eflomal
बलवनत घोडों	H0047	hbo:0047	fertility	1.0	2	eflomal
बलवनत भुजा	H2220	hbo:2220	fertility	1.0	2	eflomal
बलवा करनेवाले	H4805	hbo:4805	fertility	1.0	8	eflomal
बलवा किया	H4784	hbo:4784	fertility	1.0	6	eflomal
बलसान औषधि	H6875	hbo:6875	fertility	1.0	3	eflomal
बहुत थोडे	H4592	hbo:4592	fertility	1.0	2	eflomal
बहुत बढाऊँगा	H7235	hbo:7235	fertility	1.0	2	eflomal
बहुत रहने	H0748	hbo:0748	fertility	1.0	3	eflomal
बहूरीमी अजमावेत	H5820	hbo:5820	fertility	1.0	2	eflomal
बाँग दी	G0220	grc:220	fertility	1.0	4	eflomal
बाँग देगा	G0220	grc:220	fertility	1.0	2	eflomal
बाँध दृढ	H0553	hbo:0553	fertility	1.0	5	eflomal
बाँधी वाचा	H1285	hbo:1285	fertility	1.0	2	eflomal
बाँस चौडा	H7341	hbo:7341	fertility	1.0	5	eflomal
बाँस चौडी	H7341	hbo:7341	fertility	1.0	2	eflomal
बाँस भर	H7070	hbo:7070	fertility	1.0	3	eflomal
बाँस लमबा	H0753	hbo:0753	fertility	1.0	2	eflomal
बाँसुरी बजाते	H2485	hbo:2485	fertility	1.0	2	eflomal
बाईं ओर	H8040	hbo:8040	fertility	1.0	4	eflomal
बाडा तोडकर	H2040	hbo:2040	fertility	1.0	2	eflomal
बातें कह	G2980	grc:2980	fertility	1.0	6	eflomal
बातें कीं	H1696	hbo:1696	fertility	1.0	4	eflomal
बातें बोलती	H0561	hbo:0561	fertility	1.0	2	eflomal
बातें लिखता	G1125	grc:1125	fertility	1.0	2	eflomal
बातें सुनते	H8085	hbo:8085	fertility	1.0	2	eflomal
बातें सुनी	H8085	hbo:8085	fertility	1.0	2	eflomal
बातों माना	H8085	hbo:8085	fertility	1.0	2	eflomal
बादल उठ	H6051	hbo:6051	fertility	1.0	2	eflomal
बादल छा	H6051	hbo:6051	fertility	1.0	3	eflomal
बादल छाया	H6051	hbo:6051	fertility	1.0	2	eflomal
बापदादों बापदादों	H0001	hbo:0001	fertility	1.0	2	eflomal
बाहर चला	G1831	grc:1831	fertility	1.0	2	eflomal
बाहर जाना	H3318	hbo:3318	fertility	1.0	3	eflomal
बाहर निकला	H3318	hbo:3318	fertility	1.0	2	eflomal
बाहर निकले	H3318	hbo:3318	fertility	1.0	5	eflomal
बाहर निकालने	G1544	grc:1544	fertility	1.0	2	eflomal
बाहर बाहर घूमकर	H5437	hbo:5437	fertility	1.0	2	eflomal
बाहरी कोठरियाँ	H6763	hbo:6763	fertility	1.0	2	eflomal
बाहरी कोठरियों	H6763	hbo:6763	fertility	1.0	3	eflomal
बिचछू पौधों	H2738	hbo:2738	fertility	1.0	2	eflomal
बिजलियाँ गरजन	G1027	grc:1027	fertility	1.0	2	eflomal
बिना खमीर	H4682	hbo:4682	fertility	1.0	3	eflomal
बिना शहरपनाह	H6521	hbo:6521	fertility	1.0	3	eflomal
बिना सनतान	G0815	grc:815	fertility	1.0	2	eflomal
बीचवाला परदा	H6532	hbo:6532	fertility	1.0	3	eflomal
बीचों बीच	H8432	hbo:8432	fertility	1.0	4	eflomal
बुढापे अवसथा	H7872	hbo:7872	fertility	1.0	4	eflomal
बुदधिमान परसिदध	H2450	hbo:2450	fertility	1.0	2	eflomal
बुरा भला कहते	G0987	grc:987	fertility	1.0	4	eflomal
बुराई बुराई	H7451	hbo:7451b	fertility	1.0	2	eflomal
बुरे कामों	H4611	hbo:4611	fertility	1.0	10	eflomal
बुलवा भेजा	H7971	hbo:7971	fertility	1.0	2	eflomal
बूटेदार वसतर	H7553	hbo:7553	fertility	1.0	2	eflomal
बूढा बहुत	H2204	hbo:2204	fertility	1.0	2	eflomal
बेगार पकडे	H4522	hbo:4522	fertility	1.0	2	eflomal
बेटियाँ बयाह	H1323	hbo:1323	fertility	1.0	2	eflomal
बेटियाँ हुईं	H1323	hbo:1323	fertility	1.0	5	eflomal
बेटी थी	H1323	hbo:1323	fertility	1.0	2	eflomal
बेटे पोते	H1121	hbo:1121	fertility	1.0	3	eflomal
बेटों पोतों	H1121	hbo:1121	fertility	1.0	3	eflomal
बेतेल बेतेल	H1008	hbo:1008	fertility	1.0	3	eflomal
बैंगनी पहने	G4210	grc:4210	fertility	1.0	2	eflomal
बैंगनी रंग	H0713	hbo:0713	fertility	1.0	9	eflomal
बैंगनी लाल	H0713	hbo:0713	fertility	1.0	22	eflomal
बैठने टेक	H7675	hbo:7675	fertility	1.0	2	eflomal
बोअज बोअज	H1162	hbo:1162	fertility	1.0	2	eflomal
बोला आजञा	H0559	hbo:0559	fertility	1.0	2	eflomal
भकतिहीन जन	H2611	hbo:2611	fertility	1.0	2	eflomal
भरोसा रखता	H0982	hbo:0982	fertility	1.0	16	eflomal
भरोसा रखते	H0982	hbo:0982	fertility	1.0	10	eflomal
भरोसा रखना	H0982	hbo:0982	fertility	1.0	2	eflomal
भरोसा रखनेवाले	H0982	hbo:0982	fertility	1.0	2	eflomal
भरोसा रखा	H0982	hbo:0982	fertility	1.0	10	eflomal
भरोसा है	H0982	hbo:0982	fertility	1.0	2	eflomal
भाँति भाँति अशुदधता	H2932	hbo:2932	fertility	1.0	3	eflomal
भाईचारे परीति	G5360	grc:5360	fertility	1.0	2	eflomal
भाईचारे परेम	G5360	grc:5360	fertility	1.0	4	eflomal
भागकर बच	H6412	hbo:6412	fertility	1.0	2	eflomal
भारी जूआ	H5923	hbo:5923	fertility	1.0	2	eflomal
भारी नींद पडा	H7290	hbo:7290	fertility	1.0	2	eflomal
भारी भविषयदवाणी	H4853	hbo:4853a	fertility	1.0	4	eflomal
भारी भारी	H3515	hbo:3515	fertility	1.0	2	eflomal
भालों हँसिया	H4211	hbo:4211	fertility	1.0	2	eflomal
भावी कहनेवाले	H7080	hbo:7080	fertility	1.0	2	eflomal
भीतर आए	H0935	hbo:0935	fertility	1.0	2	eflomal
भीतर परवेश	G1525	grc:1525	fertility	1.0	2	eflomal
भीतर पहुँचाए	H0935	hbo:0935	fertility	1.0	2	eflomal
भीतरी कोठरी	H1687	hbo:1687	fertility	1.0	6	eflomal
भूखा मरने	H7456	hbo:7456	fertility	1.0	2	eflomal
भूमि गिराकर	H0776	hbo:0776	fertility	1.0	2	eflomal
भूमि देश	H0776	hbo:0776	fertility	1.0	2	eflomal
भूमि निज	H0272	hbo:0272	fertility	1.0	2	eflomal
भूरे भूरे	H6669	hbo:6669	fertility	1.0	2	eflomal
भेंट भेजकर	H1293	hbo:1293	fertility	1.0	2	eflomal
भेंट भेजी	H4503	hbo:4503	fertility	1.0	2	eflomal
भेजा कहला	H7971	hbo:7971	fertility	1.0	2	eflomal
भेड बकरियाँ चराता	H7462	hbo:7462	fertility	1.0	2	eflomal
भेड बकरी गाय बैल	H4735	hbo:4735	fertility	1.0	2	eflomal
भेड बचचे चढाना	H3532	hbo:3532	fertility	1.0	2	eflomal
भेडी बचचा	H3532	hbo:3532	fertility	1.0	9	eflomal
भेडी बचचे	H3532	hbo:3532	fertility	1.0	7	eflomal
भेडें बलि	H6629	hbo:6629	fertility	1.0	2	eflomal
भेडों ऊन	H1494	hbo:1494	fertility	1.0	2	eflomal
भोजन सामगरी भेजने	H4490	hbo:4490	fertility	1.0	2	eflomal
मगदलीनी सलोमी	G3094	grc:3094	fertility	1.0	2	eflomal
मणडप बनाएँ	G4633	grc:4633	fertility	1.0	2	eflomal
मधय जल उठी	H1197	hbo:1197	fertility	1.0	2	eflomal
मधुर मधुर	H2896	hbo:2896b	fertility	1.0	2	eflomal
मनदिर भणडार	G1049	grc:1049	fertility	1.0	3	eflomal
मननत पूरी	H5088	hbo:5088	fertility	1.0	6	eflomal
मननतें पूरी	H5088	hbo:5088	fertility	1.0	2	eflomal
मनभावनी वसतुएँ	H4261	hbo:4261	fertility	1.0	2	eflomal
मनुषय सकता	G1410	grc:1410	fertility	1.0	2	eflomal
मरते मरते	H4191	hbo:4191	fertility	1.0	2	eflomal
मरममत ने	H2388	hbo:2388	fertility	1.0	2	eflomal
मरवा डालने	H4191	hbo:4191	fertility	1.0	2	eflomal
मरवा डाला	H4191	hbo:4191	fertility	1.0	2	eflomal
मरवा डालेंगे	G2289	grc:2289	fertility	1.0	2	eflomal
मरीबा नामक	H4809	hbo:4809	fertility	1.0	5	eflomal
मरीबा मरीबा	H4809	hbo:4809	fertility	1.0	2	eflomal
मरे हुओं जीवितों	G3498	grc:3498	fertility	1.0	3	eflomal
मसीह विरोधी	G0500	grc:500	fertility	1.0	3	eflomal
महला नोवा	H4244	hbo:4244	fertility	1.0	2	eflomal
महली मूशी	H4249	hbo:4249	fertility	1.0	4	eflomal
महलोन किलयोन	H4248	hbo:4248	fertility	1.0	2	eflomal
महानद इस	H5103	hbo:5103	fertility	1.0	3	eflomal
महामारी दूर	H4046	hbo:4046	fertility	1.0	2	eflomal
महिमा परगट	H6286	hbo:6286	fertility	1.0	2	eflomal
महीने तक	G3376	grc:3376	fertility	1.0	6	eflomal
माँगकर तोडी	G2806	grc:2806	fertility	1.0	2	eflomal
माँस खा	H0398	hbo:0398	fertility	1.0	2	eflomal
माँस खाना	H0398	hbo:0398	fertility	1.0	2	eflomal
माँस खाने	H0398	hbo:0398	fertility	1.0	2	eflomal
माँस खाया	H0398	hbo:0398	fertility	1.0	2	eflomal
माता मरियम	G3137	grc:3137	fertility	1.0	3	eflomal
मानता टोना	H5172	hbo:5172	fertility	1.0	2	eflomal
मापकर हाथ	H0520	hbo:0520	fertility	1.0	4	eflomal
मार डाला जाए	H4191	hbo:4191	fertility	1.0	6	eflomal
मार डाला जाएगा	H4191	hbo:4191	fertility	1.0	2	eflomal
मारग चलता	H1870	hbo:1870	fertility	1.0	2	eflomal
मारग मारग	H1870	hbo:1870	fertility	1.0	2	eflomal
मारग होकर	H1870	hbo:1870	fertility	1.0	2	eflomal
मारा जाएगा	H4191	hbo:4191	fertility	1.0	3	eflomal
मारे हुओं	H2491	hbo:2491	fertility	1.0	14	eflomal
मालूम कि	H3045	hbo:3045	fertility	1.0	6	eflomal
मासिक धरम	H2101	hbo:2101	fertility	1.0	2	eflomal
मिटटी गई	H6912	hbo:6912	fertility	1.0	2	eflomal
मिटटी दी	H6912	hbo:6912	fertility	1.0	18	eflomal
मिटटी दी गई	H6912	hbo:6912	fertility	1.0	21	eflomal
मिटटी मिल	H6083	hbo:6083	fertility	1.0	3	eflomal
मिटटी मिला	H6083	hbo:6083	fertility	1.0	2	eflomal
मिलना चाहिए	G1163	grc:1163	fertility	1.0	2	eflomal
मिला उसको मिटटी दी गई	H6912	hbo:6912	fertility	1.0	3	eflomal
मिला मिटटी दी गई	H6912	hbo:6912	fertility	1.0	4	eflomal
मिलाप कराने	G1515	grc:1515	fertility	1.0	2	eflomal
मिलापवाले समबंधी	H4150	hbo:4150	fertility	1.0	2	eflomal
मिसर देश	H4713	hbo:4714	fertility	1.0	7	eflomal
मिसर मिसर	H4713	hbo:4714	fertility	1.0	3	eflomal
मिसर लाया	H4713	hbo:4714	fertility	1.0	2	eflomal
मीकायाह कहा	H0559	hbo:0559	fertility	1.0	3	eflomal
मुँणडे टीलों	H8205	hbo:8205	fertility	1.0	5	eflomal
मुँह काला	H0954	hbo:0954	fertility	1.0	2	eflomal
मुँह खोलकर	H6310	hbo:6310	fertility	1.0	4	eflomal
मुँह निकला	H6310	hbo:6310	fertility	1.0	3	eflomal
मुँह माँगा वर	H7596	hbo:7596	fertility	1.0	2	eflomal
मुँह से	H6310	hbo:6310	fertility	1.0	2	eflomal
मुंडे टीलों	H8205	hbo:8205	fertility	1.0	2	eflomal
मुकददमा चलाएगा	H3259	hbo:3259	fertility	1.0	2	eflomal
मुखय पुरुषों	H7218	hbo:7218	fertility	1.0	8	eflomal
मुखय मुखय पुरुष	H7218	hbo:7218	fertility	1.0	5	eflomal
मुखय मुखय पुरुषों	H7218	hbo:7218	fertility	1.0	6	eflomal
मुझसे मूरखता	H5528	hbo:5528	fertility	1.0	2	eflomal
मुझे जलन	H7065	hbo:7065	fertility	1.0	3	eflomal
मुहर लगाता	H2856	hbo:2856	fertility	1.0	2	eflomal
मुहरें कमाई	G3414	grc:3414	fertility	1.0	2	eflomal
मूरख जानते	H0191	hbo:0191	fertility	1.0	2	eflomal
मूरत खोदकर	H6459	hbo:6459	fertility	1.0	3	eflomal
मूरति खोदकर	H6459	hbo:6459	fertility	1.0	4	eflomal
मृतयु छाया	H6757	hbo:6757	fertility	1.0	3	eflomal
मेरी सुनी	H8085	hbo:8085	fertility	1.0	4	eflomal
मैंने आजञा	H6680	hbo:6680	fertility	1.0	2	eflomal
मैंने आजञा दी	H6680	hbo:6680	fertility	1.0	6	eflomal
मैंने दिया	H5414	hbo:5414	fertility	1.0	5	eflomal
मैंने देख	G3708	grc:3708	fertility	1.0	2	eflomal
मैंने देखी	H7200	hbo:7200	fertility	1.0	2	eflomal
मैंने पुकारा	H7121	hbo:7121	fertility	1.0	5	eflomal
मोटी पूँछ	H0451	hbo:0451	fertility	1.0	5	eflomal
मोटी मोटी	H1277	hbo:1277	fertility	1.0	3	eflomal
मोटी मोटी धरनें	H5646	hbo:5646	fertility	1.0	2	eflomal
यतूर नापीश	H3195	hbo:3195	fertility	1.0	2	eflomal
यरदन किनारे	H3383	hbo:3383	fertility	1.0	4	eflomal
यरदन नदी	H3383	hbo:3383	fertility	1.0	15	eflomal
यरदन पहुँचो	H3383	hbo:3383	fertility	1.0	3	eflomal
यरदन पार	H3383	hbo:3383	fertility	1.0	4	eflomal
यशायाह भेज	H3470	hbo:3470a	fertility	1.0	2	eflomal
यहसेल गूनी	H1476	hbo:1476	fertility	1.0	2	eflomal
यहाँ नषट	H8045	hbo:8045	fertility	1.0	2	eflomal
यहाँ मृतयु	G2288	grc:2288	fertility	1.0	2	eflomal
यहाँ सतयानाश	H8045	hbo:8045	fertility	1.0	2	eflomal
यहूदा इसकरियोती	G2455	grc:2455	fertility	1.0	8	eflomal
यहूदी भाषा	H3066	hbo:3066	fertility	1.0	3	eflomal
यहोवा करो	H3050	hbo:3050	fertility	1.0	4	eflomal
यहोशू यहोशू	H3091	hbo:3091	fertility	1.0	2	eflomal
याजक याजक	H3548	hbo:3548	fertility	1.0	3	eflomal
यारोबाम जिसने	H3379	hbo:3379	fertility	1.0	3	eflomal
यितरान करान	H3506	hbo:3506	fertility	1.0	2	eflomal
येसेर शिललेम	H3337	hbo:3337	fertility	1.0	2	eflomal
योगय समझे	G0515	grc:515	fertility	1.0	2	eflomal
योना सुनकर	G2495	grc:2495	fertility	1.0	2	eflomal
योयादा यददू	H3111	hbo:3111	fertility	1.0	2	eflomal
योराम योराम	H3141	hbo:3141	fertility	1.0	2	eflomal
रबबाह नगर	H7237	hbo:7237	fertility	1.0	3	eflomal
रहकर सेवा	H5647	hbo:5647	fertility	1.0	4	eflomal
रहूँगा सहूँगा	G0430	grc:430	fertility	1.0	2	eflomal
राजगददी विराजमान	H3678	hbo:3678	fertility	1.0	3	eflomal
राजदरोह राजदरोह	H7195	hbo:7195	fertility	1.0	2	eflomal
राजमाता पद	H1377	hbo:1377	fertility	1.0	2	eflomal
राजय करने लगा	H4427	hbo:4427	fertility	1.0	46	eflomal
राजय करने लगा था	H4427	hbo:4427	fertility	1.0	3	eflomal
राजय था	H4427	hbo:4427	fertility	1.0	3	eflomal
राजय राजय लोगों	H3816	hbo:3816	fertility	1.0	3	eflomal
राजा था	H4427	hbo:4427	fertility	1.0	3	eflomal
राजा बनाया	H4427	hbo:4427	fertility	1.0	6	eflomal
राजा राजभवन	H4428	hbo:4428	fertility	1.0	2	eflomal
राजाओं राजाओं	H4428	hbo:4428	fertility	1.0	2	eflomal
रातों रात	H3915	hbo:3915	fertility	1.0	6	eflomal
रानियों रखैलों	H7695	hbo:7695	fertility	1.0	2	eflomal
रानी वशती	H2060	hbo:2060	fertility	1.0	4	eflomal
रामोत चढाई	H7433	hbo:7433	fertility	1.0	2	eflomal
रूपे टुकडे	H3701	hbo:3701	fertility	1.0	2	eflomal
रेंड पेड	H7021	hbo:7021	fertility	1.0	3	eflomal
रेतकणों अनगिनत	H2344	hbo:2344	fertility	1.0	2	eflomal
रोकते रोकते	H3557	hbo:3557	fertility	1.0	2	eflomal
रोटी भोजन	H3899	hbo:3899	fertility	1.0	2	eflomal
रोते विलाप	G2799	grc:2799	fertility	1.0	2	eflomal
लकवे मारे हुए	G3885	grc:3885	fertility	1.0	4	eflomal
लकवे रोगी	G3886	grc:3886	fertility	1.0	3	eflomal
लजजित होंगे	H0954	hbo:0954	fertility	1.0	5	eflomal
लजजित होगा	G2617	grc:2617	fertility	1.0	3	eflomal
लजजित होगी	H0954	hbo:0954	fertility	1.0	4	eflomal
लजजित होना	H0954	hbo:0954	fertility	1.0	3	eflomal
लडकपन मानता	G3503	grc:3503	fertility	1.0	2	eflomal
लडाइयों चरचा	G4171	grc:4171	fertility	1.0	2	eflomal
लमबा चौडा	H7342	hbo:7342	fertility	1.0	3	eflomal
लमबाई हाथ	H0520	hbo:0520	fertility	1.0	5	eflomal
लमबे बाल	G2863	grc:2863	fertility	1.0	2	eflomal
लाठी लाठी	H4294	hbo:4294	fertility	1.0	3	eflomal
लाल रंग कपडे	H8144	hbo:8144	fertility	1.0	3	eflomal
लाली झलकती	H0132	hbo:0132	fertility	1.0	2	eflomal
लिखनेवाला अहीलूद	H0286	hbo:0286	fertility	1.0	2	eflomal
लिखा नमसकार	G0783	grc:783	fertility	1.0	2	eflomal
लूटकर बँधुआई	H7758	hbo:7758	fertility	1.0	2	eflomal
लेटा रह	H7901	hbo:7901	fertility	1.0	2	eflomal
लोगों लो	H5971	hbo:5971	fertility	1.0	2	eflomal
लोगों लोगों	H5971	hbo:5971	fertility	1.0	4	eflomal
लोदबार अममीएल	H5988	hbo:5988	fertility	1.0	2	eflomal
लौटा आना	H7725	hbo:7725	fertility	1.0	2	eflomal
लौटा आया	H7725	hbo:7725	fertility	1.0	3	eflomal
लौटा लाऊँगा	H7725	hbo:7725	fertility	1.0	2	eflomal
वंशावली सके	H3201	hbo:3201	fertility	1.0	2	eflomal
वयभिचार करना	G3431	grc:3431	fertility	1.0	2	eflomal
वयभिचार करना करना	G3431	grc:3431	fertility	1.0	2	eflomal
वयाधि यदि	H5061	hbo:5061	fertility	1.0	2	eflomal
वरतमान भविषय	G1764	grc:1764	fertility	1.0	2	eflomal
वरदान माँगा	H7592	hbo:7592	fertility	1.0	3	eflomal
वसतर पहना	H3847	hbo:3847	fertility	1.0	3	eflomal
वसतर पहनाऊँगा	H3847	hbo:3847	fertility	1.0	2	eflomal
वसतर पहनाया	H3847	hbo:3847	fertility	1.0	2	eflomal
वसतर पहनेंगे	H3847	hbo:3847	fertility	1.0	2	eflomal
वसतु खाए	H0398	hbo:0398	fertility	1.0	3	eflomal
वसतुएँ गरज उठें	H7481	hbo:7481	fertility	1.0	3	eflomal
वसतुएँ मिल जाएँगी	G4369	grc:4369	fertility	1.0	2	eflomal
वाचा बँधाई	H1285	hbo:1285	fertility	1.0	3	eflomal
वाचा वाचा	H1285	hbo:1285	fertility	1.0	2	eflomal
वाचा सनदूक	H0727	hbo:0727	fertility	1.0	2	eflomal
वाणी यह	H5002	hbo:5002	fertility	1.0	2	eflomal
विरुदध पाप	H2398	hbo:2398	fertility	1.0	22	eflomal
विरुदध बलवा	H4784	hbo:4784	fertility	1.0	2	eflomal
विलमब करनेवाला	H0750	hbo:0750	fertility	1.0	8	eflomal
विलाप करनेवालों	H0057	hbo:0057	fertility	1.0	2	eflomal
विलाप कराऊँगा	H0060	hbo:0060	fertility	1.0	2	eflomal
विवाह करे	G1060	grc:1060	fertility	1.0	2	eflomal
विवाह भोज	G1062	grc:1062	fertility	1.0	3	eflomal
विवाह शादी	G1060	grc:1060	fertility	1.0	2	eflomal
विवेकी मनुषय	H6175	hbo:6175	fertility	1.0	3	eflomal
विशरामकालों मानता	H7676	hbo:7676	fertility	1.0	2	eflomal
विशरामदिन माना	H7676	hbo:7676	fertility	1.0	2	eflomal
विशवास करते	G4100	grc:4100	fertility	1.0	20	eflomal
विशवास करोगे	G4100	grc:4100	fertility	1.0	5	eflomal
विशवास किया	G4100	grc:4100	fertility	1.0	58	eflomal
विषय आजञा	H6680	hbo:6680	fertility	1.0	2	eflomal
विषय आजञा दी	H6680	hbo:6680	fertility	1.0	2	eflomal
विषय डाह	H7065	hbo:7065	fertility	1.0	4	eflomal
विषय मुकददमों	H1697	hbo:1697	fertility	1.0	2	eflomal
विसमित हो	H2865	hbo:2865	fertility	1.0	7	eflomal
वीणा बजाकर	H3658	hbo:3658	fertility	1.0	3	eflomal
वीणा बजाते	H3658	hbo:3658	fertility	1.0	6	eflomal
वे लजजित होंगे	H0954	hbo:0954	fertility	1.0	2	eflomal
वेदी छिडके	H4196	hbo:4196	fertility	1.0	2	eflomal
वेदी जलाने	H0741	hbo:0741	fertility	1.0	2	eflomal
वेदी बनवाई	H4196	hbo:4196	fertility	1.0	2	eflomal
शकतियाँ हिलाई जाएँगी	G4531	grc:4531	fertility	1.0	2	eflomal
शमूएल शमूएल	H8050	hbo:8050	fertility	1.0	3	eflomal
शमौन पुतर	G4613	grc:4613	fertility	1.0	3	eflomal
शरापित हो	H0779	hbo:0779	fertility	1.0	9	eflomal
शवास फूँक	H5397	hbo:5397	fertility	1.0	2	eflomal
शहरपनाह मोड	H4740	hbo:4740	fertility	1.0	3	eflomal
शानति देने	H5162	hbo:5162	fertility	1.0	3	eflomal
शानति मिलती रहे	G1515	grc:1515	fertility	1.0	10	eflomal
शानति मिली	H8252	hbo:8252	fertility	1.0	2	eflomal
शानति मिले	G1515	grc:1515	fertility	1.0	4	eflomal
शानति शानति	H7965	hbo:7965	fertility	1.0	2	eflomal
शिकषा देता	H3256	hbo:3256	fertility	1.0	4	eflomal
शिकार खेलनेवाला	H6718	hbo:6718	fertility	1.0	2	eflomal
शिकारी पकषी	H5861	hbo:5861	fertility	1.0	2	eflomal
शुदध ठहरने	H2893	hbo:2893	fertility	1.0	3	eflomal
शुदध ठहरनेवाले	H2891	hbo:2891	fertility	1.0	6	eflomal
शुदध ठहराए	H2891	hbo:2891	fertility	1.0	6	eflomal
शुदध ठहरे	H2891	hbo:2891	fertility	1.0	5	eflomal
शुदध ठहरेगा	H2891	hbo:2891	fertility	1.0	8	eflomal
शुदध होनेवाले	H2891	hbo:2891	fertility	1.0	3	eflomal
शुभ समाचार सुनाते	H1319	hbo:1319	fertility	1.0	2	eflomal
शेकेल ठहरे	H8255	hbo:8255	fertility	1.0	5	eflomal
शेकेल हिसाब	H8255	hbo:8255	fertility	1.0	3	eflomal
शेला सयाना	H7956	hbo:7956	fertility	1.0	2	eflomal
संकट पडकर	H6887	hbo:6887	fertility	1.0	2	eflomal
संकट सकेती	H6869	hbo:6869	fertility	1.0	2	eflomal
संगी दास	G4889	grc:4889	fertility	1.0	6	eflomal
संसकार भेंट	H2598	hbo:2598	fertility	1.0	3	eflomal
सचचा ठहराया	G1344	grc:1344	fertility	1.0	2	eflomal
सतताईस परानतों	H4082	hbo:4082	fertility	1.0	2	eflomal
सतयानाश किया	H2763	hbo:2763	fertility	1.0	3	eflomal
सतयानाश डाला	H2763	hbo:2763	fertility	1.0	7	eflomal
सतरी बयाह	H0802	hbo:0802	fertility	1.0	3	eflomal
सतुति करें	H1984	hbo:1984a	fertility	1.0	4	eflomal
सतुति योगय	H8416	hbo:8416	fertility	1.0	2	eflomal
सथिर रह	G2476	grc:2476	fertility	1.0	3	eflomal
सथिर रहता	G3306	grc:3306	fertility	1.0	3	eflomal
सथिर रहेगी	H5975	hbo:5975	fertility	1.0	2	eflomal
सथिर रहो	G4739	grc:4739	fertility	1.0	3	eflomal
सदृशय बनो	G4964	grc:4964	fertility	1.0	2	eflomal
सदैव अटल	H5769	hbo:5769	fertility	1.0	3	eflomal
सदैव बना रहे	H5769	hbo:5769	fertility	1.0	2	eflomal
सदैव रहेगा	H5769	hbo:5769	fertility	1.0	2	eflomal
सन वसतर पहने	H3830	hbo:3830a	fertility	1.0	3	eflomal
सनतान उतपनन	H3205	hbo:3205	fertility	1.0	4	eflomal
सननाटा छा	H6750	hbo:6750	fertility	1.0	2	eflomal
सनोवर वृकषों	H1265	hbo:1265	fertility	1.0	2	eflomal
सपताह दिन	G4521	grc:4521	fertility	1.0	3	eflomal
समपूरण रंग	H3632	hbo:3632	fertility	1.0	3	eflomal
सममति दी	H3289	hbo:3289	fertility	1.0	4	eflomal
समरण रख	H2142	hbo:2142	fertility	1.0	2	eflomal
समरण रखना	H2142	hbo:2142	fertility	1.0	7	eflomal
समरण रखा	H2142	hbo:2142	fertility	1.0	3	eflomal
समरण समरण	H2142	hbo:2142	fertility	1.0	3	eflomal
समाकर पाँवों	H7272	hbo:7272	fertility	1.0	2	eflomal
समाचार सुनकर	H8085	hbo:8085	fertility	1.0	2	eflomal
समाचार सुना	H8085	hbo:8085	fertility	1.0	2	eflomal
समान ठहरेगा	G3666	grc:3666	fertility	1.0	2	eflomal
समान बताओगे	H1819	hbo:1819	fertility	1.0	3	eflomal
समीप आए	H7126	hbo:7126	fertility	1.0	2	eflomal
समुदर किनारे	H3220	hbo:3220	fertility	1.0	2	eflomal
समुदर तट	H3220	hbo:3220	fertility	1.0	9	eflomal
समुदर निकट	H0339	hbo:0339	fertility	1.0	2	eflomal
समुदर भाग	H3220	hbo:3220	fertility	1.0	2	eflomal
समुदरी अजगरों	H8577	hbo:8577	fertility	1.0	2	eflomal
सरदार सिपाहियों	H7860	hbo:7860	fertility	1.0	2	eflomal
सरवशकतिमान पाएगा	H7706	hbo:7706	fertility	1.0	2	eflomal
सवपन बताए	H2472	hbo:2472	fertility	1.0	2	eflomal
सवरगीय सथानों	G2032	grc:2032	fertility	1.0	4	eflomal
सवाद चख	G1089	grc:1089	fertility	1.0	3	eflomal
सवाद चखेंगे	G1089	grc:1089	fertility	1.0	3	eflomal
सवार चढा	H7392	hbo:7392	fertility	1.0	2	eflomal
सवेरे उठकर	H7925	hbo:7925	fertility	1.0	3	eflomal
सवेरे उठे	H7925	hbo:7925	fertility	1.0	2	eflomal
सवेरे तडके उठकर	H7925	hbo:7925	fertility	1.0	2	eflomal
साँस चलती	H7307	hbo:7307	fertility	1.0	2	eflomal
साथी मरा	H7909	hbo:7909	fertility	1.0	2	eflomal
साधारण लोगों	H5971	hbo:5971	fertility	1.0	4	eflomal
सामने बलि	G1494	grc:1494	fertility	1.0	2	eflomal
सामरथय काम	G1411	grc:1411	fertility	1.0	4	eflomal
सामरथय कामों	G1411	grc:1411	fertility	1.0	2	eflomal
सारे देश	G3650	grc:3650	fertility	1.0	2	eflomal
सारे देश फैल	G3650	grc:3650	fertility	1.0	2	eflomal
सावधान रहो	G0991	grc:991	fertility	1.0	8	eflomal
साहस छोडते	G1573	grc:1573	fertility	1.0	2	eflomal
साहस छोडो	G1573	grc:1573	fertility	1.0	2	eflomal
सितार शहनाई आदि	H2178	hbo:2178	fertility	1.0	3	eflomal
सींग मारने	H5056	hbo:5056	fertility	1.0	2	eflomal
सींगों नरसिंगे	H7782	hbo:7782	fertility	1.0	2	eflomal
सींगों लगाए	H7161	hbo:7161	fertility	1.0	4	eflomal
सीटी बजाकर	H8319	hbo:8319	fertility	1.0	2	eflomal
सीदोनियों देवी	H6722	hbo:6722	fertility	1.0	2	eflomal
सीमा मुडकर	H1366	hbo:1366	fertility	1.0	2	eflomal
सुककोत सारतान	H5523	hbo:5523	fertility	1.0	2	eflomal
सुखदायक देनेवाला	H5207	hbo:5207	fertility	1.0	7	eflomal
सुगनध दरवयों	H1314	hbo:1314	fertility	1.0	3	eflomal
सुगनधित तेल	H8081	hbo:8081	fertility	1.0	2	eflomal
सुगनधित नरकट	H7070	hbo:7070	fertility	1.0	2	eflomal
सुगनधित वसतुएँ	G0759	grc:759	fertility	1.0	2	eflomal
सुधि दिला	G5279	grc:5279	fertility	1.0	2	eflomal
सुधि ली	H6485	hbo:6485	fertility	1.0	2	eflomal
सुधि लेगा	H6485	hbo:6485	fertility	1.0	2	eflomal
सुनकर ने	G0611	grc:611	fertility	1.0	2	eflomal
सुनने कान हों ले	G3775	grc:3775	fertility	1.0	2	eflomal
सुनसान पडे	H8074	hbo:8074	fertility	1.0	2	eflomal
सुलैमानी जडने	H7718	hbo:7718	fertility	1.0	2	eflomal
सुलैमानी मणि	H7718	hbo:7718	fertility	1.0	3	eflomal
सुसमाचार फैलाने	G2098	grc:2098	fertility	1.0	3	eflomal
सुसमाचार सुनाऊँ	G2097	grc:2097	fertility	1.0	5	eflomal
सुसमाचार सुनाता	G2097	grc:2097	fertility	1.0	7	eflomal
सुसमाचार सुनाते	G2097	grc:2097	fertility	1.0	7	eflomal
सुसमाचार सुनाने	G2097	grc:2097	fertility	1.0	7	eflomal
सुसमाचार सुनाया	G2097	grc:2097	fertility	1.0	12	eflomal
सूअरों झुणड	G5519	grc:5519	fertility	1.0	2	eflomal
सूकषम सन	H8336	hbo:8336	fertility	1.0	3	eflomal
सूकषम सनी	H8336	hbo:8336	fertility	1.0	7	eflomal
सूकषम सनी कपडे	H8336	hbo:8336	fertility	1.0	2	eflomal
सूखी घास	H2842	hbo:2842	fertility	1.0	2	eflomal
सूखी भूमि	H3004	hbo:3004	fertility	1.0	5	eflomal
सूना रहेगा	H8074	hbo:8074	fertility	1.0	2	eflomal
सूरय असत	H8121	hbo:8121	fertility	1.0	7	eflomal
सूरय डूबते	H8121	hbo:8121	fertility	1.0	2	eflomal
सूरय डूबते डूबते	H8121	hbo:8121	fertility	1.0	2	eflomal
सूरय परतिमाएँ	H2553	hbo:2553	fertility	1.0	3	eflomal
सूरय परतिमाओं	H2553	hbo:2553	fertility	1.0	2	eflomal
से उतपनन हुआ	H3205	hbo:3205	fertility	1.0	2	eflomal
से भरा शेकेल	H4392	hbo:4392	fertility	1.0	12	eflomal
सेवा करनी	H5647	hbo:5647	fertility	1.0	5	eflomal
सेवा करे	G1247	grc:1247	fertility	1.0	3	eflomal
सेवा टहल करें	H8334	hbo:8334	fertility	1.0	4	eflomal
सैनय दल सरदार	G5506	grc:5506	fertility	1.0	5	eflomal
सोसन फूल	H7799	hbo:7799	fertility	1.0	4	eflomal
सोसन फूलों	H7799	hbo:7799	fertility	1.0	3	eflomal
सौंप दिया	G1325	grc:1325	fertility	1.0	2	eflomal
सौगनध खाकर	H7650	hbo:7650	fertility	1.0	2	eflomal
हजार पर	G5505	grc:5505	fertility	1.0	4	eflomal
हजारों पुरुष	H0505	hbo:0505a	fertility	1.0	2	eflomal
हडडी हडडी	H6106	hbo:6106	fertility	1.0	2	eflomal
हतया करना	G5407	grc:5407	fertility	1.0	4	eflomal
हथियार बनद	H2502	hbo:2502a	fertility	1.0	9	eflomal
हथियार बनद पुरुष	H2502	hbo:2502a	fertility	1.0	4	eflomal
हथियार बाँध	G3833	grc:3833	fertility	1.0	2	eflomal
हमको मिला	H4672	hbo:4672	fertility	1.0	2	eflomal
हमने पाप	H2398	hbo:2398	fertility	1.0	4	eflomal
हमने बाँसुरी बजाई	G0832	grc:832	fertility	1.0	2	eflomal
हमारी है	G2192	grc:2192	fertility	1.0	2	eflomal
हरषित होऊँगा	H7797	hbo:7797	fertility	1.0	2	eflomal
हलचल मच	H1949	hbo:1949	fertility	1.0	4	eflomal;gloss
हलफईस पुतर	G0256	grc:256	fertility	1.0	2	eflomal
हाथी दाँत	H8127	hbo:8127	fertility	1.0	6	eflomal
हाथों उठा	G0142	grc:142	fertility	1.0	2	eflomal
हानि उठाए	G2210	grc:2210	fertility	1.0	3	eflomal
हानि पहुँचाना	G0091	grc:91	fertility	1.0	2	eflomal
हाय हाय करो	H3213	hbo:3213	fertility	1.0	7	eflomal
हारून उसके	H0175	hbo:0175	fertility	1.0	3	eflomal
हिजकिययाह हिजकिययाह	H2396	hbo:2396a	fertility	1.0	2	eflomal
हिबबी अरकी	H2340	hbo:2340	fertility	1.0	2	eflomal
हियाव पुरुषारथ	H2388	hbo:2388	fertility	1.0	2	eflomal
हियाव बाँध	H2388	hbo:2388	fertility	1.0	2	eflomal
हियाव बाँधे	H2388	hbo:2388	fertility	1.0	2	eflomal
हियाव बाँधो पुरुषारथ	H2388	hbo:2388	fertility	1.0	2	eflomal
हिला हिलाकर	G2795	grc:2795	fertility	1.0	2	eflomal
हिलाई भेंट	H8573	hbo:8573	fertility	1.0	2	eflomal
हिलाने भेंट	H8573	hbo:8573	fertility	1.0	2	eflomal
हिसाब शेकेल	H8255	hbo:8255	fertility	1.0	5	eflomal
हे कान लगाओ	H0238	hbo:0238	fertility	1.0	2	eflomal
हे जयजयकार करो	H7442	hbo:7442	fertility	1.0	2	eflomal
हे हाय हाय	H3213	hbo:3213	fertility	1.0	3	eflomal
हेशबोनवासी सीहोन	H5511	hbo:5511	fertility	1.0	4	eflomal
होकर आ	H0935	hbo:0935	fertility	1.0	2	eflomal
होकर इधर डोलने चलूँ	H5128	hbo:5128	fertility	1.0	2	eflomal
होकर चले	H5674	hbo:5674	fertility	1.0	3	eflomal
होकर चलेगा	H5674	hbo:5674	fertility	1.0	3	eflomal
होकर जाने	H5674	hbo:5674	fertility	1.0	7	eflomal
होगा ताली बजाएगा	H8319	hbo:8319	fertility	1.0	2	eflomal
होना अवशय	G1163	grc:1163	fertility	1.0	5	eflomal
होना चाहिए	G1163	grc:1163	fertility	1.0	3	eflomal
होना चाहे	G2309	grc:2309	fertility	1.0	4	eflomal
होमबलि करके	H5930	hbo:5930	fertility	1.0	3	eflomal
होमबलि चढाए	H5930	hbo:5930	fertility	1.0	5	eflomal
होमबलि चढाने	H5930	hbo:5930	fertility	1.0	3	eflomal
होमबलि चढाया	H5930	hbo:5930	fertility	1.0	2	eflomal
होमबलियों पापबलियों	G3646	grc:3646	fertility	1.0	2	eflomal
होरेब पहाड	H2722	hbo:2722	fertility	1.0	2	eflomal
परजा लोगों	H5971	hbo:5971	fertility	0.977	43	eflomal
उततर दिया	G0611	grc:611	fertility	0.975	117	eflomal
दाहिने हाथ	H3225	hbo:3225	fertility	0.955	22	eflomal
माता पिता	G1118	grc:1118	fertility	0.952	20	eflomal
परधान याजक	G0749	grc:749	fertility	0.95	20	eflomal
राजय करने	H4427	hbo:4427	fertility	0.933	15	eflomal
अशुदध ठहरे	H2930	hbo:2930	fertility	0.929	14	eflomal
बीचवाले परदे	H6532	hbo:6532	fertility	0.929	14	eflomal
यहोवा यहोवा	H3068	hbo:3068	fertility	0.926	27	eflomal
उततर ओर	H6828	hbo:6828	fertility	0.92	23	eflomal
बहुत सी	H7227	hbo:7227	fertility	0.914	32	eflomal
गिनती अनुसार	H4557	hbo:4557	fertility	0.909	10	eflomal
जिसके पास	G2192	grc:2192	fertility	0.909	11	eflomal
नींव डाली	H3245	hbo:3245	fertility	0.909	10	eflomal
विशवास करो	G4100	grc:4100	fertility	0.909	11	eflomal
सेवा टहल	H8334	hbo:8334	fertility	0.902	55	eflomal
अदभुत काम	G5059	grc:5059	fertility	0.9	9	eflomal
कुलों अनुसार	H4940	hbo:4940	fertility	0.9	10	eflomal
खुदी हुई मूरतों	H6456	hbo:6456	fertility	0.9	9	eflomal
उतपनन हुआ	H3205	hbo:3205	fertility	0.889	65	eflomal
करोध दिलाया	H3707	hbo:3707	fertility	0.889	8	eflomal
घरेलू पशु	H0929	hbo:0929	fertility	0.889	9	eflomal
नियत समय	H4150	hbo:4150	fertility	0.889	8	eflomal
यिरमयाह पहुँचा	H3414	hbo:3414a	fertility	0.889	8	eflomal
बाल बचचों	H2945,H5768	hbo:2945,hbo:5768	phrasal	0.885	26	eflomal
पीढी पीढी	H1755	hbo:1755	fertility	0.878	37	eflomal
उनको उततर	G0611	grc:611	fertility	0.875	8	eflomal
ऊँचे शबद	G5456	grc:5456	fertility	0.875	14	eflomal
जीवित रहे	H2421	hbo:2421	fertility	0.875	7	eflomal
तूने दिया	G1325	grc:1325	fertility	0.875	7	eflomal
पशचिम ओर	H3220	hbo:3220	fertility	0.875	7	eflomal
भारी वचन	H4853	hbo:4853a	fertility	0.875	7	eflomal
मुखय पुरुष	H7218	hbo:7218	fertility	0.867	15	eflomal
सतुति करो	H1984	hbo:1984a	fertility	0.867	14	eflomal
आजञा दूँ	H6680	hbo:6680	fertility	0.857	6	eflomal
उकाब पकषी	H5404	hbo:5404	fertility	0.857	6	eflomal
जाति जाति	H1471	hbo:1471	fertility	0.857	90	eflomal
टटका तेल	H3323	hbo:3323	fertility	0.857	7	eflomal
परदेशी होकर	H1481	hbo:1481	fertility	0.857	6	eflomal
पवितर पवितर	H6944	hbo:6944	fertility	0.857	6	eflomal
राजा नियुकत	H4427	hbo:4427	fertility	0.857	7	eflomal
लजजित होना पडेगा	H0954	hbo:0954	fertility	0.857	7	eflomal
वाचा बाँधूँगा	H1285	hbo:1285	fertility	0.857	6	eflomal
ऊँचे सथानों	H1116,H4791	hbo:1116,hbo:4791	phrasal	0.854	40	eflomal
काम काज	H4399,H4639	hbo:4399,hbo:4639	phrasal	0.846	13	eflomal
घिनौने कामों	H8441,H8251	hbo:8441,hbo:8251	phrasal	0.846	13	eflomal
निकाल आया	H3318,H5927	hbo:3318,hbo:5927	phrasal	0.846	13	eflomal
उसने बनाया	H6213	hbo:6213	fertility	0.833	6	eflomal
कहने हे	G3004	grc:3004	fertility	0.833	5	eflomal
गहरे जल	H8415	hbo:8415	fertility	0.833	5	eflomal
जिनसे कुल	H4940	hbo:4940	fertility	0.833	6	eflomal
पलटा लेनेवाले	H1350	hbo:1350	fertility	0.833	5	eflomal
पाँव पाँव	H7272	hbo:7272	fertility	0.833	5	eflomal
पीछे पीछे	G0190	grc:190	fertility	0.833	10	eflomal
भाँति भाँति	H4327	hbo:4327	fertility	0.833	11	eflomal
मारे जाएँगे	H5307	hbo:5307	fertility	0.833	6	eflomal
वाचा बाँधता	H1285	hbo:1285	fertility	0.833	6	eflomal
सतरियाँ बयाह	H0802	hbo:0802	fertility	0.833	6	eflomal
जागते रहो	G1127,G0069	grc:1127,grc:69	phrasal	0.818	11	eflomal
गाय बैल	H1241,H7794	hbo:1241,hbo:7794	phrasal	0.804	43	eflomal
उजियाला देने	H3974	hbo:3974	fertility	0.8	5	eflomal
उसने किया	H6213	hbo:6213	fertility	0.8	15	eflomal
उसने मापकर	H4058	hbo:4058	fertility	0.8	5	eflomal
करना चाहा	H0014	hbo:0014	fertility	0.8	4	eflomal
गहरे समुदर	H8415	hbo:8415	fertility	0.8	4	eflomal
जाति लोग	H1471	hbo:1471	fertility	0.8	4	eflomal
जानते कि	H3045	hbo:3045	fertility	0.8	4	eflomal
तलवार मरवा	H2719	hbo:2719	fertility	0.8	5	eflomal
तुमहारे पास	G2192	grc:2192	fertility	0.8	5	eflomal
तैयार किया	H6213	hbo:6213	fertility	0.8	5	eflomal
थोडी सी	H4592	hbo:4592	fertility	0.8	5	eflomal
निरजल देश	H6160	hbo:6160	fertility	0.8	5	eflomal
पलटा लेनेवाला	H1350	hbo:1350	fertility	0.8	4	eflomal
पीना पडेगा	H8354	hbo:8354	fertility	0.8	5	eflomal
बहुत सारे	G4183,G4118	grc:4183,grc:4118	phrasal	0.8	10	eflomal
बातें कहता	G2980	grc:2980	fertility	0.8	4	eflomal
भीतर आने	H0935	hbo:0935	fertility	0.8	4	eflomal
भीतर आया	H0935	hbo:0935	fertility	0.8	4	eflomal
मुकददमा लडूँगा	H8199	hbo:8199	fertility	0.8	4	eflomal
वाचा बाँधे	H1285	hbo:1285	fertility	0.8	5	eflomal
सबसे छोटा	G1646	grc:1646	fertility	0.8	4	eflomal
समरण दिलानेवाला	H0234	hbo:0234	fertility	0.8	4	eflomal
सुगनध दरवय	H1314	hbo:1314	fertility	0.8	12	eflomal
हियाव बनधाया	H2388	hbo:2388	fertility	0.8	4	eflomal
होना चाहते	G2309	grc:2309	fertility	0.8	4	eflomal
कुछ नहीं	G3762,G3367	grc:3762,grc:3367	phrasal	0.792	23	eflomal
भय मानता	H3373,H6342	hbo:3373,hbo:6342	phrasal	0.786	13	eflomal
जी उठा	G1453,G0450	grc:1453,grc:450	phrasal	0.773	22	eflomal
बाट जोहते	H6960,H2442	hbo:6960,hbo:2442	phrasal	0.769	13	eflomal
आजञा मानते	G5219	grc:5219	fertility	0.75	3	eflomal
उसकी ऊँचाई	H6967	hbo:6967	fertility	0.75	4	eflomal
ऊँचे सवर	H7442	hbo:7442	fertility	0.75	3	eflomal
ओरेब जेब	H6159	hbo:6159	fertility	0.75	4	eflomal
करोध भडक	H0639	hbo:0639	fertility	0.75	3	eflomal
करोध भडकाता	H7264	hbo:7264	fertility	0.75	4	eflomal
किसी पुरुष	H0376	hbo:0376	fertility	0.75	4	eflomal
ठटठा करनेवालों	H3887	hbo:3887a	fertility	0.75	3	eflomal
ताली बजाएँगे	H8322	hbo:8322	fertility	0.75	3	eflomal
दुःख उठाते	G3958	grc:3958	fertility	0.75	3	eflomal
दुःख उठाना	G3958	grc:3958	fertility	0.75	3	eflomal
धोखा खाओ	G4105	grc:4105	fertility	0.75	3	eflomal
नरसिंगा फूँककर	H7782	hbo:7782	fertility	0.75	4	eflomal
निकाल लाया	H3318	hbo:3318	fertility	0.75	7	eflomal
पुतर पुतर	H1121	hbo:1121	fertility	0.75	3	eflomal
पुरुष पुरुष	H0376	hbo:0376	fertility	0.75	3	eflomal
बनदी ले	H1540	hbo:1540	fertility	0.75	3	eflomal
बपतिसमा लेने	G0907	grc:907	fertility	0.75	8	eflomal
बाल बचचे	H2945,H5768	hbo:2945,hbo:5768	phrasal	0.75	15	eflomal
भावी कहनेवालों	H7080	hbo:7080	fertility	0.75	4	eflomal
भीतर आ	H0935	hbo:0935	fertility	0.75	3	eflomal
भूमि भूमि	H0776	hbo:0776	fertility	0.75	3	eflomal
मैंने कहा	H0559	hbo:0559	fertility	0.75	4	eflomal
युग युग	H5769,H5703	hbo:5769,hbo:5703	phrasal	0.75	14	eflomal
रेंगनेवाले जनतुओं	H7431	hbo:7431	fertility	0.75	3	eflomal
लौटा आऊँगा	H7725	hbo:7725	fertility	0.75	8	eflomal
वयवहार करना	H6213	hbo:6213	fertility	0.75	4	eflomal
वाणी सुनाई	G5456	grc:5456	fertility	0.75	3	eflomal
समरण करूँगा	H2142	hbo:2142	fertility	0.75	3	eflomal
साँस बाँधकर	H7321	hbo:7321	fertility	0.75	4	eflomal
सेवा करें	H5647	hbo:5647	fertility	0.75	4	eflomal
सैनय दल	G5506,G4686	grc:5506,grc:4686	phrasal	0.733	14	eflomal
राजय वरष	H8141	hbo:8141	fertility	0.727	11	eflomal
अपराध कषमा	G5483,G0863	grc:5483,grc:863	phrasal	0.714	7	eflomal
झूठी गवाही	G5576,G5577	grc:5576,grc:5577	phrasal	0.714	7	eflomal
पहली उपज	H1061,H7225	hbo:1061,hbo:7225	phrasal	0.714	14	eflomal
भय मानते	H3372,H3373	hbo:3372,hbo:3373	phrasal	0.714	20	eflomal
मुहर वाली अंगूठी	H2885,H2368	hbo:2885,hbo:2368	phrasal	0.714	7	eflomal
सवादिषट भोजन	H4303,H3859	hbo:4303,hbo:3859	phrasal	0.714	7	eflomal
थोडी देर	G3398,G1024	grc:3398,grc:1024	phrasal	0.7	16	eflomal
दुहाई दी	H6817,H2199	hbo:6817,hbo:2199	phrasal	0.7	10	eflomal
ने आजञा	H6680,H0559	hbo:6680,hbo:0559	phrasal	0.7	10	eflomal
बचे हुओं	H7611,H7605	hbo:7611,hbo:7605	phrasal	0.692	13	eflomal
भय मानना	H3372,H3374	hbo:3372,hbo:3374	phrasal	0.679	27	eflomal
परेम रखता	G0025	grc:25	fertility	0.674	31	eflomal
अचछे अचछे	H2896	hbo:2896	fertility	0.667	8	eflomal
अदोनिययाह बन बैठा	H0138	hbo:0138a	fertility	0.667	2	eflomal
अपने धोए	H3526	hbo:3526	fertility	0.667	3	eflomal
अशुदध अशुदध	H2930	hbo:2930	fertility	0.667	2	eflomal
आजञा मानने	G5218	grc:5218	fertility	0.667	4	eflomal
आजञा मानी	G0544	grc:544	fertility	0.667	2	eflomal
उजाड पडा	H2720	hbo:2720	fertility	0.667	4	eflomal
उतपनन हुआ उतपनन	G1080	grc:1080	fertility	0.667	2	eflomal
उसको उततर दिया	G0611	grc:611	fertility	0.667	3	eflomal
उसने बनाई	H6213	hbo:6213	fertility	0.667	2	eflomal
उसने बनाए	H6213	hbo:6213	fertility	0.667	6	eflomal
ऊँची ऊँची	H1364	hbo:1364	fertility	0.667	2	eflomal
ओर टकटकी लगाकर	G0816	grc:816	fertility	0.667	3	eflomal
कहने यह	H0559	hbo:0559	fertility	0.667	2	eflomal
कान लगाओ	H0238,H7181	hbo:0238,hbo:7181	phrasal	0.667	6	eflomal
काम उसने किए	H6213	hbo:6213	fertility	0.667	3	eflomal
किनारे किनारे	G3881	grc:3881	fertility	0.667	2	eflomal
किसी दूसरे	H7453	hbo:7453	fertility	0.667	4	eflomal
कुटिल काम	H5766	hbo:5766a	fertility	0.667	2	eflomal
गहरी नींद	H7290	hbo:7290	fertility	0.667	2	eflomal
चलते फिरते	G4043	grc:4043	fertility	0.667	4	eflomal
चिततीवाली चितकबरी	H5348	hbo:5348	fertility	0.667	3	eflomal
चिनह दिखाए	G4592	grc:4592	fertility	0.667	2	eflomal
छाती पीटी	H5594	hbo:5594	fertility	0.667	2	eflomal
छोटी बेटी	G2365	grc:2365	fertility	0.667	2	eflomal
जंगली जनतुओं	H6728	hbo:6728a	fertility	0.667	2	eflomal
झाँझ बजाते	H6767	hbo:6767c	fertility	0.667	3	eflomal
झुणड झुणड	H5739	hbo:5739	fertility	0.667	2	eflomal
ठोकर खाएगा	H3782	hbo:3782	fertility	0.667	3	eflomal
तमबू खडा	H0168	hbo:0168	fertility	0.667	2	eflomal
थोडे थोडे	G1646	grc:1646	fertility	0.667	2	eflomal
दकषिणी हवा	G3558	grc:3558	fertility	0.667	2	eflomal
दरशन पाया	H7200	hbo:7200	fertility	0.667	2	eflomal
दवार खोल	G0455	grc:455	fertility	0.667	2	eflomal
दाखमधु पीने	H3196	hbo:3196	fertility	0.667	2	eflomal
दोष लगाते	G1458,G2723	grc:1458,grc:2723	phrasal	0.667	6	eflomal
दोषी ठहराएगा	H7561	hbo:7561	fertility	0.667	2	eflomal
धीरज धरता	G3114	grc:3114	fertility	0.667	2	eflomal
निरदोष निरदोष	H8549	hbo:8549	fertility	0.667	2	eflomal
परकाश चमका	H0215	hbo:0215	fertility	0.667	2	eflomal
परधान सेनापति	H6635	hbo:6635	fertility	0.667	2	eflomal
पराण खेलकर	H5315	hbo:5315	fertility	0.667	3	eflomal
पिता पिता	H0001	hbo:0001	fertility	0.667	2	eflomal
पुषपकोष गाँठ	H3730	hbo:3730	fertility	0.667	3	eflomal
पूरा पूरा	G4137	grc:4137	fertility	0.667	2	eflomal
फरात तट	H6578	hbo:6578	fertility	0.667	2	eflomal
फूले फलेंगे	H6524	hbo:6524	fertility	0.667	2	eflomal
बातें कहेगा	H1696	hbo:1696	fertility	0.667	2	eflomal
बातें बोलता	H1696	hbo:1696	fertility	0.667	2	eflomal
बातें सुनने	H8085	hbo:8085	fertility	0.667	2	eflomal
बुरा भला	G3058	grc:3058	fertility	0.667	2	eflomal
भीतर आते	H0935	hbo:0935	fertility	0.667	2	eflomal
भोजन बैठा	G0345	grc:345	fertility	0.667	2	eflomal
मरवा डाले	G0615	grc:615	fertility	0.667	2	eflomal
मानने चौकसी	H8104	hbo:8104	fertility	0.667	3	eflomal
मुकददमा लडता	H7378	hbo:7378	fertility	0.667	2	eflomal
मूरख है	H3684,H0191	hbo:3684,hbo:0191	phrasal	0.667	6	eflomal
याकूब याकूब	H3290	hbo:3290	fertility	0.667	2	eflomal
राजदरोह गोषठी	H7194	hbo:7194	fertility	0.667	2	eflomal
रोएँ खडे	H8178	hbo:8178	fertility	0.667	2	eflomal
रोना पीटना	H4553,H0592	hbo:4553,hbo:0592	phrasal	0.667	6	eflomal
लगातार समरण	G3417	grc:3417	fertility	0.667	2	eflomal
लजजित होऊँगा	H0954	hbo:0954	fertility	0.667	2	eflomal
लमबे चौडे	H7342	hbo:7342	fertility	0.667	2	eflomal
वहाँ पहुँचकर	G3854	grc:3854	fertility	0.667	4	eflomal
विपतति पडेगी	H0343	hbo:0343	fertility	0.667	2	eflomal
विरुदध पाप किया	H2398	hbo:2398	fertility	0.667	3	eflomal
विशवासघात किया	H4603	hbo:4603	fertility	0.667	12	eflomal
शानति मिलेगी	H5162	hbo:5162	fertility	0.667	2	eflomal
सदैव रहे	H5769	hbo:5769	fertility	0.667	2	eflomal
सदोम गमोरा	H5467	hbo:5467	fertility	0.667	2	eflomal
समरण दिलानेवाले	H2146	hbo:2146	fertility	0.667	2	eflomal
समुदर लहरें	H3220	hbo:3220	fertility	0.667	2	eflomal
सरवदा रहेगा	H5769	hbo:5769	fertility	0.667	2	eflomal
सवादिषट भोजनवसतुओं	H4303	hbo:4303	fertility	0.667	2	eflomal
सारे फैल	G3650	grc:3650	fertility	0.667	2	eflomal
सुनदर सुनदर	H3303	hbo:3303	fertility	0.667	2	eflomal
हथियार बनदों	H2502	hbo:2502a	fertility	0.667	2	eflomal
हृदय मन	H3820	hbo:3820	fertility	0.667	2	eflomal
उसने कहा	G3004	grc:3004	fertility	0.645	65	eflomal
तितर बितर	H6327,H2219	hbo:6327,hbo:2219	phrasal	0.639	46	eflomal
चूर चूर	H1855,H1792,H1854	hbo:1855,hbo:1792,hbo:1854	phrasal	0.636	11	eflomal
भेड बकरी	H6629,H7716	hbo:6629,hbo:7716	phrasal	0.636	32	eflomal
घृणा आती	H8441,H3988	hbo:8441,hbo:3988	phrasal	0.625	8	eflomal
दणड दूँगा	H8201,H6485	hbo:8201,hbo:6485	phrasal	0.625	8	eflomal
राजा राजा	H4428	hbo:4428	fertility	0.625	5	eflomal
सब वसतुएँ	G3956,G0537	grc:3956,grc:537	phrasal	0.625	7	eflomal
किसी न	G3367,G3762	grc:3367,grc:3762	phrasal	0.611	18	eflomal
उततर देने	G0627,G0626	grc:627,grc:626	phrasal	0.6	5	eflomal
कठिन सेवा	H5656,H6635	hbo:5656,hbo:6635	phrasal	0.6	5	eflomal
ठोकर खाई	G4624	grc:4624	fertility	0.6	3	eflomal
दणड आजञा	G2917,G2632	grc:2917,grc:2632	phrasal	0.6	5	eflomal
दोषी ठहराया	G2632,G2919	grc:2632,grc:2919	phrasal	0.6	5	eflomal
परवेश दवार	H3996,H6607	hbo:3996,hbo:6607	phrasal	0.6	5	eflomal
पुकार पुकारकर	G2896	grc:2896	fertility	0.6	3	eflomal
पौ फटने	H7837,H5399	hbo:7837,hbo:5399	phrasal	0.6	5	eflomal
भाई बनधु	H0251,H5997	hbo:0251,hbo:5997	phrasal	0.6	9	eflomal
भारी नींद	H8639	hbo:8639	fertility	0.6	3	eflomal
भिनन भिनन भाषा	H5972	hbo:5972	fertility	0.6	3	eflomal
मन फिराने	G3341,G3340	grc:3341,grc:3340	phrasal	0.6	5	eflomal
मुखय मुखय	G4411	grc:4411	fertility	0.6	3	eflomal
वयवसथा वयवसथा	G3551	grc:3551	fertility	0.6	3	eflomal
सूरयोदय ओर	H4217	hbo:4217	fertility	0.6	5	eflomal
हाय हाय	H3213,H0584	hbo:3213,hbo:0584	phrasal	0.6	8	eflomal
अपने अपने	G2398	grc:2398	fertility	0.583	7	eflomal
कुछ न	G3762,G3367	grc:3762,grc:3367	phrasal	0.579	19	eflomal
परेम रखते	G0025	grc:25	fertility	0.571	8	eflomal
समीप आएँ	H5066,H7126	hbo:5066,hbo:7126	phrasal	0.571	7	eflomal
राजय राजय	H4467,H3816	hbo:4467,hbo:3816	phrasal	0.556	19	eflomal
कोई न	G3762,G3367	grc:3762,grc:3367	phrasal	0.55	20	eflomal
बनदी बनाकर	H7617,H1540	hbo:7617,hbo:1540	phrasal	0.55	19	eflomal
बाट जोहता	H6960,H3176,H2442	hbo:6960,hbo:3176,hbo:2442	phrasal	0.545	11	eflomal
मार डालना	G0615,G0337	grc:615,grc:337	phrasal	0.539	10	eflomal
बांज वृकष	H0424,H0436,H0437	hbo:0424,hbo:0436,hbo:0437	phrasal	0.529	17	eflomal
अपनी कमर	H0247	hbo:0247	fertility	0.5	2	eflomal
आजञा आजञा	H6673	hbo:6673	fertility	0.5	2	eflomal
आजञा मानती	G5219	grc:5219	fertility	0.5	2	eflomal
आशीष देगा	H1288	hbo:1288	fertility	0.5	2	eflomal
उजाड उजाड	H8077	hbo:8077	fertility	0.5	2	eflomal
उपहास उडाया	H7814	hbo:7814	fertility	0.5	2	eflomal
उसने किए	H6213	hbo:6213	fertility	0.5	2	eflomal
उसने यह	H0559	hbo:0559	fertility	0.5	2	eflomal
ऊँचे ऊँचे सथानों	H1116,H4791	hbo:1116,hbo:4791	phrasal	0.5	4	eflomal
ऊन कतरने	H1044,H1494	hbo:1044,hbo:1494	phrasal	0.5	4	gloss
एलयाशीब एलयाशीब	H0475	hbo:0475	fertility	0.5	2	eflomal
एवीलमरोदक राजगददी	H0192	hbo:0192	fertility	0.5	2	eflomal
कटीले पेड	H8068	hbo:8068	fertility	0.5	2	eflomal
करेगा काम	H6213	hbo:6213	fertility	0.5	2	eflomal
करोध आकर	H0639,H7110	hbo:0639,hbo:7110	phrasal	0.5	4	eflomal
काँप उठे	H2729,H7264	hbo:2729,hbo:7264	phrasal	0.5	4	eflomal
कान सुनो	H8085,H0238	hbo:8085,hbo:0238	phrasal	0.5	5	eflomal
काम करते	G2038,G4160	grc:2038,grc:4160	phrasal	0.5	5	eflomal
किसी भाई	H7453	hbo:7453	fertility	0.5	2	eflomal
किसी मनुषय	H0120	hbo:0120	fertility	0.5	2	eflomal
खिडकियाँ आमने	H4237	hbo:4237	fertility	0.5	2	eflomal
गरहण करता गरहण करता	G1209	grc:1209	fertility	0.5	2	eflomal
गूँधा आटा	G5445	grc:5445	fertility	0.5	2	eflomal
गोतरवाले अहीसामाक	H0294	hbo:0294	fertility	0.5	2	eflomal
घुटने टेककर	G1119,G1120	grc:1119,grc:1120	phrasal	0.5	9	eflomal
चेतावनी देकर	G3853	grc:3853	fertility	0.5	2	eflomal
छाती पीटेंगे	G2875	grc:2875	fertility	0.5	2	eflomal
जीवन शपथ	H2416	hbo:2416	fertility	0.5	10	eflomal
ढूँढ ढाँढ	H2664,H2713	hbo:2664,hbo:2713	phrasal	0.5	5	eflomal
तयागना गरहण	H0970	hbo:0977	fertility	0.5	2	eflomal
तुचछ जाना	H0959,H3988	hbo:0959,hbo:3988	phrasal	0.5	19	eflomal
दकषिणी कोने	H3802	hbo:3802	fertility	0.5	2	eflomal
दयालु अनुगरहकारी	H7349	hbo:7349	fertility	0.5	2	eflomal
दुःख उठाने	G3804,G3958	grc:3804,grc:3958	phrasal	0.5	4	eflomal
देखकर चकित	H8047,H8074	hbo:8047,hbo:8074	phrasal	0.5	4	eflomal
देश नीचे देश	H8219	hbo:8219	fertility	0.5	2	eflomal
दोषी ठहराता	G2919	grc:2919	fertility	0.5	3	eflomal
धरमी धरमी	H6662	hbo:6662	fertility	0.5	2	eflomal
नपुंसक बनाया	G2134	grc:2134	fertility	0.5	2	eflomal
ने उततर	H6030,H0559	hbo:6030,hbo:0559	phrasal	0.5	9	eflomal
ने दूत भेजकर	H7971	hbo:7971	fertility	0.5	2	eflomal
परभावशाली वचन	H4853,H4853	hbo:4853,hbo:4853a	phrasal	0.5	4	eflomal
परानत परानत	H4082,H4083	hbo:4082,hbo:4083	phrasal	0.5	4	eflomal
पहरावा पहने	H3830	hbo:3830	fertility	0.5	2	eflomal
पाँति बाँधे	H2571,H6186	hbo:2571,hbo:6186	phrasal	0.5	4	eflomal
पाँवों तले	G4228	grc:4228	fertility	0.5	4	eflomal
पानी पिला	G4095	grc:4095	fertility	0.5	2	eflomal
पानी पिलाया	G4222	grc:4222	fertility	0.5	3	eflomal
पीछे हटा	H0268	hbo:0268	fertility	0.5	2	eflomal
पुराने कपडे	H1094	hbo:1094	fertility	0.5	2	eflomal
फूलो फलो बढो	H6509	hbo:6509	fertility	0.5	2	eflomal
बँधुआई छूटकर	H7628	hbo:7628	fertility	0.5	2	eflomal
बडी बडी ढालें	H6793	hbo:6793a	fertility	0.5	2	eflomal
बहुत बडी	H7227	hbo:7227	fertility	0.5	2	eflomal
बहुत बहुत	G4183	grc:4183	fertility	0.5	2	eflomal
बात कही	H1696,H1697	hbo:1696,hbo:1697	phrasal	0.5	4	eflomal
बार बार	H6471,H7227	hbo:6471,hbo:7227	phrasal	0.5	6	eflomal
बाहर निकाल	G1544	grc:1544	fertility	0.5	2	eflomal
बीजवाले पेड	H6212	hbo:6212	fertility	0.5	2	eflomal
भयानक परकोप	G3709	grc:3709	fertility	0.5	2	eflomal
भेंट करने	H7122	hbo:7122	fertility	0.5	2	eflomal
भोजन करने	H0398	hbo:0398	fertility	0.5	2	eflomal
भोजन सामगरी	H4490,H6720	hbo:4490,hbo:6720	phrasal	0.5	4	eflomal
मननत मानकर	H5087	hbo:5087	fertility	0.5	2	eflomal
मारे गए	H5307	hbo:5307	fertility	0.5	2	eflomal
मारे मारे फिरते	H5128	hbo:5128	fertility	0.5	2	eflomal
मुकददमा लड	H7378	hbo:7378	fertility	0.5	2	eflomal
मेलबलि चढाए	H8002	hbo:8002	fertility	0.5	2	eflomal
मेलबलि चढाता	H2076	hbo:2076	fertility	0.5	2	eflomal
मोल लेने	H4736,H7666	hbo:4736,hbo:7666	phrasal	0.5	4	eflomal
यह कहता	H0559,H5002	hbo:0559,hbo:5002	phrasal	0.5	8	eflomal
रखता है	G2192	grc:2192	fertility	0.5	2	eflomal
लौट आना	H0935,H7725	hbo:0935,hbo:7725	phrasal	0.5	4	eflomal
वाचा बाँध	H3772	hbo:3772	fertility	0.5	2	eflomal
शमायाह शमायाह	H8098	hbo:8098	fertility	0.5	2	eflomal
सतुति करो हे	H1984	hbo:1984a	fertility	0.5	2	eflomal
सवेरे उठ	H1242	hbo:1242	fertility	0.5	2	eflomal
सुख विलास	G2237,G4763	grc:2237,grc:4763	phrasal	0.5	4	eflomal
सोचा यह	H0559	hbo:0559	fertility	0.5	2	eflomal
हमें मिली	G2192	grc:2192	fertility	0.5	2	eflomal
हिननोमियों तराई	H1516	hbo:1516a	fertility	0.5	2	eflomal
हियाव बाँधो	H2388	hbo:2388	fertility	0.5	2	eflomal
है मूरख	H0191,H3684	hbo:0191,hbo:3684	phrasal	0.5	6	eflomal
वाचा बाँधी	H1285,H3772	hbo:1285,hbo:3772	phrasal	0.461	11	eflomal
मार डाला	H4191,H5221	hbo:4191,hbo:5221	phrasal	0.455	103	eflomal
अचछी अचछी	H2896,H4315	hbo:2896,hbo:4315	phrasal	0.444	6	eflomal
करोध भडका	H2734,H7110	hbo:2734,hbo:7110	phrasal	0.444	8	eflomal
जिससे कुल	H4940	hbo:4940	fertility	0.429	7	eflomal
तुचछ जानता	H0936,H3988	hbo:0936,hbo:3988	phrasal	0.429	5	eflomal
शाऊल शाऊल	G4549	grc:4549	fertility	0.429	3	eflomal
सवपन देखा	H2492,H2472	hbo:2492a,hbo:2472	phrasal	0.429	7	eflomal
हे परमेशवर	H5329,H0410,H4210	hbo:5329,hbo:0410,hbo:4210	phrasal	0.417	11	eflomal
करोध दिलाने	G3894	grc:3894	fertility	0.4	2	eflomal
छोटे छोटे	H2232	hbo:2232	fertility	0.4	2	eflomal
जी उठे	G1453,G0450	grc:1453,grc:450	phrasal	0.4	4	eflomal
तरस खाएगा	H2550,H5162	hbo:2550,hbo:5162	phrasal	0.4	4	eflomal
नयाय चुकाएगा	G1557	grc:1557	fertility	0.4	2	eflomal
परमपवितर सथान	H6944	hbo:6944	fertility	0.4	5	eflomal
बाहर निकल	G1831	grc:1831	fertility	0.4	2	eflomal
रेंगनेवाले जनतु	H8318,H7431,H7430	hbo:8318,hbo:7431,hbo:7430	phrasal	0.4	9	eflomal
लेन देन	H5503,H7404	hbo:5503,hbo:7404	phrasal	0.4	7	eflomal
घोर अंधकार	H6205,H6757,H0653,H2822	hbo:6205,hbo:6757,hbo:0653,hbo:2822	phrasal	0.389	18	eflomal
मेल मिलाप	G1515,G2644	grc:1515,grc:2644	phrasal	0.385	8	eflomal
चलते चलते	G4198	grc:4198	fertility	0.375	3	eflomal
थोडा सा	G3398	grc:3398	fertility	0.375	3	eflomal
बदला लेने	H5359,H5360	hbo:5359,hbo:5360	phrasal	0.375	7	eflomal
भीतर जाकर	G1525	grc:1525	fertility	0.375	3	eflomal
मार डाले	H4191,H5221,H2491	hbo:4191,hbo:5221,hbo:2491	phrasal	0.368	16	eflomal
पर दया	H7355,H2603	hbo:7355,hbo:2603	phrasal	0.357	24	eflomal
अपने ही	G2398	grc:2398	fertility	0.333	2	eflomal
अलग अलग	H6504,H0905,H0914	hbo:6504,hbo:0905,hbo:0914	phrasal	0.333	10	eflomal
अशुदध वसतु	H2932,H2931	hbo:2932,hbo:2931	phrasal	0.333	5	eflomal
आमने सामने	H6440	hbo:6440	fertility	0.333	2	eflomal
उसका उघाडना	H1540	hbo:1540	fertility	0.333	3	eflomal
ऊँचे ऊँचे	H1364,H7311	hbo:1364,hbo:7311	phrasal	0.333	4	eflomal
किया करता	H6213	hbo:6213	fertility	0.333	2	eflomal
किसी वसतु	H3605	hbo:3605	fertility	0.333	3	eflomal
चारों ओर	H5437,H0661	hbo:5437,hbo:0661	phrasal	0.333	7	eflomal
चिलला चिललाकर	G2896	grc:2896	fertility	0.333	3	eflomal
जीवित जीवित	G2198	grc:2198	fertility	0.333	2	eflomal
दाऊद दाऊद	H1732	hbo:1732	fertility	0.333	3	eflomal
दिया दिया	H5414	hbo:5414	fertility	0.333	2	eflomal
निरदोष ठहराऊँगा	H5352	hbo:5352	fertility	0.333	2	eflomal
परेम रखनेवालों	G0025	grc:25	fertility	0.333	2	eflomal
मेशक अबेदनगो	H5665	hbo:5665	fertility	0.333	3	eflomal
ले ले	H3947,H3920	hbo:3947,hbo:3920	phrasal	0.333	5	eflomal
वसतर पहने	H3847,H3830,H3830	hbo:3847,hbo:3830,hbo:3830a	phrasal	0.333	9	eflomal
सवेरे उठा	H7925	hbo:7925	fertility	0.333	3	eflomal
चिकनी चुपडी	H2509,H5237,H2519	hbo:2509,hbo:5237,hbo:2519	phrasal	0.3	8	eflomal
दसवाँ अंश	H6241,H6237	hbo:6241,hbo:6237	phrasal	0.3	5	eflomal
देखते देखते	H2370,H5869,H7200	hbo:2370,hbo:5869,hbo:7200	phrasal	0.3	7	eflomal
बातें कही	H1696,H1697	hbo:1696,hbo:1697	phrasal	0.3	8	eflomal
मारे मारे	H2189,H5128,H5110	hbo:2189,hbo:5128,hbo:5110	phrasal	0.3	8	eflomal
कहला भेजा	G0649,G3992	grc:649,grc:3992	phrasal	0.296	11	eflomal
अकाल पडा	G3042	grc:3042	fertility	0.286	2	eflomal
उततम उततम	H2459,H7225	hbo:2459,hbo:7225	phrasal	0.286	7	eflomal
मार डालने	G0615,G0337	grc:615,grc:337	phrasal	0.28	13	eflomal
आगे आगे	G4254,G4313	grc:4254,grc:4313	phrasal	0.278	7	eflomal
मैंने देखा	G3708	grc:3708	fertility	0.267	4	eflomal
अपना अपना	H0376	hbo:0376	fertility	0.25	2	eflomal
अपनी अपनी	H0376,H5414	hbo:0376,hbo:5414	phrasal	0.25	5	eflomal
उनको उततर दिया	G0611	grc:611	fertility	0.25	4	eflomal
निवास सथान	H4186	hbo:4186	fertility	0.25	2	eflomal
विशेष भूमि	H0272	hbo:0272	fertility	0.25	4	eflomal
टुकडे टुकडे	H6565	hbo:6565a	fertility	0.222	2	eflomal
दूर दूर	H0657,H7350,H4801	hbo:0657,hbo:7350,hbo:4801	phrasal	0.214	8	eflomal
अनुगरहकारी दयालु	H2587,H7349	hbo:2587,hbo:7349	phrasal	0.2	5	eflomal
मैंने एक	G3708	grc:3708	fertility	0.2	5	eflomal
आजञा दी	G2753	grc:2753	fertility	0.185	15	eflomal
उसने पूछा	G3004	grc:3004	fertility	0.182	3	eflomal
पालन पोषण	G2282,G5142	grc:2282,grc:5142	phrasal	0.182	4	eflomal
अधिपति अधिपति	H0441	hbo:0441	fertility	0.167	6	eflomal
दूसरी बार	H3254,H6471	hbo:3254,hbo:6471	phrasal	0.167	4	eflomal
नरसिंगा फूँका	H7782,H8628	hbo:7782,hbo:8628	phrasal	0.167	6	eflomal
वाद विवाद	G1256,G4802	grc:1256,grc:4802	phrasal	0.148	8	eflomal
जीवित रहेगा	G2198	grc:2198	fertility	0.136	3	eflomal
के के	H1121,H1004,H3027	hbo:1121,hbo:1004,hbo:3027	phrasal	0.125	14	eflomal
जब जब	H1961,H1767	hbo:1961,hbo:1767	phrasal	0.125	6	eflomal
अखमीरी रोटी	G0106	grc:106	fertility	0.121	4	eflomal
की ओर	H6285,H1870	hbo:6285,hbo:1870	phrasal	0.1	7	eflomal
परमेशवर परमेशवर	G2316	grc:2316	fertility	0.071	2	eflomal
अंधा अंधे	G5185	grc:5185	fertility	0.0	2	eflomal
अपनी बनाई	H3027	hbo:3027	fertility	0.0	3	eflomal
अपने किसी	H4979	hbo:4979	fertility	0.0	2	eflomal
अलफा ओमेगा	G0001	grc:1	fertility	0.0	2	eflomal
अलवा यतेत	H5933	hbo:5933	fertility	0.0	2	eflomal
अवसर ढूँढने	G2212	grc:2212	fertility	0.0	3	eflomal
आ पहुँचा	G2064,G5348	grc:2064,grc:5348	phrasal	0.0	6	eflomal
आजञा सुनाता	H6680	hbo:6680	fertility	0.0	2	eflomal
ईरषया विरोध	G2052	grc:2052	fertility	0.0	2	eflomal
उततरी कोने	H3802	hbo:3802	fertility	0.0	2	eflomal
उसकी लमबाई	H0753	hbo:0753	fertility	0.0	4	eflomal
उसको कुछ	H5414	hbo:5414	fertility	0.0	2	eflomal
उसने बनवाकर	H6213	hbo:6213	fertility	0.0	2	eflomal
ऊँचे देश	H5299	hbo:5299	fertility	0.0	2	eflomal
ऊँचे से	H1419	hbo:1419	fertility	0.0	4	eflomal
ओझों भूत सिदधि	H0178	hbo:0178	fertility	0.0	2	eflomal
कचची पुताई	H8602	hbo:8602	fertility	0.0	2	eflomal
कनानी लडकी	H3667	hbo:3667	fertility	0.0	2	eflomal
करके चढाना	H6213	hbo:6213	fertility	0.0	2	eflomal
कहलाता है	H8034	hbo:8034	fertility	0.0	2	eflomal
काढे पटुके	H2805	hbo:2805	fertility	0.0	3	eflomal
कारण किया	H4603	hbo:4603	fertility	0.0	2	eflomal
किवाड चिटकनी लगा	H5274	hbo:5274	fertility	0.0	2	eflomal
किसी कोई	H0376	hbo:0376	fertility	0.0	2	eflomal
कुरूप दुरबल	H4758	hbo:4758	fertility	0.0	2	eflomal
के पुरुषों	H0376,H1167	hbo:0376,hbo:1167	phrasal	0.0	4	eflomal
कैसा उततर	H1697	hbo:1697	fertility	0.0	2	eflomal
को गया	H0935,H1980	hbo:0935,hbo:1980	phrasal	0.0	10	eflomal
को जा	H0935,H3381	hbo:0935,hbo:3381	phrasal	0.0	4	eflomal
कोनों लटकाया	G2524	grc:2524	fertility	0.0	2	eflomal
खलडी का	H1320	hbo:1320	fertility	0.0	2	eflomal
खानों जडे	H4396	hbo:4396	fertility	0.0	2	eflomal
गददी विराजेगा	H3427	hbo:3427	fertility	0.0	3	eflomal
गानेवाले गानेवालियाँ	H7891	hbo:7891	fertility	0.0	2	eflomal
गिरा दिया	H7993	hbo:7993	fertility	0.0	2	eflomal
चनदुले सिर	H1372	hbo:1372	fertility	0.0	2	eflomal
चुकी है	G2192	grc:2192	fertility	0.0	2	eflomal
चौबीसों पराचीन	G5064	grc:5064	fertility	0.0	3	eflomal
जीतकर अधीन	H3665	hbo:3665	fertility	0.0	2	eflomal
जीवन की	H5315	hbo:5315	fertility	0.0	7	eflomal
जैसी चाल चलो	G3402	grc:3402	fertility	0.0	2	eflomal
झाडा बुहारा	G2885	grc:2885	fertility	0.0	2	eflomal
टुकडा माँस	H0829	hbo:0829	fertility	0.0	2	eflomal
डराने पाएगा	H2729	hbo:2729	fertility	0.0	2	eflomal
तूबल मेशेक तीरास	H8422	hbo:8422	fertility	0.0	2	eflomal
दरशन के	H6440	hbo:6440	fertility	0.0	3	eflomal
दाँत पीसते	H2786	hbo:2786	fertility	0.0	2	eflomal
दाऊदपुर में	H5892	hbo:5892	fertility	0.0	5	eflomal
दाना तोड	H5953	hbo:5953	fertility	0.0	2	eflomal
दाहिने अँगूठों	H0931	hbo:0931	fertility	0.0	2	eflomal
दिया बुझ	H5216	hbo:5216	fertility	0.0	2	eflomal
दीवार फोडकर	H2864	hbo:2864	fertility	0.0	2	eflomal
दूसरे दिन	H4283	hbo:4283	fertility	0.0	5	eflomal
देखने गए	G1831	grc:1831	fertility	0.0	2	eflomal
धारीवाले चिततीवाले	H5348	hbo:5348	fertility	0.0	3	eflomal
नरूपी आधार	H3899	hbo:3899	fertility	0.0	2	eflomal
नामक एक	H8034	hbo:8034	fertility	0.0	4	eflomal
नामक ताल	H4325	hbo:4325	fertility	0.0	2	eflomal
पढकर सुनाई	H0241	hbo:0241	fertility	0.0	2	eflomal
पतथर पतथर	G3037	grc:3037	fertility	0.0	2	eflomal
परभु परभु	G2962	grc:2962	fertility	0.0	3	eflomal
परमेशवर के	H3068	hbo:3068	fertility	0.0	2	eflomal
परसनन है	H5869	hbo:5869	fertility	0.0	2	eflomal
पीछे चलूँगा	H1980	hbo:1980	fertility	0.0	2	eflomal
पुरखाओं के	H0001	hbo:0001	fertility	0.0	3	eflomal
पूरा होना	G1096	grc:1096	fertility	0.0	2	eflomal
पूरी रीति	H8003	hbo:8003	fertility	0.0	2	eflomal
पोतीपेरा आसनत	H6319	hbo:6319	fertility	0.0	2	eflomal
फटने पाए	H7167	hbo:7167	fertility	0.0	2	eflomal
फाटक के	H6607	hbo:6607	fertility	0.0	2	eflomal
बकरी देने	H1767	hbo:1767	fertility	0.0	2	eflomal
बदला लूँगा	H3027	hbo:3027	fertility	0.0	2	eflomal
बनाई हुई	H4639	hbo:4639	fertility	0.0	2	eflomal
बनाई हुई वसतुओं	H4639	hbo:4639	fertility	0.0	4	eflomal
बयाह लिया	H3947	hbo:3947	fertility	0.0	2	eflomal
बयाह लें	H3947	hbo:3947	fertility	0.0	2	eflomal
बाकी सिरों	H7098	hbo:7098	fertility	0.0	2	eflomal
बारियाँ लगाकर	H1593	hbo:1593	fertility	0.0	2	eflomal
बीमारी दुरबलता	G3554	grc:3554	fertility	0.0	2	eflomal
बुककी का	H1121	hbo:1121	fertility	0.0	2	eflomal
भडके हुए	H2740	hbo:2740	fertility	0.0	4	eflomal
भेडी के	H1121	hbo:1121	fertility	0.0	8	eflomal
मँगवा दे	G1325	grc:1325	fertility	0.0	2	eflomal
मिटा डालूँगा	H3772	hbo:3772	fertility	0.0	2	eflomal
मुँह देखा	H3045	hbo:3045	fertility	0.0	6	eflomal
मुकददमा लडकर	H7379	hbo:7379	fertility	0.0	2	eflomal
मुरदे जिलाए	G1453	grc:1453	fertility	0.0	2	eflomal
मेलबलि लिये	H8002	hbo:8002	fertility	0.0	12	eflomal
मेशेक तूबल	H8422	hbo:8422	fertility	0.0	2	eflomal
यहोवा की	H3068	hbo:3068	fertility	0.0	2	eflomal
यहोवा के	H3068	hbo:3068	fertility	0.0	3	eflomal
यीशु यीशु	G2424	grc:2424	fertility	0.0	2	eflomal
रपाईम नामक	H7497	hbo:7497a	fertility	0.0	6	eflomal
रहते रहते	H3427	hbo:3427	fertility	0.0	2	eflomal
रूबेनियों गादियों	H7206	hbo:7206	fertility	0.0	4	eflomal
रोटी खाई	H0398	hbo:0398	fertility	0.0	4	eflomal
रोश मेशेक तूबल	H8422	hbo:8422	fertility	0.0	2	eflomal
लाठियाँ लिए	G3586	grc:3586	fertility	0.0	3	eflomal
लिये बहुत	G0714	grc:714	fertility	0.0	2	eflomal
लेंगे ठेस	G4350	grc:4350	fertility	0.0	2	eflomal
लोग पास लाए	G4374	grc:4374	fertility	0.0	2	eflomal
वसतुएँ देना	G1390	grc:1390	fertility	0.0	2	eflomal
वसनत में	H2416	hbo:2416a	fertility	0.0	3	eflomal
वहाँ एक	G3708	grc:3708	fertility	0.0	2	eflomal
विधियों को	H8104	hbo:8104	fertility	0.0	2	eflomal
वैभव ऐशवरय	H1935	hbo:1935	fertility	0.0	3	eflomal
शदरक मेशक	H7715	hbo:7715	fertility	0.0	6	eflomal
शपथ मैंने खाई	H7650	hbo:7650	fertility	0.0	2	eflomal
शहनाई सब	H3606	hbo:3606	fertility	0.0	4	eflomal
शिमशै मंतरी	H8124	hbo:8124	fertility	0.0	2	eflomal
शूरवीर थे	H2428,H0376	hbo:2428,hbo:0376	phrasal	0.0	5	eflomal
सपताह पहले	G1520	grc:1520	fertility	0.0	4	eflomal
सबसे नीची	G2078	grc:2078	fertility	0.0	2	eflomal
साकषी देना	H6030	hbo:6030	fertility	0.0	2	eflomal
सामने रखा	G3908	grc:3908	fertility	0.0	2	eflomal
सीढियाँ थीं	H4608	hbo:4608	fertility	0.0	2	eflomal
सुनाता चौकसी	H6680	hbo:6680	fertility	0.0	2	eflomal
सूकषम बटी	H8336	hbo:8336	fertility	0.0	3	eflomal
सूरयकांत नीलम	H7618	hbo:7618	fertility	0.0	2	eflomal
हकीला यशीमोन	H2444	hbo:2444	fertility	0.0	2	eflomal
हमने विलाप	G2354	grc:2354	fertility	0.0	2	eflomal
हुलदा नबिया	H2468	hbo:2468	fertility	0.0	2	eflomal
