# multi-word expressions (M1): target phrase -> original lexeme(s); lang=rus; from bcv-commons/lexeme-alignments; content+same-testament, count>=2. CC0
surface	strongs	lexemes	kind	confidence	count	methods
авел беф мааху	H0062	hbo:0062	fertility	1.0	2	gloss
авел мааху	H0062	hbo:0062	fertility	1.0	2	eflomal
авигея бывшая	H0026	hbo:0026	fertility	1.0	3	eflomal
адони везек	H0137	hbo:0137	fertility	1.0	2	eflomal
арфаксад каинан	H0775	hbo:0775	fertility	1.0	2	eflomal
аскеназ рифат	H0813	hbo:0813	fertility	1.0	2	eflomal
баал ханан	H1177	hbo:1177	fertility	1.0	10	eflomal;gloss
башне сихемской	H4026	hbo:4026b	fertility	1.0	3	eflomal
беэр лахай рои	H0883	hbo:0883	fertility	1.0	2	eflomal
ближайшим исполнителем приказаний	H4928	hbo:4928	fertility	1.0	2	eflomal
боковых комнат	H6763	hbo:6763	fertility	1.0	2	eflomal
брачный пир	G1062	grc:1062	fertility	1.0	11	eflomal;gloss
ваал гада	H1171	hbo:1171	fertility	1.0	6	eflomal;gloss
ваал перацим	H1188	hbo:1188	fertility	1.0	8	eflomal;gloss
ваал фегору	H1187	hbo:1187	fertility	1.0	4	eflomal
ваал цефоном	H1189	hbo:1189	fertility	1.0	6	eflomal;gloss
вааса строения	H1201	hbo:1201	fertility	1.0	2	eflomal
ввел блужение	H2181	hbo:2181	fertility	1.0	2	eflomal
веельзевула божество	H1176	hbo:1176	fertility	1.0	3	eflomal
великие оскорбления	H1419	hbo:1419	fertility	1.0	2	eflomal
великому милосердию	H7356	hbo:7356	fertility	1.0	8	eflomal;gloss
весь народ	H3605	hbo:3605	fertility	1.0	3	eflomal
весьма большим	H3515	hbo:3515	fertility	1.0	4	eflomal;gloss
винный мех	H5035	hbo:5035	fertility	1.0	2	eflomal
виноградная лоза	H1612	hbo:1612	fertility	1.0	21	eflomal;gloss
виноградной кисти	H0811	hbo:0811	fertility	1.0	4	eflomal;gloss
виноградной лозе	H1612	hbo:1612	fertility	1.0	6	eflomal;gloss
виноградной лозы	H1612	hbo:1612	fertility	1.0	12	eflomal;gloss
виноградною лозою	H1612	hbo:1612	fertility	1.0	6	eflomal;gloss
виноградные лозы	H1612	hbo:1612	fertility	1.0	4	eflomal;gloss
виноградные сады	H3754	hbo:3754	fertility	1.0	3	eflomal
виноградный сок	H8492	hbo:8492	fertility	1.0	3	eflomal
виноградных ягод	H6025	hbo:6025	fertility	1.0	4	eflomal;gloss
вложу кольцо	H2397	hbo:2397	fertility	1.0	4	eflomal;gloss
внесенным список	H3187	hbo:3187	fertility	1.0	3	eflomal
внутренность чрева	H0990	hbo:0990	fertility	1.0	2	eflomal
водяными воротами	H8179	hbo:8179	fertility	1.0	2	eflomal
вожделенными дарами	H4022	hbo:4022	fertility	1.0	2	eflomal
возвышенную речь	H4912	hbo:4912	fertility	1.0	4	eflomal;gloss
воздав благодарение	G2168	grc:2168	fertility	1.0	2	eflomal
возьмет десятую	H6237	hbo:6237	fertility	1.0	2	eflomal
вола козлов	H6260	hbo:6260	fertility	1.0	3	eflomal
волы наклонили	H8058	hbo:8058	fertility	1.0	4	eflomal;gloss
воскуряли фимиам	H6999	hbo:6999	fertility	1.0	2	eflomal
воспряни воспряни	H5782	hbo:5782	fertility	1.0	6	eflomal;gloss
восстань восстань	H5782	hbo:5782	fertility	1.0	2	eflomal
вошедшие исчисление	H6485	hbo:6485	fertility	1.0	3	eflomal
вошедших исчисление	H6485	hbo:6485	fertility	1.0	3	eflomal
встав рано	H7925	hbo:7925	fertility	1.0	13	eflomal;gloss
встал рано	H7925	hbo:7925	fertility	1.0	4	eflomal
встань рано	H7925	hbo:7925	fertility	1.0	2	gloss
вызывателей мертвецов	H0178	hbo:0178	fertility	1.0	4	eflomal;gloss
вызывающим мертвых	H0178	hbo:0178	fertility	1.0	6	eflomal;gloss
высоко превознесся	H1342	hbo:1342	fertility	1.0	4	eflomal;gloss
выходили замуж	G1061	grc:1061	fertility	1.0	2	eflomal
глиняным сосудом	H2789	hbo:2789	fertility	1.0	4	eflomal;gloss
голубого цвета	H8504	hbo:8504	fertility	1.0	2	eflomal
гонишь трудно	G1377	grc:1377	fertility	1.0	2	eflomal
горе ор	H2022	hbo:2022	fertility	1.0	6	eflomal
городе престольном	H1002	hbo:1002	fertility	1.0	6	eflomal;gloss
гору ор	H2022	hbo:2022	fertility	1.0	2	eflomal
горы ор	H2022	hbo:2022	fertility	1.0	3	eflomal
горькими травами	H4844	hbo:4844	fertility	1.0	4	eflomal;gloss
господствуют над	G2634	grc:2634	fertility	1.0	4	eflomal;gloss
гранатовыми яблоками	H7416	hbo:7416	fertility	1.0	4	eflomal;gloss
гранатовых яблок	H7416	hbo:7416	fertility	1.0	12	eflomal;gloss
грудного младенца	H3126	hbo:3126	fertility	1.0	6	eflomal;gloss
грудою развалин	H5856	hbo:5856	fertility	1.0	4	eflomal;gloss
давая разуметь	G4591	grc:4591	fertility	1.0	6	eflomal;gloss
дворца севна	H7644	hbo:7644	fertility	1.0	2	eflomal
двумя родами семян	H3610	hbo:3610	fertility	1.0	2	gloss
действию крепкой	H2389	hbo:2389	fertility	1.0	2	eflomal
делами страны	H5673	hbo:5673	fertility	1.0	4	eflomal;gloss
десятую ефы	H6241	hbo:6241	fertility	1.0	3	eflomal
десятых ефы	H6241	hbo:6241	fertility	1.0	12	eflomal
десятых ефы муки	H6241	hbo:6241	fertility	1.0	2	eflomal
десятых части ефы	H6241	hbo:6241	fertility	1.0	5	eflomal
дикие ослы	H6501	hbo:6501	fertility	1.0	6	eflomal;gloss
дикие ягоды	H0891	hbo:0891	fertility	1.0	2	eflomal
дикий осел	H6501	hbo:6501	fertility	1.0	5	eflomal;gloss
длинных одеждах	G4749	grc:4749	fertility	1.0	2	eflomal
добровольных приношениях	H5071	hbo:5071	fertility	1.0	2	eflomal
добычу взятую	H7998	hbo:7998	fertility	1.0	2	eflomal
долине дуба	H0425	hbo:0425b	fertility	1.0	4	eflomal;gloss
долине еннома	H1516	hbo:1516a	fertility	1.0	2	eflomal
долине соляной	H1516	hbo:1516c	fertility	1.0	2	eflomal
долины енномовой	H1516	hbo:1516a	fertility	1.0	2	eflomal
достанутся добычу врагам	H0957	hbo:0957	fertility	1.0	3	eflomal
дочери дочери	H1323	hbo:1323	fertility	1.0	2	eflomal
думаешь опереться	H0982	hbo:0982	fertility	1.0	2	eflomal
единому премудрому	G3441	grc:3441	fertility	1.0	2	eflomal
ецион гавера	H6100	hbo:6100	fertility	1.0	4	eflomal;gloss
ецион гавере	H6100	hbo:6100	fertility	1.0	6	eflomal;gloss
женского пусть	H5347	hbo:5347	fertility	1.0	2	eflomal
женятся выходят	G1060	grc:1060	fertility	1.0	3	eflomal
жертвенные чаши	H4219	hbo:4219	fertility	1.0	2	eflomal
жует жвачку	H1625	hbo:1625	fertility	1.0	2	eflomal
заговор заговор	H7195	hbo:7195	fertility	1.0	2	eflomal
записывавшего войско	H6633	hbo:6633	fertility	1.0	2	eflomal
заповедь заповедь	H6673	hbo:6673	fertility	1.0	2	eflomal
зачала родила	H3205	hbo:3205	fertility	1.0	2	eflomal
знамения чудеса	H4159	hbo:4159	fertility	1.0	2	eflomal
золота чистого	H6337	hbo:6337	fertility	1.0	2	eflomal
золотой венец	H2091	hbo:2091	fertility	1.0	2	eflomal
иаазии бено	H3269	hbo:3269	fertility	1.0	4	eflomal;gloss
иавис галаадский	H3003	hbo:3003b	fertility	1.0	2	eflomal
иависа галаадского	H3003	hbo:3003b	fertility	1.0	10	eflomal
иевусеев гергесеев	H2983	hbo:2983	fertility	1.0	3	eflomal
избрав мужей	G0435	grc:435	fertility	1.0	2	eflomal
избрал воинов	H0970	hbo:0977	fertility	1.0	2	eflomal
изрек пророчество	H5012	hbo:5012	fertility	1.0	4	eflomal;gloss
изреки пророчество	H5012	hbo:5012	fertility	1.0	14	eflomal
иисус отвечал	G2424	grc:2424	fertility	1.0	10	eflomal
иоктан алмодада	H3355	hbo:3355	fertility	1.0	2	eflomal
искусною работою	H2803	hbo:2803a	fertility	1.0	4	eflomal
источника рогель	H5883	hbo:5883	fertility	1.0	4	eflomal;gloss
кадес варне	H6947	hbo:6947	fertility	1.0	4	eflomal;gloss
кадес варни	H6947	hbo:6947	fertility	1.0	16	eflomal;gloss
камнями побивающий	G3036	grc:3036	fertility	1.0	2	eflomal
киброт гаттааве	H6914	hbo:6914	fertility	1.0	4	eflomal;gloss
киброт гаттаавы	H6914	hbo:6914	fertility	1.0	4	eflomal;gloss
кириаф арбе	H7153	hbo:7153	fertility	1.0	4	eflomal;gloss
кириаф арбы	H7153	hbo:7153	fertility	1.0	12	eflomal;gloss
кириаф иарим	H7157	hbo:7157	fertility	1.0	8	eflomal;gloss
кириаф иариме	H7157	hbo:7157	fertility	1.0	4	eflomal;gloss
кириаф сефер	H7158	hbo:7158a	fertility	1.0	2	eflomal
кованого по	H7820	hbo:7820	fertility	1.0	2	eflomal
ковчег завета	H0727	hbo:0727	fertility	1.0	4	eflomal
козьей шерсти	H5795	hbo:5795	fertility	1.0	3	eflomal
козью шерсть	H5795	hbo:5795	fertility	1.0	3	eflomal
колена запечатлено	G5443	grc:5443	fertility	1.0	12	eflomal
колене иудином	H3063	hbo:3063	fertility	1.0	2	eflomal
колесо находилось	H0212	hbo:0212	fertility	1.0	2	eflomal
колючий терн	H2336	hbo:2336	fertility	1.0	2	eflomal
край правого	H8571	hbo:8571	fertility	1.0	16	eflomal;gloss
красивого убранства	H6643	hbo:6643	fertility	1.0	2	gloss
крепкий сон	H8639	hbo:8639	fertility	1.0	2	eflomal
крепких напитков	H7941	hbo:7941	fertility	1.0	2	eflomal
крупным скотом	H1241	hbo:1241	fertility	1.0	2	gloss
лакомыми яствами	H4303	hbo:4303	fertility	1.0	4	eflomal;gloss
лаодикии иераполе	G2993	grc:2993	fertility	1.0	2	eflomal
лахай рои	H0883	hbo:0883	fertility	1.0	2	gloss
лисицы норы	G5454	grc:5454	fertility	1.0	2	eflomal
литый кумир	H4541	hbo:4541	fertility	1.0	12	eflomal;gloss
льняную одежду	H0906	hbo:0906	fertility	1.0	4	eflomal
любодейные дары	H0868	hbo:0868	fertility	1.0	2	eflomal
магер шелал хаш баз	H4122	hbo:4122	fertility	1.0	4	eflomal;gloss
мало помалу	H4592	hbo:4592	fertility	1.0	2	eflomal
мало приметно	H3544	hbo:3544	fertility	1.0	4	eflomal;gloss
масличные сады	H2132	hbo:2132	fertility	1.0	2	eflomal
мелкого скота	H6629	hbo:6629	fertility	1.0	6	eflomal
мерите такою	G3354	grc:3354	fertility	1.0	5	eflomal;gloss
мирных жертв	H8002	hbo:8002	fertility	1.0	2	eflomal
мисрефоф маима	H4956	hbo:4956	fertility	1.0	4	eflomal;gloss
много времени	H7227	hbo:7227	fertility	1.0	3	eflomal
молодой лев	H3715	hbo:3715	fertility	1.0	4	eflomal;gloss
молодым львом	H3715	hbo:3715	fertility	1.0	5	eflomal;gloss
молодыми львами	H3715	hbo:3715	fertility	1.0	4	eflomal;gloss
молодых ослах	H5895	hbo:5895	fertility	1.0	2	eflomal
моровой язвы	H1698	hbo:1698	fertility	1.0	5	eflomal
моровою язвою	H1698	hbo:1698	fertility	1.0	2	eflomal
моровую язву	H1698	hbo:1698	fertility	1.0	14	eflomal;gloss
мужественных подвигах	H1369	hbo:1369	fertility	1.0	10	eflomal;gloss
муки лучшей	H5560	hbo:5560	fertility	1.0	6	eflomal;gloss
мучилась родами	H2342	hbo:2342a	fertility	1.0	2	eflomal
навьюченных ослов	H2280	hbo:2280	fertility	1.0	2	eflomal
надень царские	H3847	hbo:3847	fertility	1.0	2	eflomal
надзор гегая	H1896	hbo:1896	fertility	1.0	6	eflomal;gloss
наперсник судный	H6472	hbo:6472	fertility	1.0	2	gloss
насмеялись над	G1702	grc:1702	fertility	1.0	2	eflomal
начальника синагоги	G0752	grc:752	fertility	1.0	4	eflomal
начальником годолию	H1436	hbo:1436a	fertility	1.0	2	eflomal
наше осуждает	G2607	grc:2607	fertility	1.0	2	eflomal
незнакомом языке	G1100	grc:1100	fertility	1.0	12	eflomal;gloss
нему лампад	H5216	hbo:5216	fertility	1.0	2	eflomal
несущий кувшин	G2765	grc:2765	fertility	1.0	4	eflomal;gloss
нибудь вещи	H3627	hbo:3627	fertility	1.0	3	eflomal
низких местах	H8219	hbo:8219	fertility	1.0	6	eflomal;gloss
низменные места	H8219	hbo:8219	fertility	1.0	6	eflomal;gloss
низменных местах	H8219	hbo:8219	fertility	1.0	8	eflomal;gloss
никакою работою	H4399	hbo:4399	fertility	1.0	2	gloss
ношении тяжестей	H4853	hbo:4853	fertility	1.0	2	eflomal
овед едом	H5654	hbo:5654	fertility	1.0	2	eflomal
овед едома	H5654	hbo:5654	fertility	1.0	8	eflomal
одежды свои	H0899	hbo:0899	fertility	1.0	3	eflomal
однолетний агнец	H3532	hbo:3532	fertility	1.0	22	eflomal;gloss
означением веса	H4948	hbo:4948	fertility	1.0	6	eflomal
окажется углубленным	H6013	hbo:6013	fertility	1.0	2	eflomal
орел налетит	H5404	hbo:5404	fertility	1.0	2	eflomal
осадные башни	H1785	hbo:1785	fertility	1.0	4	eflomal;gloss
осла привязанного	G1210	grc:1210	fertility	1.0	4	eflomal;gloss
оставляет блуждать	H8582	hbo:8582	fertility	1.0	2	eflomal
отдавайте кесарево	G0591	grc:591	fertility	1.0	5	eflomal;gloss
отдание праздника	H6116	hbo:6116	fertility	1.0	6	eflomal;gloss
охранное войско	H5333	hbo:5333	fertility	1.0	6	eflomal;gloss
охранные войска	H5333	hbo:5333	fertility	1.0	6	eflomal;gloss
охранный отряд	H5333	hbo:5333	fertility	1.0	4	eflomal;gloss
очищения нечистот	H5079	hbo:5079	fertility	1.0	2	eflomal
пасхального агнца	H6453	hbo:6453	fertility	1.0	11	eflomal;gloss
пахаф моава	H6355	hbo:6355	fertility	1.0	10	eflomal;gloss
первом месяце	H7223	hbo:7223	fertility	1.0	2	gloss
первый месяц	H7223	hbo:7223	fertility	1.0	9	eflomal
первых плодов	H1061	hbo:1061	fertility	1.0	3	eflomal
печь огнем	H0861	hbo:0861	fertility	1.0	5	eflomal
пить вино	G3630	grc:3630	fertility	1.0	4	eflomal;gloss
побьют камнями	H5619	hbo:5619	fertility	1.0	2	eflomal
повесил дереве	H8518	hbo:8518	fertility	1.0	2	eflomal
повреждение теле	H3971	hbo:3971a	fertility	1.0	2	eflomal
полки знаменами	H1713	hbo:1713a	fertility	1.0	2	eflomal
полуденную страну	H5045	hbo:5045	fertility	1.0	4	eflomal
полчища гогова	H1996	hbo:1996	fertility	1.0	2	gloss
помыслы убийства	G5408	grc:5408	fertility	1.0	2	eflomal
потребовал суда	G1941	grc:1941	fertility	1.0	5	eflomal;gloss
поутру встали	H7925	hbo:7925	fertility	1.0	2	eflomal
почитай нечистым	G2840	grc:2840	fertility	1.0	4	eflomal;gloss
пошлешь кончину	H7999	hbo:7999	fertility	1.0	2	eflomal
предав заклятию	H2763	hbo:2763	fertility	1.0	2	eflomal
предай заклятию	H2763	hbo:2763	fertility	1.0	2	eflomal
предал заклятию	H2763	hbo:2763	fertility	1.0	8	eflomal
предали заклятию	H2763	hbo:2763	fertility	1.0	3	eflomal
прежнее состояние	H6927	hbo:6927	fertility	1.0	6	eflomal;gloss
препоясав чресла	G3751	grc:3751	fertility	1.0	2	eflomal
престольном городе	H1002	hbo:1002	fertility	1.0	6	eflomal;gloss
при приношение хлебное	H4503	hbo:4503	fertility	1.0	7	eflomal
при хлебное приношение	H4503	hbo:4503	fertility	1.0	2	eflomal
приветствия народных	G0783	grc:783	fertility	1.0	2	eflomal
придут корабли	H6716	hbo:6716	fertility	1.0	4	eflomal;gloss
признаки девства	H1331	hbo:1331	fertility	1.0	2	eflomal
приношение хлебное	H4503	hbo:4503	fertility	1.0	64	eflomal;gloss
приношения освящении	H2598	hbo:2598	fertility	1.0	2	eflomal
приношения хлебного	H4503	hbo:4503	fertility	1.0	15	eflomal;gloss
природного жителя	H0249	hbo:0249	fertility	1.0	4	eflomal;gloss
пристать к	G2853	grc:2853	fertility	1.0	2	gloss
продолжение лет	G2094	grc:2094	fertility	1.0	2	eflomal
пройти игольные	G5169	grc:5169	fertility	1.0	2	eflomal
пророческое видение	H2377	hbo:2377	fertility	1.0	3	eflomal
против священного	H5980	hbo:5980	fertility	1.0	2	eflomal
прямыми сделайте	G2117	grc:2117	fertility	1.0	6	eflomal;gloss
пустой внутри	H5014	hbo:5014	fertility	1.0	4	eflomal;gloss
пшеничной муки	H5560	hbo:5560	fertility	1.0	12	eflomal
пшеничною мукою	H5560	hbo:5560	fertility	1.0	26	eflomal;gloss
пяти тысяч	G4000	grc:4000	fertility	1.0	5	eflomal
разделят пополам	H2673	hbo:2673	fertility	1.0	4	eflomal;gloss
рамоф галаадский	H7433	hbo:7433	fertility	1.0	25	eflomal;gloss
рамофе галаадском	H7433	hbo:7433	fertility	1.0	8	eflomal;gloss
рамофу галаадскому	H7433	hbo:7433	fertility	1.0	4	eflomal;gloss
расположились станом	H2583	hbo:2583	fertility	1.0	57	eflomal
расположился станом	H2583	hbo:2583	fertility	1.0	5	eflomal
расстилания сетей	H2764	hbo:2764a	fertility	1.0	4	eflomal;gloss
растерзанного зверем	H2966	hbo:2966	fertility	1.0	6	eflomal;gloss
реки евфрата	H5104	hbo:5104	fertility	1.0	3	eflomal
родословных списках записано	H3187	hbo:3187	fertility	1.0	4	eflomal;gloss
ругатели поступающие	G1703	grc:1703	fertility	1.0	4	eflomal;gloss
савл савл	G4549	grc:4549	fertility	1.0	3	eflomal
светлую одежду	G2986	grc:2986	fertility	1.0	2	eflomal
сделаюсь бессилен	H2470	hbo:2470	fertility	1.0	2	eflomal
серебро принесенное	H3701	hbo:3701	fertility	1.0	3	eflomal
серебряное блюдо	H3701	hbo:3701	fertility	1.0	3	eflomal
сигон есевонский	H5511	hbo:5511	fertility	1.0	2	eflomal
сими воротами	H0428	hbo:0428	fertility	1.0	2	eflomal
сказав это	G3004	grc:3004	fertility	1.0	2	eflomal
сказал это	H1696	hbo:1696	fertility	1.0	3	eflomal
слово верно	G3056	grc:3056	fertility	1.0	2	eflomal
слово уст	H0632	hbo:0632	fertility	1.0	4	eflomal;gloss
слоновой кости	H8127	hbo:8127	fertility	1.0	10	eflomal;gloss
слоновую кость	H8143	hbo:8143	fertility	1.0	4	eflomal;gloss
слуг областных	H5619	hbo:5619	fertility	1.0	4	eflomal;gloss
случится излияние	H7902	hbo:7902	fertility	1.0	3	eflomal
смело проповедывал	G3955	grc:3955	fertility	1.0	3	eflomal
смертной тени	H6757	hbo:6757	fertility	1.0	4	eflomal;gloss
совершать курения	H6999	hbo:6999	fertility	1.0	2	eflomal
сражение сириянами	H4421	hbo:4421	fertility	1.0	2	eflomal
средине неба	G3321	grc:3321	fertility	1.0	2	eflomal
ставит колено	H4294	hbo:4294	fertility	1.0	2	eflomal
ставить стан	H2583	hbo:2583	fertility	1.0	5	eflomal
стада козла	H8163	hbo:8163a	fertility	1.0	2	eflomal
стада овец	H6629	hbo:6629	fertility	1.0	4	eflomal
стороннего возьми	H5237	hbo:5237	fertility	1.0	2	eflomal
стоявших тут	G3936	grc:3936	fertility	1.0	4	eflomal;gloss
стрижение овец	H1494	hbo:1494	fertility	1.0	4	eflomal;gloss
строил ковы	H0693	hbo:0693	fertility	1.0	2	eflomal
суетной жизни	H1892	hbo:1892	fertility	1.0	2	eflomal
сушеных зерен	H7039	hbo:7039	fertility	1.0	5	eflomal;gloss
тени смертной	H6757	hbo:6757	fertility	1.0	16	eflomal;gloss
терпя более	G4722	grc:4722	fertility	1.0	4	eflomal;gloss
торжественное собрание	H6116	hbo:6116	fertility	1.0	4	eflomal;gloss
тутовых дерев	H1057	hbo:1057	fertility	1.0	6	eflomal;gloss
тщетно чтут	G4576	grc:4576	fertility	1.0	4	eflomal;gloss
узорчатой работы	H7551	hbo:7551	fertility	1.0	6	eflomal;gloss
утробы матерней	H0990	hbo:0990	fertility	1.0	2	eflomal
уцелел избежал	H8300	hbo:8300	fertility	1.0	3	eflomal
фараону египетскому	H6547	hbo:6547	fertility	1.0	2	eflomal
фафнай заречный	H8674	hbo:8674	fertility	1.0	7	eflomal;gloss
финиковых дерев	H8558	hbo:8558	fertility	1.0	4	eflomal;gloss
харошеф гоима	H2800	hbo:2800a	fertility	1.0	4	eflomal;gloss
хацацон фамаре	H2688	hbo:2688	fertility	1.0	4	eflomal;gloss
хлеб выколосился	H7054	hbo:7054	fertility	1.0	2	eflomal
хлебного приношения	H4503	hbo:4503	fertility	1.0	56	eflomal;gloss
хлебное приношение	H4503	hbo:4503	fertility	1.0	47	eflomal;gloss
хлебным приношением	H4503	hbo:4503	fertility	1.0	6	eflomal;gloss
хозяин дома	G3617	grc:3617	fertility	1.0	3	eflomal
хозяина дома	G3617	grc:3617	fertility	1.0	4	eflomal;gloss
хозяину дома	G3617	grc:3617	fertility	1.0	2	eflomal
худую молву	H1681	hbo:1681	fertility	1.0	6	eflomal;gloss
царице есфири	H4436	hbo:4436	fertility	1.0	2	eflomal
части пшеничной	H5560	hbo:5560	fertility	1.0	3	eflomal
части пшеничной муки	H5560	hbo:5560	fertility	1.0	2	eflomal
часть пшеничной муки	H5560	hbo:5560	fertility	1.0	2	eflomal
чаши блюда	G4221	grc:4221	fertility	1.0	2	eflomal
чему нибудь	H3605	hbo:3605	fertility	1.0	2	eflomal
четвертого рода	H7256	hbo:7256	fertility	1.0	8	eflomal;gloss
четыре тысячи	G5070	grc:5070	fertility	1.0	6	eflomal;gloss
четырех тысяч	G5070	grc:5070	fertility	1.0	4	eflomal;gloss
чистого золота	H6337	hbo:6337	fertility	1.0	4	eflomal;gloss
чистое золото	G2513	grc:2513	fertility	1.0	2	eflomal
член совета	G1010	grc:1010	fertility	1.0	4	eflomal;gloss
чудные дела	H6381	hbo:6381	fertility	1.0	10	eflomal;gloss
чуждых закона	G0459	grc:459	fertility	1.0	4	eflomal;gloss
юбилей отойдет	H3104	hbo:3104	fertility	1.0	2	eflomal
южной стороны	H5045	hbo:5045	fertility	1.0	2	eflomal
южную страну	H5045	hbo:5045	fertility	1.0	2	eflomal
мужеского пола	H2145	hbo:2145	fertility	0.936	44	eflomal
кириаф иарима	H7157	hbo:7157	fertility	0.917	22	eflomal;gloss
большой правой	H0931	hbo:0931	fertility	0.9	10	eflomal
голубой шерсти	H8504	hbo:8504	fertility	0.857	6	eflomal
восточного края	H6921	hbo:6921	fertility	0.833	12	eflomal
молодого осла	G4454	grc:4454	fertility	0.833	5	eflomal
боковые комнаты	H8372	hbo:8372	fertility	0.8	4	eflomal
громкий голос	G3173	grc:3173	fertility	0.8	5	eflomal
тяжкое иго	H5923,H3515	hbo:5923,hbo:3515	phrasal	0.778	9	eflomal
другим богам	H0312	hbo:0312	fertility	0.75	4	eflomal
моровая язва	H1698	hbo:1698	fertility	0.75	4	eflomal
никакой пользы	H3276	hbo:3276	fertility	0.75	4	eflomal
способный войне	H4421	hbo:4421	fertility	0.75	4	eflomal
веельзевула изгоняю	G1544	grc:1544	fertility	0.667	3	eflomal
вполне предано	H8003	hbo:8003	fertility	0.667	3	eflomal
обреченных заклание	H2028	hbo:2028	fertility	0.667	2	eflomal
правило правило	H6957	hbo:6957b	fertility	0.667	3	eflomal
мужеский пол	H2145,H2138	hbo:2145,hbo:2138	phrasal	0.636	22	eflomal;gloss
боже боже	H0430	hbo:0430	fertility	0.5	2	eflomal
буду более	H3254	hbo:3254	fertility	0.5	2	eflomal
вещественным началам	G4747	grc:4747	fertility	0.5	2	eflomal
внутреннюю комнату	H2315	hbo:2315	fertility	0.5	2	eflomal
возложила зарок	H0631	hbo:0631	fertility	0.5	2	eflomal
давать взаймы	H3867	hbo:3867a	fertility	0.5	2	eflomal
делаете добро	G0015	grc:15	fertility	0.5	2	eflomal
долиною енномовых	H1516	hbo:1516a	fertility	0.5	2	eflomal
жертвенник жертвенник	H4196	hbo:4196	fertility	0.5	2	eflomal
замки их	H4514	hbo:4514	fertility	0.5	4	eflomal
знамение чудо	H4159	hbo:4159	fertility	0.5	2	eflomal
изгоняет силою	G1544	grc:1544	fertility	0.5	2	eflomal
какой народ	H1471	hbo:1471	fertility	0.5	2	eflomal
крупного скота	H1241	hbo:1241	fertility	0.5	8	eflomal
локтей вышиною	H0520	hbo:0520	fertility	0.5	2	eflomal
ляжешь спать	H7901	hbo:7901	fertility	0.5	2	eflomal
молодых львов	H3715	hbo:3715	fertility	0.5	2	eflomal
музыкальными орудиями	H3627	hbo:3627	fertility	0.5	2	eflomal
никто не	G3367	grc:3367	fertility	0.5	2	eflomal
одна женщина	H0802	hbo:0802	fertility	0.5	2	eflomal
получили удел	H5157	hbo:5157	fertility	0.5	2	eflomal
пройдет через	H5674	hbo:5674	fertility	0.5	2	eflomal
рассуждению человеческому	G0444	grc:444	fertility	0.5	2	eflomal
родит младенца	H3205	hbo:3205	fertility	0.5	2	eflomal
самуилу самуил самуил	H8050	hbo:8050	fertility	0.5	2	eflomal
сберечь тот	G4982	grc:4982	fertility	0.5	2	eflomal
собственного сердца	H3820	hbo:3820	fertility	0.5	2	eflomal
суета сует	H1892	hbo:1892	fertility	0.5	2	eflomal
царь царей	G0935	grc:935	fertility	0.5	2	eflomal
чертога брачного	G3567	grc:3567	fertility	0.5	2	eflomal
другой стороны	H2088	hbo:2088	fertility	0.4	5	eflomal
восточным ветром	H6921	hbo:6921	fertility	0.333	3	eflomal
господь бог	H3068,H0430	hbo:3068,hbo:0430	phrasal	0.333	6	eflomal
дерева ситтим	H5982	hbo:5982	fertility	0.333	2	eflomal
пред ним	H6440	hbo:6440	fertility	0.333	3	eflomal
побить камнями	G3034	grc:3034	fertility	0.286	2	eflomal
были отменены	H5493	hbo:5493	fertility	0.25	4	eflomal
предан смерти	H4191	hbo:4191	fertility	0.25	4	eflomal
верхнюю одежду	H4598	hbo:4598	fertility	0.2	4	eflomal
свое время	H6256	hbo:6256	fertility	0.2	5	eflomal
однолетних агнцев	H3532,H8141	hbo:3532,hbo:8141	phrasal	0.111	18	eflomal
ангел вылил	G1632	grc:1632	fertility	0.0	7	eflomal
багряницу золотая	H2002	hbo:2002	fertility	0.0	2	eflomal
благоухание приятное	H7381	hbo:7381	fertility	0.0	7	eflomal
близко подходили	H5066	hbo:5066	fertility	0.0	2	eflomal
больше сделает	H3254	hbo:3254	fertility	0.0	2	eflomal
большой палец правой	H0931	hbo:0931	fertility	0.0	2	eflomal
брат брата	G0080	grc:80	fertility	0.0	2	eflomal
брошена печь	G2823	grc:2823	fertility	0.0	2	eflomal
будет какое	H3605	hbo:3605	fertility	0.0	2	eflomal
будет наследником	H3423	hbo:3423	fertility	0.0	2	eflomal
будет она	H1961	hbo:1961	fertility	0.0	2	eflomal
будете есть	H0398	hbo:0398	fertility	0.0	5	eflomal
будешь более	H3254	hbo:3254	fertility	0.0	2	eflomal
будут называть	H0559	hbo:0559	fertility	0.0	2	eflomal
великая святыня	H6944	hbo:6944	fertility	0.0	2	eflomal
великий народ	H1419	hbo:1419	fertility	0.0	2	eflomal
ветвистым деревом	H6086	hbo:6086	fertility	0.0	2	eflomal
вещи посвященные	H6944	hbo:6944	fertility	0.0	2	eflomal
вины достойной	G0156	grc:156	fertility	0.0	2	eflomal
военачальник адраазаров	H6635	hbo:6635	fertility	0.0	2	eflomal
волею божиею	G2307	grc:2307	fertility	0.0	2	eflomal
всадникам на	H7392	hbo:7392	fertility	0.0	2	eflomal
вспомнила о	H2142	hbo:2142	fertility	0.0	2	eflomal
выкупить можно	H1353	hbo:1353	fertility	0.0	2	eflomal
выросшее от	H5599	hbo:5599a	fertility	0.0	2	eflomal
выступающей башни	H4026	hbo:4026	fertility	0.0	2	eflomal
выходящие из	H3318	hbo:3318	fertility	0.0	2	eflomal
гоняются за	H7291	hbo:7291	fertility	0.0	2	eflomal
град сильный	H3515	hbo:3515	fertility	0.0	2	eflomal
громким голосом	G3173,G5456	grc:3173,grc:5456	phrasal	0.0	20	eflomal
дано ему	H7121	hbo:7121	fertility	0.0	3	eflomal
добрые грозды	H6025	hbo:6025	fertility	0.0	2	eflomal
долгое время	G5550	grc:5550	fertility	0.0	2	eflomal
должно опресноки	H4682	hbo:4682	fertility	0.0	2	eflomal
другом поле	H7704	hbo:7704	fertility	0.0	2	eflomal
еврейском языке	G1258	grc:1258	fertility	0.0	2	eflomal
если кто	H0376	hbo:0376	fertility	0.0	4	eflomal
жует жвачки	H1625	hbo:1625	fertility	0.0	2	eflomal
заботится о	G3309	grc:3309	fertility	0.0	2	eflomal
зажегши свечу	G3088	grc:3088	fertility	0.0	2	eflomal
заключил мир	H7999	hbo:7999	fertility	0.0	2	eflomal
заменишь выкупи	H6299	hbo:6299	fertility	0.0	2	eflomal
заменяй агнцем	H7716	hbo:7716	fertility	0.0	2	eflomal
запел петух	G0220	grc:220	fertility	0.0	2	eflomal
земли той	H0776	hbo:0776	fertility	0.0	3	eflomal
землями положив	H0776	hbo:0776	fertility	0.0	2	eflomal
игольные уши	G4476	grc:4476	fertility	0.0	2	eflomal
иерусалим поклонения	G2419	grc:2419	fertility	0.0	2	eflomal
иерусалимского отнес	H2987	hbo:2987	fertility	0.0	2	eflomal
излишних числа	H5736	hbo:5736	fertility	0.0	2	eflomal
иисус сказал	G3004	grc:3004	fertility	0.0	3	eflomal
иисуса христа	G5547,G2424	grc:5547,grc:2424	phrasal	0.0	12	eflomal
иордана разделилась	H3383	hbo:3383	fertility	0.0	2	eflomal
каждого из	G1538	grc:1538	fertility	0.0	2	eflomal
каждый день	H3117	hbo:3117	fertility	0.0	2	eflomal
какого либо	H3605	hbo:3605	fertility	0.0	5	eflomal
какой либо	H3605	hbo:3605	fertility	0.0	2	eflomal
клянусь жизнью	H2416	hbo:2416	fertility	0.0	2	eflomal
когда настал	G3798	grc:3798	fertility	0.0	4	eflomal
когда они	H1961	hbo:1961	fertility	0.0	3	eflomal
когда придет	H0935	hbo:0935	fertility	0.0	2	eflomal
кость обезьян	H6971	hbo:6971	fertility	0.0	2	eflomal
летах преклонных	H3117	hbo:3117	fertility	0.0	2	eflomal
ливанского дерева	H3844	hbo:3844	fertility	0.0	4	eflomal
люди воинственные	H1368	hbo:1368	fertility	0.0	3	eflomal
мало показалось	H2063	hbo:2063	fertility	0.0	2	eflomal
мелким скотом	H6629	hbo:6629	fertility	0.0	2	eflomal
мирную вола	H1241	hbo:1241	fertility	0.0	3	eflomal
множество народа	G4183,G3793	grc:4183,grc:3793	phrasal	0.0	12	eflomal
накажет за	H6485	hbo:6485	fertility	0.0	2	eflomal
наказываемы смертью	H4191	hbo:4191	fertility	0.0	2	eflomal
народов господствуют	G1484	grc:1484	fertility	0.0	2	eflomal
настал вечер	G1096,G3798	grc:1096,grc:3798	phrasal	0.0	4	eflomal
начальнику хора	H5329	hbo:5329	fertility	0.0	2	eflomal
не стало	H0006,H2308	hbo:0006,hbo:2308	phrasal	0.0	4	eflomal
невнятною речью	H8193	hbo:8193	fertility	0.0	2	eflomal
неужели спасет	H5337	hbo:5337	fertility	0.0	2	eflomal
неужели ты	H3068	hbo:3069	fertility	0.0	2	eflomal
никакой работы	H4399	hbo:4399	fertility	0.0	12	eflomal
обезьян павлинов	H8500	hbo:8500	fertility	0.0	2	eflomal
обратись и	H7725	hbo:7725	fertility	0.0	2	eflomal
огнистых камней	H0068	hbo:0068	fertility	0.0	2	eflomal
одного козла	H8163	hbo:8163a	fertility	0.0	6	eflomal
одного человека	H0376	hbo:0376	fertility	0.0	3	eflomal
опасностью жизни	H5315	hbo:5315	fertility	0.0	4	eflomal
оставили живых	H2421	hbo:2421	fertility	0.0	2	eflomal
отверстое небо	G3772	grc:3772	fertility	0.0	2	eflomal
отдаю сей	H3563	hbo:3563	fertility	0.0	2	eflomal
отправившись оттуда	G0450	grc:450	fertility	0.0	2	eflomal
отшедшими в	H3381	hbo:3381	fertility	0.0	5	eflomal
очень немного	H4213	hbo:4213	fertility	0.0	2	eflomal
первых иудею	G2453	grc:2453	fertility	0.0	2	eflomal
перекуют мечи	H2719	hbo:2719	fertility	0.0	2	eflomal
плода виноградного	G0288	grc:288	fertility	0.0	2	eflomal
подвергнет одной	G3313	grc:3313	fertility	0.0	2	eflomal
поднято было	H5265	hbo:5265	fertility	0.0	3	eflomal
полуденной стороны	H6285	hbo:6285	fertility	0.0	2	eflomal
попросишь у	G0154	grc:154	fertility	0.0	2	eflomal
порождения ехиднины	G2191	grc:2191	fertility	0.0	2	eflomal
последнего покрывала	H3407	hbo:3407	fertility	0.0	2	eflomal
последовал за	G0190	grc:190	fertility	0.0	3	eflomal
последовали за	G0190	grc:190	fertility	0.0	7	eflomal
поставили царем	H4427	hbo:4427	fertility	0.0	2	eflomal
праведные твои	H6664	hbo:6664	fertility	0.0	2	eflomal
пред лице	H6440	hbo:6440	fertility	0.0	2	eflomal
предать смерти	H4191	hbo:4191	fertility	0.0	3	eflomal
приступила к	G4334	grc:4334	fertility	0.0	2	eflomal
пришел к	G4334	grc:4334	fertility	0.0	2	eflomal
приятное благоухание	H7381,H5207	hbo:7381,hbo:5207	phrasal	0.0	18	eflomal
происшедших от	H3318	hbo:3318	fertility	0.0	2	eflomal
пропоет петух	G5455	grc:5455	fertility	0.0	3	eflomal
просящему у	G0154	grc:154	fertility	0.0	2	eflomal
просящим у	G0154	grc:154	fertility	0.0	2	eflomal
пусть остается	H5975	hbo:5975	fertility	0.0	2	eflomal
пусть подойдет	H5066	hbo:5066	fertility	0.0	2	eflomal
разверзающее ложесна	H6363	hbo:6363	fertility	0.0	2	eflomal
разноцветную одежду	H6446	hbo:6446	fertility	0.0	3	eflomal
сбудется реченное	G4137	grc:4137	fertility	0.0	2	eflomal
святое святых	H6944	hbo:6944	fertility	0.0	2	eflomal
священное собрание	H6944,H4744	hbo:6944,hbo:4744	phrasal	0.0	5	eflomal
священные собрания	H6944	hbo:6944	fertility	0.0	3	eflomal
сделали преступление	H4603	hbo:4603	fertility	0.0	2	eflomal
сделаются здоровыми	H7495	hbo:7495	fertility	0.0	2	eflomal
северной начинается	H6828	hbo:6828	fertility	0.0	2	eflomal
северною стороною	H3802	hbo:3802	fertility	0.0	2	eflomal
седрах мисах	H4336	hbo:4336	fertility	0.0	3	eflomal
сиклей золота	H2091	hbo:2091	fertility	0.0	2	eflomal
силою веельзевула	G0954	grc:954	fertility	0.0	2	eflomal
сисара сказал	H0559	hbo:0559	fertility	0.0	2	eflomal
сказав сие	G3004	grc:3004	fertility	0.0	4	eflomal
сказали мне	H2493	hbo:2493	fertility	0.0	2	eflomal
сколько нужно	H1767	hbo:1767	fertility	0.0	2	eflomal
следовали за	G0190	grc:190	fertility	0.0	3	eflomal
следуй за	G0190	grc:190	fertility	0.0	9	eflomal
службы при	H5656	hbo:5656	fertility	0.0	2	eflomal
слышать слышит	G0191	grc:191	fertility	0.0	3	eflomal
слышен голос	H6963	hbo:6963	fertility	0.0	2	eflomal
смотреть ходили	G1831	grc:1831	fertility	0.0	3	eflomal
собираются идут	H6908	hbo:6908	fertility	0.0	2	eflomal
совак военачальник	H8269	hbo:8269	fertility	0.0	2	eflomal
совершал жертвы	H2076	hbo:2076	fertility	0.0	2	eflomal
совершил служение	H5647	hbo:5647	fertility	0.0	5	eflomal
сожгите огне	H0784	hbo:0784	fertility	0.0	2	eflomal
спальной комнате	H2315	hbo:2315	fertility	0.0	2	eflomal
спелыми плодами	H7019	hbo:7019	fertility	0.0	2	eflomal
станете служить	H5647	hbo:5647	fertility	0.0	2	eflomal
сынов человеческих	H3820	hbo:3820	fertility	0.0	2	eflomal
сыновья сыновья	H1121	hbo:1121	fertility	0.0	2	eflomal
такой то	H2088	hbo:2088	fertility	0.0	2	eflomal
тельцов овна	H0352	hbo:0352	fertility	0.0	2	eflomal
тельцов овнов	H0352	hbo:0352	fertility	0.0	7	eflomal
тенистым деревом	H6086	hbo:6086	fertility	0.0	3	eflomal
третья часть	G5154	grc:5154	fertility	0.0	2	eflomal
узнан будет	H3045	hbo:3045	fertility	0.0	3	eflomal
укрепленных городов	H1208	hbo:1208	fertility	0.0	3	eflomal
умилосердится над	H7355	hbo:7355	fertility	0.0	2	eflomal
употребляются служения	H8334	hbo:8334	fertility	0.0	2	eflomal
ученикам своим	G3101	grc:3101	fertility	0.0	4	eflomal
хаттила похереф	H6380	hbo:6380	fertility	0.0	2	eflomal
хлебы предложения	G4286	grc:4286	fertility	0.0	2	eflomal
хотите землею	H0776	hbo:0776	fertility	0.0	2	eflomal
царица южная	G0938	grc:938	fertility	0.0	2	eflomal
царским перстнем	H4428	hbo:4428	fertility	0.0	2	eflomal
царское племя	H2233	hbo:2233	fertility	0.0	2	eflomal
целый месяц	H2320	hbo:2320	fertility	0.0	2	eflomal
цитры цевницы	H5443	hbo:5443	fertility	0.0	2	eflomal
части ефы	H3532	hbo:3532	fertility	0.0	3	eflomal
чашу свою	G5357	grc:5357	fertility	0.0	6	eflomal
червленой шерсти	H8438,H8144	hbo:8438,hbo:8144	phrasal	0.0	7	eflomal
чермного моря	H5488	hbo:5488	fertility	0.0	10	eflomal
являйтесь на	H7200	hbo:7200	fertility	0.0	2	eflomal
