# multi-word expressions (M1): target phrase -> original lexeme(s); lang=spa; from bcv-commons/lexeme-alignments; content+same-testament, count>=2. CC0
surface	strongs	lexemes	kind	confidence	count	methods
abel maachâ	H0062	hbo:0062	fertility	1.0	3	eflomal
abel mehola	H0065	hbo:0065	fertility	1.0	4	eflomal;gloss
abraham abraham	H0085	hbo:0085	fertility	1.0	2	eflomal
acción gracias	G2169	grc:2169	fertility	1.0	2	eflomal
aconsejáis responda	H3289	hbo:3289	fertility	1.0	2	eflomal
adoni bezec	H0137	hbo:0137	fertility	1.0	6	eflomal;gloss
alcanzado misericordia	G1653	grc:1653	fertility	1.0	3	eflomal
alegres nuevas	H1319	hbo:1319	fertility	1.0	2	eflomal
allanad allanad	H5549	hbo:5549	fertility	1.0	4	eflomal;gloss
almon diblathaim	H5963	hbo:5963	fertility	1.0	4	eflomal;gloss
alzaron grita	H7321	hbo:7321	fertility	1.0	2	eflomal
amador heridor	G3943	grc:3943	fertility	1.0	2	eflomal
amor fraternal	G5360	grc:5360	fertility	1.0	6	eflomal;gloss
animales engordados	H4806	hbo:4806	fertility	1.0	3	eflomal
antes de	H6440	hbo:6440	fertility	1.0	2	eflomal
anunciando evangelio	G2097	grc:2097	fertility	1.0	5	eflomal
anunciare evangelio	G2097	grc:2097	fertility	1.0	2	eflomal
apartaos apartaos	H5493	hbo:5493	fertility	1.0	2	eflomal
aposento alto	G5253	grc:5253	fertility	1.0	4	eflomal;gloss
arco celeste	G2463	grc:2463	fertility	1.0	4	eflomal;gloss
asentado campo	H2583	hbo:2583	fertility	1.0	3	eflomal
asentaron campo	H2583	hbo:2583	fertility	1.0	21	eflomal
asentó campo	H2583	hbo:2583	fertility	1.0	5	eflomal
asno montés	H6501	hbo:6501	fertility	1.0	6	eflomal;gloss
ataroth addar	H5853	hbo:5853	fertility	1.0	4	eflomal;gloss
baal berith	H1170	hbo:1170	fertility	1.0	4	eflomal;gloss
baal gad	H1171	hbo:1171	fertility	1.0	6	eflomal;gloss
baal hanán	H1177	hbo:1177	fertility	1.0	2	eflomal
baal hermón	H1179	hbo:1179	fertility	1.0	4	eflomal;gloss
baal meón	H1186	hbo:1186	fertility	1.0	6	eflomal;gloss
baal peor	H1187	hbo:1187	fertility	1.0	12	eflomal;gloss
baal perasim	H1188	hbo:1188	fertility	1.0	8	eflomal;gloss
baal zebub	H1176	hbo:1176	fertility	1.0	8	eflomal;gloss
barro cocido	H2635	hbo:2635	fertility	1.0	10	eflomal;gloss
bath sheba	H1339	hbo:1339	fertility	1.0	20	eflomal;gloss
beer seba	H0884	hbo:0884	fertility	1.0	55	eflomal;gloss
beer sebah	H0884	hbo:0884	fertility	1.0	6	eflomal;gloss
bene jaacán	H1142	hbo:1142	fertility	1.0	4	eflomal;gloss
bestias monteses	H6728	hbo:6728a	fertility	1.0	2	eflomal
beth aven	H1007	hbo:1007	fertility	1.0	12	eflomal;gloss
beth jesimoth	H1020	hbo:1020	fertility	1.0	8	eflomal;gloss
beth oron	H1032	hbo:1032	fertility	1.0	26	eflomal;gloss
beth peor	H1047	hbo:1047	fertility	1.0	6	eflomal;gloss
beth san	H1052	hbo:1052	fertility	1.0	7	eflomal
beth semes	H1053	hbo:1053	fertility	1.0	19	eflomal
buena gana	G2236	grc:2236	fertility	1.0	4	eflomal;gloss
buena voluntad	G2107	grc:2107	fertility	1.0	3	eflomal
cabras monteses	H3277	hbo:3277	fertility	1.0	4	eflomal;gloss
cachorro león	H3715	hbo:3715	fertility	1.0	2	eflomal
cada de	G1538	grc:1538	fertility	1.0	8	eflomal
cades barnea	H6947	hbo:6947	fertility	1.0	20	eflomal;gloss
caminaba derecho	H5676	hbo:5676	fertility	1.0	3	eflomal
campo fértil	H3759	hbo:3759	fertility	1.0	4	eflomal;gloss
campo labrado	H3759	hbo:3759	fertility	1.0	6	eflomal;gloss
cantad salmos	H2167	hbo:2167	fertility	1.0	2	eflomal
cantadle salmos	H2167	hbo:2167	fertility	1.0	4	eflomal;gloss
cantaré salmos	H2167	hbo:2167	fertility	1.0	2	eflomal
capital reino	H1002	hbo:1002	fertility	1.0	7	eflomal
causa hermosura	H3308	hbo:3308	fertility	1.0	2	eflomal
cayó enfermo	H2470	hbo:2470	fertility	1.0	4	eflomal
caña aromática	H7070	hbo:7070	fertility	1.0	2	eflomal
chapeos tiaras	H4021	hbo:4021	fertility	1.0	8	eflomal;gloss
chismoso parecen	H5372	hbo:5372	fertility	1.0	2	eflomal
chusan risathaim	H3573	hbo:3573	fertility	1.0	8	eflomal;gloss
chîriath arba	H7153	hbo:7153	fertility	1.0	5	eflomal
chîriath sepher	H7158	hbo:7158a	fertility	1.0	8	eflomal;gloss
cielos cielos	H8064	hbo:8064	fertility	1.0	2	eflomal
cinco mil	G4000	grc:4000	fertility	1.0	5	eflomal
color oscuro	H2345	hbo:2345	fertility	1.0	2	eflomal
comete adulterio	G3429	grc:3429	fertility	1.0	5	eflomal;gloss
como tarde	G3798	grc:3798	fertility	1.0	2	eflomal
comprimieron pechos	H1717	hbo:1717	fertility	1.0	2	eflomal
conforme número	H4557	hbo:4557	fertility	1.0	2	eflomal
consentía muerte	G4909	grc:4909	fertility	1.0	2	eflomal
cosas hablado	G2980	grc:2980	fertility	1.0	3	eflomal
crucifícale crucifícale	G4717	grc:4717	fertility	1.0	2	eflomal
cuando juntáis	G4905	grc:4905	fertility	1.0	2	eflomal
cuatro mil	G5070	grc:5070	fertility	1.0	10	eflomal;gloss
cuiden poner	H8104	hbo:8104	fertility	1.0	2	eflomal
dado gracias	G2168	grc:2168	fertility	1.0	6	eflomal
dado testimonio	G3140	grc:3140	fertility	1.0	4	eflomal
damos gracias	G2168	grc:2168	fertility	1.0	3	eflomal
daos priesa	H4116	hbo:4116	fertility	1.0	3	eflomal
date priesa	H4116	hbo:4116	fertility	1.0	3	eflomal
declarado quiere	G3177	grc:3177	fertility	1.0	2	eflomal
dedo pulgar	H0931	hbo:0931	fertility	1.0	4	eflomal
del otro lado del	H5675	hbo:5675	fertility	1.0	2	gloss
delante ojos	H5869	hbo:5869	fertility	1.0	2	eflomal
densas ramas	H5687	hbo:5687a	fertility	1.0	2	eflomal
derramar sangre	H1818	hbo:1818	fertility	1.0	2	eflomal
descender canas	H7872	hbo:7872	fertility	1.0	2	eflomal
desnuda descubierta	H6181	hbo:6181	fertility	1.0	4	eflomal
despierta despierta	H5782	hbo:5782	fertility	1.0	8	eflomal;gloss
dicho antes	G4302	grc:4302	fertility	1.0	3	eflomal
dieron aviso	G0518	grc:518	fertility	1.0	2	eflomal
dieron beber	H8248	hbo:8248	fertility	1.0	2	eflomal
diese testimonio	G3140	grc:3140	fertility	1.0	3	eflomal
diez mil	G3463	grc:3463	fertility	1.0	5	eflomal;gloss
diversos colores	H7553	hbo:7553	fertility	1.0	6	eflomal;gloss
dones espirituales	G4152	grc:4152	fertility	1.0	2	eflomal
drogas aromáticas	G0759	grc:759	fertility	1.0	4	eflomal;gloss
dureza corazón	G4641	grc:4641	fertility	1.0	2	eflomal
ebed melec	H5663	hbo:5663	fertility	1.0	12	eflomal;gloss
eben ezer	H0072	hbo:0072	fertility	1.0	6	eflomal;gloss
echa fuera	G1544	grc:1544	fertility	1.0	6	eflomal
echaba demonios	G1140	grc:1140	fertility	1.0	3	eflomal
echando subía	H7411	hbo:7411	fertility	1.0	2	eflomal
echar fuera	G1544	grc:1544	fertility	1.0	4	eflomal
echasen fuera	G1544	grc:1544	fertility	1.0	3	eflomal
echo fuera	G1544	grc:1544	fertility	1.0	6	eflomal
echó fuera	G1544	grc:1544	fertility	1.0	3	eflomal
elevada ofrenda	H8641	hbo:8641	fertility	1.0	3	eflomal
encuentro balaam	H1109	hbo:1109	fertility	1.0	2	eflomal
esar hadón	H0634	hbo:0634	fertility	1.0	4	eflomal;gloss
escribe ángel	G0032	grc:32	fertility	1.0	7	eflomal
escultura imagen	H6459	hbo:6459	fertility	1.0	2	eflomal
esion geber	H6100	hbo:6100	fertility	1.0	4	eflomal
esotra parte	H5676	hbo:5676	fertility	1.0	3	eflomal
especias aromáticas	H1314	hbo:1314	fertility	1.0	3	eflomal
esperar hollada	H4001	hbo:4001	fertility	1.0	2	eflomal
esta parte	H5676	hbo:5676	fertility	1.0	10	eflomal
establecido tropiezo	H4383	hbo:4383	fertility	1.0	3	eflomal
estad atentos	H7181,H0238	hbo:7181,hbo:0238	phrasal	1.0	13	eflomal;gloss
estad firmes	G4739	grc:4739	fertility	1.0	3	eflomal
estar profunda	H6013	hbo:6013	fertility	1.0	3	eflomal
estarás mudo	H0481	hbo:0481	fertility	1.0	2	eflomal
estaréme quieto	H2308	hbo:2308	fertility	1.0	2	eflomal
estotra parte	H5676	hbo:5676	fertility	1.0	3	eflomal
estuviesen apercibidos	H6264	hbo:6264	fertility	1.0	4	eflomal;gloss
expiación culpa	H0817	hbo:0817	fertility	1.0	4	eflomal
expiación pecado	H2403	hbo:2403	fertility	1.0	2	eflomal
falso profeta	G5578	grc:5578	fertility	1.0	4	eflomal
falsos hermanos	G5569	grc:5569	fertility	1.0	2	eflomal
falsos profetas	G5578	grc:5578	fertility	1.0	7	eflomal
figura almendras	H8246	hbo:8246	fertility	1.0	2	eflomal
fruta temprana	H1063	hbo:1063	fertility	1.0	4	eflomal;gloss
fuereis rebeldes	H4784	hbo:4784	fertility	1.0	3	eflomal
fueses príncipe	H5057	hbo:5057	fertility	1.0	2	eflomal
fuisteis rebeldes	H4784	hbo:4784	fertility	1.0	5	eflomal
gath rimmón	H1667	hbo:1667	fertility	1.0	6	eflomal;gloss
gatos cervales	H0338	hbo:0338	fertility	1.0	4	eflomal;gloss
gente caballo	H6571	hbo:6571	fertility	1.0	12	eflomal
gracias doy	G2168	grc:2168	fertility	1.0	2	eflomal
granjeare mundo	G2889	grc:2889	fertility	1.0	3	eflomal
grano tostado	H7039	hbo:7039	fertility	1.0	8	eflomal;gloss
habrá espante	H2729	hbo:2729	fertility	1.0	10	eflomal
hacia escribía	G2955	grc:2955	fertility	1.0	2	eflomal
hacia oriente	H6921	hbo:6921	fertility	1.0	2	eflomal
haciendo bien	G0015	grc:15	fertility	1.0	4	eflomal
hacimiento gracias	G2169	grc:2169	fertility	1.0	7	eflomal
hacimientos gracias	G2169	grc:2169	fertility	1.0	2	eflomal
hacían burla	G2606	grc:2606	fertility	1.0	4	eflomal;gloss
hadad ezer	H1909	hbo:1909	fertility	1.0	11	eflomal
hamón gog	H1996	hbo:1996	fertility	1.0	4	eflomal;gloss
haroseth gentes	H2800	hbo:2800a	fertility	1.0	2	eflomal
hará expiación	H3722	hbo:3722	fertility	1.0	13	eflomal
hará reconciliación	H3722	hbo:3722	fertility	1.0	4	eflomal
harálo arder	H6999	hbo:6999	fertility	1.0	4	eflomal
harélos volver	H7725	hbo:7725	fertility	1.0	2	eflomal
hasar enán	H2704	hbo:2704	fertility	1.0	4	eflomal;gloss
hasar sual	H2705	hbo:2705	fertility	1.0	8	eflomal;gloss
hebreos deja	H5680	hbo:5680	fertility	1.0	2	eflomal
hiciéronle rey	H4427	hbo:4427	fertility	1.0	3	eflomal
hierbas amargas	H4844	hbo:4844	fertility	1.0	4	eflomal;gloss
hija virgen	G3933	grc:3933	fertility	1.0	2	eflomal
hijo alfeo	G0256	grc:256	fertility	1.0	5	eflomal
hijo hijo	H1121	hbo:1121	fertility	1.0	2	eflomal
hilo grana	H8144	hbo:8144	fertility	1.0	2	eflomal
hilos pasas	H6778	hbo:6778	fertility	1.0	3	eflomal
hincando rodilla	G1120	grc:1120	fertility	1.0	2	eflomal
holocaustos expiaciones	G3646	grc:3646	fertility	1.0	2	eflomal
hombres pie	H7273	hbo:7273	fertility	1.0	3	eflomal
hombres poca fe	G3640	grc:3640	fertility	1.0	3	eflomal
hubiere cundido	H6581	hbo:6581	fertility	1.0	3	eflomal
imagen talla	H6459	hbo:6459	fertility	1.0	4	eflomal
imágenes sol	H2553	hbo:2553	fertility	1.0	2	eflomal
incurrido hombre	H0376	hbo:0376	fertility	1.0	2	eflomal
jabes galaad	H3003	hbo:3003b	fertility	1.0	8	eflomal
jerusalem jerusalem	G2419	grc:2419	fertility	1.0	2	eflomal
joppe haz	G2445	grc:2445	fertility	1.0	3	eflomal
kibroth hataava	H6914	hbo:6914	fertility	1.0	2	eflomal
kibroth hattaavah	H6914	hbo:6914	fertility	1.0	2	eflomal
labrado martillo	H4749	hbo:4749	fertility	1.0	3	eflomal
lado aquilón	H6828	hbo:6828	fertility	1.0	2	eflomal
lagares rebosarán	H3342	hbo:3342	fertility	1.0	2	eflomal
latón fino	G5474	grc:5474	fertility	1.0	2	gloss
lavará lavaráse	H3526	hbo:3526	fertility	1.0	2	eflomal
lengua desconocida	G1100	grc:1100	fertility	1.0	2	eflomal
lengua extraña	G1100	grc:1100	fertility	1.0	3	eflomal
lento para	H0750	hbo:0750	fertility	1.0	2	eflomal
levadura leuda	G2219	grc:2219	fertility	1.0	2	eflomal
levantándose mañana	H7925	hbo:7925	fertility	1.0	2	eflomal
levantó mañana	H7925	hbo:7925	fertility	1.0	2	eflomal
limpió llames	G2511	grc:2511	fertility	1.0	2	eflomal
llamáronla bienaventurada	H0833	hbo:0833a	fertility	1.0	4	eflomal;gloss
llegaba hasta	H0363	hbo:0363	fertility	1.0	4	eflomal;gloss
llegando cerca	G1448	grc:1448	fertility	1.0	4	eflomal
llegó cerca	G1448	grc:1448	fertility	1.0	3	eflomal
llevado cautivos	H7617	hbo:7617	fertility	1.0	4	eflomal
lluvia tardía	H4456	hbo:4456	fertility	1.0	2	eflomal
locamente hecho	H5528	hbo:5528	fertility	1.0	2	eflomal
lodo suelto	H8602	hbo:8602	fertility	1.0	5	eflomal
lunas nuevas	H2320	hbo:2320	fertility	1.0	2	eflomal
maher salal hash baz	H4122	hbo:4122	fertility	1.0	4	eflomal;gloss
mancha blanca	H0934	hbo:0934	fertility	1.0	3	eflomal
maría madre	G3137	grc:3137	fertility	1.0	3	eflomal
media legua	H3530	hbo:3530	fertility	1.0	4	eflomal;gloss
media noche	G3317	grc:3317	fertility	1.0	8	eflomal;gloss
medidas cebada	H8184	hbo:8184	fertility	1.0	2	eflomal
medio cielo	G3321	grc:3321	fertility	1.0	2	eflomal
medio de	H3027	hbo:3027	fertility	1.0	3	eflomal
medio quebrantaré	H5310	hbo:5310	fertility	1.0	3	eflomal
mellizas estéril	H7909	hbo:7909	fertility	1.0	2	eflomal
mephi boseth	H4648	hbo:4648	fertility	1.0	25	eflomal;gloss
merib baal	H4807	hbo:4807	fertility	1.0	3	gloss
merib baal merib	H4807	hbo:4807	fertility	1.0	2	eflomal
miran ojos	H5869	hbo:5869	fertility	1.0	2	eflomal
mirándolos alrededor	G4017	grc:4017	fertility	1.0	2	eflomal
monedas plata	H3701	hbo:3701	fertility	1.0	2	eflomal
mozo sano	G3816	grc:3816	fertility	1.0	2	eflomal
mujeres maridos	G1061	grc:1061	fertility	1.0	4	eflomal;gloss
mujeres moliendo	G0229	grc:229	fertility	1.0	2	eflomal
músico principal	H5329	hbo:5329	fertility	1.0	106	eflomal;gloss
músico principal salmo	H5329	hbo:5329	fertility	1.0	3	eflomal
nergal sarezer	H5371	hbo:5371	fertility	1.0	6	eflomal;gloss
niño destetado	H1580	hbo:1580	fertility	1.0	2	eflomal
nube detenía	H6051	hbo:6051	fertility	1.0	2	eflomal
nuevo pacto	G1242	grc:1242	fertility	1.0	2	eflomal
obed edom	H5654	hbo:5654	fertility	1.0	40	eflomal;gloss
obran maldición	H0779	hbo:0779	fertility	1.0	2	eflomal
ofrecieron perfumes	H6999	hbo:6999	fertility	1.0	3	eflomal
ofrenda agitada	H8573	hbo:8573	fertility	1.0	9	eflomal
ofrenda elevada	H8641	hbo:8641	fertility	1.0	2	eflomal
ofrenda encendida	H0801	hbo:0801	fertility	1.0	40	eflomal
ofrenda voluntaria	H5071	hbo:5071	fertility	1.0	10	eflomal;gloss
ofrendas elevadas	H8641	hbo:8641	fertility	1.0	2	eflomal
ofrendas encendidas	H0801	hbo:0801	fertility	1.0	8	eflomal
ofrendas voluntarias	H5071	hbo:5071	fertility	1.0	6	eflomal;gloss
ojos miran	H5869	hbo:5869	fertility	1.0	2	eflomal
orden berilo	H8658	hbo:8658	fertility	1.0	2	eflomal
otra vez	G1208	grc:1208	fertility	1.0	6	eflomal;gloss
oídos oiga	G3775	grc:3775	fertility	1.0	7	eflomal
padan aram	H6307	hbo:6307	fertility	1.0	22	eflomal;gloss
padre familia	G3617	grc:3617	fertility	1.0	9	eflomal
pahath moab	H6355	hbo:6355	fertility	1.0	10	eflomal;gloss
panes levadura	H4682	hbo:4682	fertility	1.0	2	eflomal
panes sin levadura	H4682	hbo:4682	fertility	1.0	19	eflomal;gloss
panes ázimos	H4682	hbo:4682	fertility	1.0	2	eflomal
pariente cercano	H1350	hbo:1350	fertility	1.0	2	eflomal
parte allá del	H5675	hbo:5675	fertility	1.0	13	eflomal;gloss
parte río	H5103	hbo:5103	fertility	1.0	2	eflomal
partió lejos	G0589	grc:589	fertility	1.0	4	eflomal
peligro vidas	H5315	hbo:5315	fertility	1.0	2	eflomal
pelo cabras	H5795	hbo:5795	fertility	1.0	3	eflomal
pelos cabra	H5795	hbo:5795	fertility	1.0	2	eflomal
piedras labradas	H1496	hbo:1496	fertility	1.0	2	eflomal
piedras preciosas	H6443	hbo:6443	fertility	1.0	9	eflomal;gloss
pieza labrada martillo	H4749	hbo:4749	fertility	1.0	2	eflomal
piezas plata	G0694	grc:694	fertility	1.0	5	eflomal
plomada albañil	H0594	hbo:0594	fertility	1.0	2	eflomal
poca fe	G3640	grc:3640	fertility	1.0	7	eflomal;gloss
podrás atado	H0631	hbo:0631	fertility	1.0	3	eflomal
presentes acusadores	G2725	grc:2725	fertility	1.0	2	eflomal
primeras sillas	G4410	grc:4410	fertility	1.0	8	eflomal;gloss
primeros asientos	G4411	grc:4411	fertility	1.0	8	eflomal;gloss
pronto ánimo	G4288	grc:4288	fertility	1.0	2	gloss
provincia alrededor	G4066	grc:4066	fertility	1.0	2	eflomal
provocando ira	H3707	hbo:3707	fertility	1.0	2	eflomal
provocar ira	H3707	hbo:3707	fertility	1.0	3	eflomal
provocarme ira	H3707	hbo:3707	fertility	1.0	2	eflomal
provocándole ira	H3707	hbo:3707	fertility	1.0	2	eflomal
provocándome ira	H3707	hbo:3707	fertility	1.0	2	eflomal
príncipe sacerdotes	G0749	grc:749	fertility	1.0	5	eflomal
príncipe sinagoga	G0752	grc:752	fertility	1.0	3	eflomal
príncipes sacerdotes	G0749	grc:749	fertility	1.0	22	eflomal
pudiera valerte	G5623	grc:5623	fertility	1.0	4	eflomal;gloss
puerta vieja	H3466	hbo:3466a	fertility	1.0	4	eflomal;gloss
pues habéis	H2088	hbo:2088	fertility	1.0	2	eflomal
pérez uzza	H6560	hbo:6560	fertility	1.0	4	eflomal;gloss
públicos tributos	G5058	grc:5058	fertility	1.0	5	eflomal;gloss
quedará castigo	H5352	hbo:5352	fertility	1.0	2	eflomal
quemaba perfumes	H6999	hbo:6999	fertility	1.0	12	eflomal;gloss
quemaban perfumes	H6999	hbo:6999	fertility	1.0	8	eflomal;gloss
quemar perfumes	H6999	hbo:6999	fertility	1.0	6	eflomal;gloss
quemasen perfumes	H6999	hbo:6999	fertility	1.0	5	eflomal;gloss
quemó perfumes	H6999	hbo:6999	fertility	1.0	4	eflomal;gloss
quinta costilla	H2570	hbo:2570	fertility	1.0	7	eflomal;gloss
ración comida	H6598	hbo:6598	fertility	1.0	4	eflomal
ramoth galaad	H7433	hbo:7433	fertility	1.0	12	eflomal
residencia regia	H1002	hbo:1002	fertility	1.0	8	eflomal;gloss
resucite tercer	G5154	grc:5154	fertility	1.0	2	eflomal
rimmón peres	H7428	hbo:7428	fertility	1.0	4	eflomal;gloss
romamti ezer	H7320	hbo:7320	fertility	1.0	4	eflomal;gloss
ropas largas	G4749	grc:4749	fertility	1.0	2	eflomal
sacaré agua	H7579	hbo:7579	fertility	1.0	2	eflomal
sacerdote escriba	H3549	hbo:3549	fertility	1.0	4	eflomal;gloss
sacrificado ídolos	G1494	grc:1494	fertility	1.0	2	eflomal
sacrificio pecado	H0817	hbo:0817	fertility	1.0	3	eflomal
salió fiador	H6148	hbo:6148	fertility	1.0	2	eflomal
samaria reinó	H8111	hbo:8111	fertility	1.0	4	eflomal
saulo saulo	G4549	grc:4549	fertility	1.0	3	eflomal
sean sacerdotes	H3547	hbo:3547	fertility	1.0	2	eflomal
segunda vez	G1208	grc:1208	fertility	1.0	2	eflomal
sentido celo	H7065	hbo:7065	fertility	1.0	2	eflomal
seréis aborrecidos	G3404	grc:3404	fertility	1.0	8	eflomal;gloss
siclos llena	H4392	hbo:4392	fertility	1.0	2	eflomal
siclos plata	H3701	hbo:3701	fertility	1.0	5	eflomal
sientan trono	H3678	hbo:3678	fertility	1.0	2	eflomal
siguiente día	H4283	hbo:4283	fertility	1.0	7	eflomal
sittim derechas	H7848	hbo:7848	fertility	1.0	2	eflomal
solo traerte	H0905	hbo:0905	fertility	1.0	2	eflomal
sumo pontífice	G0749	grc:749	fertility	1.0	3	eflomal
sumo sacerdote	G0749	grc:749	fertility	1.0	20	eflomal;gloss
séaos notorio	G1110	grc:1110	fertility	1.0	2	eflomal
tañedores flautas	G0834	grc:834	fertility	1.0	2	eflomal
tendrán respeto	G1788	grc:1788	fertility	1.0	2	eflomal
tendréis convocación	H4744	hbo:4744	fertility	1.0	8	eflomal
tened paz	G1514	grc:1514	fertility	1.0	3	eflomal
tenidos dignos	G2661	grc:2661	fertility	1.0	2	eflomal
tenían medida	H4060	hbo:4060	fertility	1.0	3	eflomal
tenían miedo	G5399	grc:5399	fertility	1.0	3	eflomal
tercera parte	G5154	grc:5154	fertility	1.0	10	eflomal
tercera vez	G5154	grc:5154	fertility	1.0	6	eflomal
teñidos rojo	H0119	hbo:0119	fertility	1.0	2	eflomal
thiglath pilneser	H8407	hbo:8407a	fertility	1.0	4	eflomal;gloss
tiene fuerzas	H8443	hbo:8443	fertility	1.0	4	eflomal;gloss
tienes cuidado	G3199	grc:3199	fertility	1.0	2	eflomal
tierra alrededor	G4066	grc:4066	fertility	1.0	3	eflomal
tiglath pileser	H8407	hbo:8407	fertility	1.0	6	eflomal;gloss
tocareis alarma	H8643	hbo:8643	fertility	1.0	4	eflomal;gloss
tocó trompeta	G4537	grc:4537	fertility	1.0	6	eflomal
toma contentamiento	H7521	hbo:7521	fertility	1.0	5	eflomal;gloss
tomaron cautivos	H7617	hbo:7617	fertility	1.0	2	eflomal
tomaré satisfacción	H5162	hbo:5162	fertility	1.0	2	eflomal
tomo contentamiento	G2106	grc:2106	fertility	1.0	4	eflomal;gloss
tomó consejo	H3289	hbo:3289	fertility	1.0	4	eflomal
tornaré traer	H7725	hbo:7725	fertility	1.0	2	eflomal
traen maldición	H0779	hbo:0779	fertility	1.0	2	eflomal
trapos viejos	H1094	hbo:1094	fertility	1.0	2	eflomal
tras imaginación	H8307	hbo:8307	fertility	1.0	2	eflomal
trastornó mesas	G5132	grc:5132	fertility	1.0	3	eflomal
tres años	H8027	hbo:8027	fertility	1.0	3	eflomal
tubal caín	H8423	hbo:8423	fertility	1.0	4	eflomal;gloss
tuve hambre	G3983	grc:3983	fertility	1.0	2	eflomal
tuve miedo	G5399	grc:5399	fertility	1.0	2	eflomal
tuve sed	G1372	grc:1372	fertility	1.0	2	eflomal
tuviere hambre	G3983	grc:3983	fertility	1.0	2	eflomal
tuviere sed	G1372	grc:1372	fertility	1.0	2	eflomal
tuvisteis temor	H3372	hbo:3372	fertility	1.0	2	eflomal
tuvo compasión	G4697	grc:4697	fertility	1.0	2	eflomal
tuvo hambre	G3983	grc:3983	fertility	1.0	6	eflomal
título escrito	G1923	grc:1923	fertility	1.0	2	eflomal
unos pececillos	G2485	grc:2485	fertility	1.0	2	eflomal
uvas agraces	H1155	hbo:1155	fertility	1.0	4	eflomal;gloss
valle hinnom	H1516	hbo:1516a	fertility	1.0	10	eflomal
valle sal	H1516	hbo:1516c	fertility	1.0	2	eflomal
vanidad vanidades	H1892	hbo:1892	fertility	1.0	3	eflomal
vano honran	G4576	grc:4576	fertility	1.0	2	eflomal
vinimos camino derecho	G2113	grc:2113	fertility	1.0	2	gloss
ángel derramó	G1632	grc:1632	fertility	1.0	6	eflomal
aquel día	H3117	hbo:3117	fertility	0.983	60	eflomal
comenzó reinar	H4427	hbo:4427	fertility	0.981	52	eflomal
flor harina	H5560	hbo:5560	fertility	0.965	28	eflomal
chîriath jearim	H7157	hbo:7157	fertility	0.944	33	eflomal;gloss
medio día	H6672	hbo:6672a	fertility	0.929	14	eflomal
otra parte	H5676,H5675	hbo:5676,hbo:5675	phrasal	0.919	36	eflomal;gloss
macho cabrío	H8163	hbo:8163a	fertility	0.905	19	eflomal
beth lehem	H1035	hbo:1035	fertility	0.902	74	eflomal;gloss
machos cabrío	H6260,H8163	hbo:6260,hbo:8163a	phrasal	0.875	16	eflomal
sombra muerte	H6757	hbo:6757	fertility	0.875	7	eflomal
cuerpos muertos	H6297	hbo:6297	fertility	0.857	7	eflomal
tengas temor	H3372	hbo:3372	fertility	0.857	6	eflomal
mano derecha	G1188	grc:1188	fertility	0.833	5	eflomal
mismo día	H3117	hbo:3117	fertility	0.833	6	eflomal
tendrá misericordia	H7355	hbo:7355	fertility	0.833	5	eflomal
cuerpo muerto	H5038	hbo:5038	fertility	0.8	4	eflomal
tuvieron miedo	G5399	grc:5399	fertility	0.8	4	eflomal
aquel tiempo	H3117	hbo:3117	fertility	0.769	13	eflomal
delante de	H6440,H5980	hbo:6440,hbo:5980	phrasal	0.762	20	eflomal
asnos monteses	H6501	hbo:6501	fertility	0.75	3	eflomal
ofrenda mecida	H8573	hbo:8573	fertility	0.75	3	eflomal
pusiesen delante	G3908	grc:3908	fertility	0.75	4	eflomal
delante del	H6440	hbo:6440	fertility	0.714	7	eflomal
buenas nuevas	G2097	grc:2097	fertility	0.667	2	eflomal
comenzó reinar reinó	H4427	hbo:4427	fertility	0.667	3	eflomal
doctores ley	G3547	grc:3547	fertility	0.667	2	eflomal
frío caliente	G2200	grc:2200	fertility	0.667	3	eflomal
gallo cante	G0220	grc:220	fertility	0.667	3	eflomal
gallo cantó	G0220	grc:220	fertility	0.667	3	eflomal
habido consejo	H3289	hbo:3289	fertility	0.667	2	eflomal
heme aquí	G2240	grc:2240	fertility	0.667	2	eflomal
timnath sera	H8556	hbo:8556a	fertility	0.667	4	eflomal;gloss
anda arrastrando	H7430,H8317	hbo:7430,hbo:8317	phrasal	0.556	9	eflomal
no nada	G3367,G3762	grc:3367,grc:3762	phrasal	0.545	11	eflomal
barachêl bucita	H0940	hbo:0940	fertility	0.5	2	eflomal
causa la	H6440	hbo:6440	fertility	0.5	2	eflomal
cuya codo	H0520	hbo:0520	fertility	0.5	2	eflomal
de las	H1004,H1323	hbo:1004,hbo:1323	phrasal	0.5	4	eflomal
estaba allí	G1510	grc:1510	fertility	0.5	2	eflomal
estos son	H0428	hbo:0428	fertility	0.5	2	eflomal
falso testimonio	G5576	grc:5576	fertility	0.5	4	eflomal
harán caso	H7760	hbo:7760	fertility	0.5	2	eflomal
hizo además	H6213	hbo:6213	fertility	0.5	2	eflomal
miré aquí	G3708	grc:3708	fertility	0.5	2	eflomal
perecerá siempre	H0008	hbo:0008	fertility	0.5	2	eflomal
pusiéronlo rey	H4427	hbo:4427	fertility	0.5	2	eflomal
respondieron diciendo	H0559	hbo:0559	fertility	0.5	2	eflomal
serás abajada	G2597	grc:2597	fertility	0.5	2	eflomal
señor jesucristo	G5547	grc:5547	fertility	0.5	2	eflomal
tornado escorias	H5509	hbo:5509	fertility	0.5	2	eflomal
tuviere flujo	H2100	hbo:2100	fertility	0.5	2	eflomal
éste es	H2063	hbo:2063	fertility	0.5	2	eflomal
machos cabríos	G5131	grc:5131	fertility	0.444	4	eflomal
nuestro dios	H0430	hbo:0430	fertility	0.375	8	eflomal
lino fino	G1039	grc:1039	fertility	0.364	4	eflomal
contar numerar	H4487	hbo:4487	fertility	0.333	2	eflomal
hacerlo rey	H4427	hbo:4427	fertility	0.333	3	eflomal
respondiendo dijo	G3004	grc:3004	fertility	0.333	2	eflomal
tomó también	H3947	hbo:3947	fertility	0.333	3	eflomal
los de	H1167,H1121	hbo:1167,hbo:1121	phrasal	0.313	15	eflomal
alta voz	G5456	grc:5456	fertility	0.286	7	eflomal
cada uno	G1538	grc:1538	fertility	0.265	52	eflomal
esta fué	H2088	hbo:2088	fertility	0.25	12	eflomal
donde pone	H3996	hbo:3996	fertility	0.2	4	eflomal
los que	H0376,H1961	hbo:0376,hbo:1961	phrasal	0.2	5	eflomal
tendré misericordia	G1653	grc:1653	fertility	0.182	2	eflomal
estas cosas	H0428,H1697	hbo:0428,hbo:1697	phrasal	0.143	6	eflomal
hechos de	H1697	hbo:1697	fertility	0.143	7	eflomal
de un	H1121,H0376	hbo:1121,hbo:0376	phrasal	0.133	28	eflomal
hizo también	H6213	hbo:6213	fertility	0.125	8	eflomal
de los	H1121,H6440	hbo:1121,hbo:6440	phrasal	0.111	6	eflomal
jesús dijo	G3004,G2424	grc:3004,grc:2424	phrasal	0.111	9	eflomal
todas cosas	G3956	grc:3956	fertility	0.045	19	eflomal
abed nego	H5665	hbo:5665	fertility	0.0	6	eflomal
acaecerá que	H1961	hbo:1961	fertility	0.0	2	eflomal
alzaos vosotras	H5375	hbo:5375	fertility	0.0	2	eflomal
andaban andaban	H1980	hbo:1980	fertility	0.0	2	eflomal
ante acatamiento	H6440	hbo:6440	fertility	0.0	4	eflomal
aquél había	G1510	grc:1510	fertility	0.0	3	eflomal
atentos oídos	H0241	hbo:0241	fertility	0.0	3	eflomal
cantores cantoras	H7891	hbo:7891	fertility	0.0	2	eflomal
caporales sobre	H8269	hbo:8269	fertility	0.0	2	eflomal
carmesí lino	H8144	hbo:8144	fertility	0.0	5	eflomal
cayó encorvado	H5307	hbo:5307	fertility	0.0	2	eflomal
ciego caerán	G3594	grc:3594	fertility	0.0	2	eflomal
cosas consagradas	H6944	hbo:6944	fertility	0.0	2	eflomal
cosas santificadas	H6944	hbo:6944	fertility	0.0	3	eflomal
cuando llegare	H0935	hbo:0935	fertility	0.0	2	eflomal
cuidares poner	H8104	hbo:8104	fertility	0.0	2	eflomal
dame entendimiento	H0995	hbo:0995	fertility	0.0	2	eflomal
daré leyes	G3551	grc:3551	fertility	0.0	2	eflomal
de jesucristo	G2424,G5547	grc:2424,grc:5547	phrasal	0.0	15	eflomal
deja ir	H7971	hbo:7971	fertility	0.0	4	eflomal
dejar ir	H7971	hbo:7971	fertility	0.0	2	eflomal
dicho el	H0136	hbo:0136	fertility	0.0	2	eflomal
dios dios	H0430	hbo:0430	fertility	0.0	4	eflomal
diosa de	H0430	hbo:0430	fertility	0.0	2	eflomal
dióse prisa	H4116	hbo:4116	fertility	0.0	2	eflomal
entróse en	H0935	hbo:0935	fertility	0.0	2	eflomal
esta es	H2063	hbo:2063	fertility	0.0	3	eflomal
estaban derredor	H5324	hbo:5324	fertility	0.0	2	eflomal
estambre trama	H8359	hbo:8359	fertility	0.0	2	eflomal
estando ciertos	G1492	grc:1492	fertility	0.0	2	eflomal
este es	H0428,H2088	hbo:0428,hbo:2088	phrasal	0.0	4	eflomal
esto es	H2088	hbo:2088	fertility	0.0	2	eflomal
estéis afanosos	G3309	grc:3309	fertility	0.0	2	eflomal
fueron pues	H1980	hbo:1980	fertility	0.0	2	eflomal
furor de	H0639	hbo:0639	fertility	0.0	2	eflomal
fué pues	H1980,H1961	hbo:1980,hbo:1961	phrasal	0.0	9	eflomal
fuése pues	H1980	hbo:1980	fertility	0.0	2	eflomal
gloría gloríese	G2744	grc:2744	fertility	0.0	2	eflomal
había sido	G1510	grc:1510	fertility	0.0	3	eflomal
habían venido	G4905	grc:4905	fertility	0.0	2	eflomal
hace días	G2250	grc:2250	fertility	0.0	2	eflomal
hacerle rey	H4427	hbo:4427	fertility	0.0	2	eflomal
hago cosas	G4160	grc:4160	fertility	0.0	3	eflomal
harás también	H6213	hbo:6213	fertility	0.0	3	eflomal
hierba verde	H1877	hbo:1877	fertility	0.0	2	eflomal
hombres de	H6635	hbo:6635	fertility	0.0	2	eflomal
jehová dios	H0136	hbo:0136	fertility	0.0	3	eflomal
jesucristo de	G5547	grc:5547	fertility	0.0	2	eflomal
jesucristo fué	G5547	grc:5547	fertility	0.0	2	eflomal
jesucristo sea	G5547	grc:5547	fertility	0.0	3	eflomal
jesús dice	G3004	grc:3004	fertility	0.0	2	eflomal
labra tierra	H0127	hbo:0127	fertility	0.0	2	eflomal
les dirás	H0559,H1696	hbo:0559,hbo:1696	phrasal	0.0	18	eflomal
levantaban tras	H5980	hbo:5980	fertility	0.0	2	eflomal
levantan su	H5375	hbo:5375	fertility	0.0	2	eflomal
llevar frutos	G2590	grc:2590	fertility	0.0	2	eflomal
manera de	H4639	hbo:4639	fertility	0.0	2	eflomal
misma hora	H8160	hbo:8160	fertility	0.0	2	eflomal
nosotros respondimos	H0559	hbo:0559	fertility	0.0	2	eflomal
nuestra medida	G2744	grc:2744	fertility	0.0	2	eflomal
olor suave	H7381	hbo:7381	fertility	0.0	14	eflomal
otra semejante	H0317	hbo:0317	fertility	0.0	2	eflomal
otros de	H0520	hbo:0520	fertility	0.0	2	eflomal
para el	H1767	hbo:1767	fertility	0.0	2	eflomal
para que	H5668	hbo:5668	fertility	0.0	2	eflomal
púsoles nombre	H7121	hbo:7121	fertility	0.0	2	eflomal
que quisieres yo	H5414	hbo:5414	fertility	0.0	2	eflomal
que se	H1961,H3427	hbo:1961,hbo:3427	phrasal	0.0	4	eflomal
sadrach mesach	H4336	hbo:4336	fertility	0.0	3	eflomal
sadrach mesach abed	H4336	hbo:4336	fertility	0.0	6	eflomal
será que	H1961	hbo:1961	fertility	0.0	5	eflomal
sethar boznai	H3675	hbo:3675	fertility	0.0	2	eflomal
señor señor	G2962	grc:2962	fertility	0.0	2	eflomal
siendo de	H1121	hbo:1121	fertility	0.0	3	eflomal
suave olor	H7381	hbo:7381	fertility	0.0	2	eflomal
sucedía que	H1961	hbo:1961	fertility	0.0	3	eflomal
tiempo señalado	H4150	hbo:4150	fertility	0.0	3	eflomal
tiene pezuña	H6536	hbo:6536	fertility	0.0	2	eflomal
tierra arcillosa	H0127	hbo:0127	fertility	0.0	2	eflomal
tomar posesión	H3423	hbo:3423	fertility	0.0	4	eflomal
tres medidas	G0224	grc:224	fertility	0.0	2	eflomal
vasos redondos	H1543	hbo:1543	fertility	0.0	2	eflomal
vendrán abajo	H3381	hbo:3381	fertility	0.0	2	eflomal
vino luego	H0935	hbo:0935	fertility	0.0	2	eflomal
él les dice	G3004	grc:3004	fertility	0.0	2	eflomal
