# Biblical Hebrew syntactic-structure word pairs, via Context-Fabric (ETCBC/BHSA).
# coordination (subphrase rela=par): "X and Y" constructions. apposition (phrase_atom
# rela=Appo): "the man, the prophet" restatement pairs. Independent of BDB/UBS MARBLE/
# Hebrew WordNet — syntactic structure, not lexical/etymological derivation. Restricted to
# single-content-word sides (precision > recall — see build_bhsa_structural_pairs.py).
# count: independent occurrences across the OT (corroboration strength).
strong_a	strong_b	relation	count
H0113	H4428	apposition	71
H0430	H6635	apposition	39
H1121	H3548	apposition	33
H1121	H4428	apposition	24
H4428	H6547	apposition	23
H0251	H1121	apposition	22
H5030	H5650	apposition	17
H1060	H1121	apposition	9
H0430	H6440	apposition	7
H0001	H8478	apposition	6
H0001	H4428	apposition	6
H0310	H1121	apposition	6
H1121	H5387	apposition	6
H0001	H5650	apposition	5
H0113	H6635	apposition	5
H0251	H3878	apposition	5
H0310	H0430	apposition	5
H0430	H1004	apposition	5
H3117	H4428	apposition	5
H0490	H0802	apposition	4
H0802	H1121	apposition	4
H0802	H6370	apposition	4
H0001	H0430	apposition	3
H0001	H1121	apposition	3
H0251	H6440	apposition	3
H0251	H3548	apposition	3
H0269	H1323	apposition	3
H0430	H6963	apposition	3
H0802	H3761	apposition	3
H1121	H3173	apposition	3
H1121	H5971	apposition	3
H1121	H1730	apposition	3
H1121	H7074	apposition	3
H1121	H5030	apposition	3
H1121	H1697	apposition	3
H1330	H5291	apposition	3
H3027	H5030	apposition	3
H3548	H6440	apposition	3
H4210	H7892	apposition	3
H0113	H4899	apposition	2
H0251	H0376	apposition	2
H0251	H1060	apposition	2
H0269	H0901	apposition	2
H0341	H1121	apposition	2
H0376	H5971	apposition	2
H0430	H4196	apposition	2
H0430	H5945	apposition	2
H0671	H3674	apposition	2
H0802	H1697	apposition	2
H0802	H1323	apposition	2
H0802	H7017	apposition	2
H0940	H1121	apposition	2
H0972	H1121	apposition	2
H1004	H1121	apposition	2
H1004	H5971	apposition	2
H1004	H5608	apposition	2
H1121	H1323	apposition	2
H1121	H8198	apposition	2
H1121	H8621	apposition	2
H1121	H3027	apposition	2
H1121	H7307	apposition	2
H1121	H7891	apposition	2
H1323	H3548	apposition	2
H1323	H4428	apposition	2
H1368	H6635	apposition	2
H1697	H5030	apposition	2
H2077	H8002	apposition	2
H2233	H4899	apposition	2
H3027	H4428	apposition	2
H3548	H8334	apposition	2
H3669	H4428	apposition	2
H3878	H5288	apposition	2
H4428	H6440	apposition	2
H4428	H5650	apposition	2
H4428	H7218	apposition	2
H4428	H4438	apposition	2
H4541	H5695	apposition	2
H5726	H7453	apposition	2
H0001	H1060	apposition	1
H0001	H1004	apposition	1
H0001	H3824	apposition	1
H0001	H5892	apposition	1
H0001	H0310	apposition	1
H0001	H1870	apposition	1
H0046	H6635	apposition	1
H0117	H0251	apposition	1
H0127	H0776	apposition	1
H0157	H2233	apposition	1
H0251	H0517	apposition	1
H0251	H1320	apposition	1
H0251	H6677	apposition	1
H0251	H4294	apposition	1
H0251	H5159	apposition	1
H0251	H3064	apposition	1
H0251	H7778	apposition	1
H0251	H3027	apposition	1
H0251	H1663	apposition	1
H0269	H0761	apposition	1
H0269	H1330	apposition	1
H0269	H5668	apposition	1
H0269	H0517	apposition	1
H0269	H1377	apposition	1
H0341	H1471	apposition	1
H0376	H5030	apposition	1
H0376	H2719	apposition	1
H0376	H2205	apposition	1
H0376	H1121	apposition	1
H0376	H5650	apposition	1
H0376	H4428	apposition	1
H0376	H4093	apposition	1
H0413	H3467	apposition	1
H0430	H5869	apposition	1
H0430	H8441	apposition	1
H0430	H2319	apposition	1
H0430	H1285	apposition	1
H0430	H5002	apposition	1
H0430	H4687	apposition	1
H0430	H4931	apposition	1
H0430	H4397	apposition	1
H0430	H5797	apposition	1
H0430	H5278	apposition	1
H0430	H4268	apposition	1
H0430	H4428	apposition	1
H0430	H3027	apposition	1
H0430	H8451	apposition	1
H0430	H4720	apposition	1
H0430	H8034	apposition	1
H0517	H4428	apposition	1
H0639	H1121	apposition	1
H0673	H1121	apposition	1
H0761	H1323	apposition	1
H0761	H1121	apposition	1
H0761	H3820	apposition	1
H0776	H8179	apposition	1
H0776	H4725	apposition	1
H0776	H8048	apposition	1
H0802	H3243	apposition	1
H0802	H3618	apposition	1
H0802	H2850	apposition	1
H0802	H2181	apposition	1
H0802	H8283	apposition	1
H0802	H5031	apposition	1
H0825	H2748	apposition	1
H0825	H2445	apposition	1
H0886	H1121	apposition	1
H0969	H4014	apposition	1
H0972	H1389	apposition	1
H0972	H5971	apposition	1
H0996	H4428	apposition	1
H1004	H5739	apposition	1
H1004	H5650	apposition	1
H1100	H1697	apposition	1
H1115	H1121	apposition	1
H1121	H2850	apposition	1
H1121	H2340	apposition	1
H1121	H4084	apposition	1
H1121	H2859	apposition	1
H1121	H2108	apposition	1
H1121	H4294	apposition	1
H1121	H6440	apposition	1
H1121	H2719	apposition	1
H1121	H7045	apposition	1
H1121	H4794	apposition	1
H1121	H4259	apposition	1
H1121	H2043	apposition	1
H1121	H1526	apposition	1
H1121	H2416	apposition	1
H1121	H2377	apposition	1
H1121	H5608	apposition	1
H1121	H8478	apposition	1
H1121	H3117	apposition	1
H1121	H5895	apposition	1
H1121	H8605	apposition	1
H1121	H6953	apposition	1
H1121	H3878	apposition	1
H1121	H5650	apposition	1
H1121	H4687	apposition	1
H1121	H1493	apposition	1
H1121	H1395	apposition	1
H1121	H2374	apposition	1
H1121	H5984	apposition	1
H1121	H4125	apposition	1
H1247	H5030	apposition	1
H1254	H6918	apposition	1
H1323	H2850	apposition	1
H1323	H2340	apposition	1
H1323	H1330	apposition	1
H1323	H1730	apposition	1
H1323	H1569	apposition	1
H1323	H3669	apposition	1
H1347	H1998	apposition	1
H1347	H5159	apposition	1
H1366	H4428	apposition	1
H1404	H6440	apposition	1
H1419	H5104	apposition	1
H1419	H6547	apposition	1
H1471	H7604	apposition	1
H1471	H3605	apposition	1
H1473	H7628	apposition	1
H1489	H3027	apposition	1
H1546	H4428	apposition	1
H1616	H8453	apposition	1
H1637	H2983	apposition	1
H1818	H5315	apposition	1
H1875	H5892	apposition	1
H2022	H6944	apposition	1
H2022	H7626	apposition	1
H2091	H5458	apposition	1
H2181	H2491	apposition	1
H2205	H7453	apposition	1
H2233	H3548	apposition	1
H2233	H5650	apposition	1
H2270	H7626	apposition	1
H2374	H7218	apposition	1
H2416	H3605	apposition	1
H2416	H6635	apposition	1
H2472	H3915	apposition	1
H2506	H4275	apposition	1
H2708	H4687	apposition	1
H2719	H6430	apposition	1
H2983	H3427	apposition	1
H3027	H5650	apposition	1
H3027	H5608	apposition	1
H3064	H5971	apposition	1
H3117	H6256	apposition	1
H3303	H7474	apposition	1
H3374	H6038	apposition	1
H3427	H5971	apposition	1
H3498	H5674	apposition	1
H3548	H8478	apposition	1
H3548	H3878	apposition	1
H3548	H7218	apposition	1
H3605	H5971	apposition	1
H3611	H5650	apposition	1
H3778	H4428	apposition	1
H3878	H8334	apposition	1
H3878	H7778	apposition	1
H4405	H7843	apposition	1
H4407	H5892	apposition	1
H4428	H6635	apposition	1
H4428	H6918	apposition	1
H4428	H4756	apposition	1
H4428	H8147	apposition	1
H4428	H7307	apposition	1
H4428	H7558	apposition	1
H4428	H4437	apposition	1
H4428	H8478	apposition	1
H4581	H4720	apposition	1
H4629	H4725	apposition	1
H4639	H7545	apposition	1
H4731	H5278	apposition	1
H4899	H5057	apposition	1
H5002	H6635	apposition	1
H5016	H5030	apposition	1
H5030	H5288	apposition	1
H5030	H5869	apposition	1
H5288	H7270	apposition	1
H5608	H6924	apposition	1
H5650	H7495	apposition	1
H5650	H6780	apposition	1
H5650	H8451	apposition	1
H5650	H5668	apposition	1
H5892	H6918	apposition	1
H5971	H6635	apposition	1
H5971	H6041	apposition	1
H5971	H7611	apposition	1
H6189	H6430	apposition	1
H6346	H7307	apposition	1
H6486	H8334	apposition	1
H6496	H7891	apposition	1
H6499	H7794	apposition	1
H6662	H8549	apposition	1
H6963	H8469	apposition	1
H6975	H8069	apposition	1
H7898	H8069	apposition	1
H1121	H1323	coordination	90
H2091	H3701	coordination	81
H1241	H6629	coordination	54
H3548	H3878	coordination	50
H0001	H0517	coordination	43
H2568	H6242	coordination	43
H0251	H1121	coordination	34
H0776	H8064	coordination	34
H0376	H0802	coordination	33
H0120	H0929	coordination	31
H3967	H6242	coordination	31
H0702	H6242	coordination	29
H0713	H8504	coordination	29
H2706	H4941	coordination	25
H2719	H7458	coordination	25
H4503	H5262	coordination	25
H1715	H8492	coordination	24
H3225	H8040	coordination	24
H6242	H8147	coordination	24
H0505	H3967	coordination	23
H4941	H6666	coordination	23
H0802	H1121	coordination	22
H1706	H2461	coordination	21
H4428	H8269	coordination	21
H6571	H7393	coordination	21
H0571	H2617	coordination	20
H2568	H3967	coordination	20
H0702	H2568	coordination	19
H4503	H5930	coordination	19
H0068	H6086	coordination	18
H0802	H2945	coordination	18
H1698	H7458	coordination	18
H5930	H8002	coordination	18
H0034	H6041	coordination	17
H5483	H7393	coordination	17
H0519	H5650	coordination	16
H0639	H2534	coordination	16
H2077	H5930	coordination	16
H5650	H8198	coordination	16
H0226	H4159	coordination	15
H3548	H5030	coordination	15
H5650	H5971	coordination	15
H5704	H5769	coordination	15
H2340	H2983	coordination	14
H2706	H4687	coordination	14
H3324	H8492	coordination	14
H0490	H3490	coordination	13
H0567	H2850	coordination	13
H0520	H2677	coordination	12
H6485	H6635	coordination	12
H0352	H6499	coordination	11
H1270	H5178	coordination	11
H1419	H6994	coordination	11
H1425	H7206	coordination	11
H2340	H6522	coordination	11
H2543	H7794	coordination	11
H2587	H7349	coordination	11
H0001	H0251	coordination	10
H0178	H3049	coordination	10
H0314	H7223	coordination	10
H1419	H3372	coordination	10
H1722	H3701	coordination	10
H2145	H5347	coordination	10
H2708	H4687	coordination	10
H3754	H7704	coordination	10
H3967	H8083	coordination	10
H0376	H3427	coordination	9
H0929	H5775	coordination	9
H1419	H6996	coordination	9
H1616	H3490	coordination	9
H2320	H7676	coordination	9
H2568	H8147	coordination	9
H2850	H3669	coordination	9
H2896	H7451	coordination	9
H2896	H3477	coordination	9
H3027	H7272	coordination	9
H3117	H3915	coordination	9
H3196	H7941	coordination	9
H3899	H4325	coordination	9
H6154	H8359	coordination	9
H6242	H7651	coordination	9
H6242	H8083	coordination	9
H7778	H7891	coordination	9
H0702	H8147	coordination	8
H1419	H6099	coordination	8
H1471	H4467	coordination	8
H2077	H4503	coordination	8
H2351	H5892	coordination	8
H2691	H5892	coordination	8
H3394	H8121	coordination	8
H3519	H6239	coordination	8
H3669	H6522	coordination	8
H5461	H6346	coordination	8
H7716	H7794	coordination	8
H8057	H8342	coordination	8
H0259	H6242	coordination	7
H0352	H3532	coordination	7
H0970	H1330	coordination	7
H1285	H2617	coordination	7
H1320	H6106	coordination	7
H1320	H5785	coordination	7
H1323	H3427	coordination	7
H1581	H2543	coordination	7
H1612	H8384	coordination	7
H1847	H2451	coordination	7
H2205	H5288	coordination	7
H2506	H5159	coordination	7
H2568	H7651	coordination	7
H3701	H5178	coordination	7
H3767	H7130	coordination	7
H4941	H6664	coordination	7
H6242	H8672	coordination	7
H6593	H6785	coordination	7
H0134	H5982	coordination	6
H0430	H4428	coordination	6
H0505	H8337	coordination	6
H0567	H3669	coordination	6
H0567	H6522	coordination	6
H0702	H7651	coordination	6
H0776	H4393	coordination	6
H1242	H6153	coordination	6
H1280	H1817	coordination	6
H1389	H2022	coordination	6
H1870	H4611	coordination	6
H2132	H3754	coordination	6
H2406	H8184	coordination	6
H2568	H8672	coordination	6
H2568	H8337	coordination	6
H2706	H5715	coordination	6
H2708	H4941	coordination	6
H2850	H6522	coordination	6
H3196	H8081	coordination	6
H3257	H4219	coordination	6
H3257	H5518	coordination	6
H3595	H3651	coordination	6
H3730	H6525	coordination	6
H3774	H6432	coordination	6
H4687	H8451	coordination	6
H5650	H8269	coordination	6
H5787	H6455	coordination	6
H7860	H8199	coordination	6
H7898	H8069	coordination	6
H8048	H8322	coordination	6
H8147	H8337	coordination	6
H8467	H8605	coordination	6
H0218	H8550	coordination	5
H0249	H1616	coordination	5
H0251	H0517	coordination	5
H0259	H0702	coordination	5
H0352	H0361	coordination	5
H0354	H6643	coordination	5
H0520	H3961	coordination	5
H0571	H7965	coordination	5
H0641	H2833	coordination	5
H0641	H8655	coordination	5
H0825	H2748	coordination	5
H0899	H8359	coordination	5
H1116	H4196	coordination	5
H1817	H4514	coordination	5
H1870	H5949	coordination	5
H2022	H8219	coordination	5
H2320	H4150	coordination	5
H2451	H8394	coordination	5
H2555	H7701	coordination	5
H2595	H2719	coordination	5
H2715	H5461	coordination	5
H2719	H7198	coordination	5
H2921	H5348	coordination	5
H3220	H6828	coordination	5
H3243	H5921	coordination	5
H3394	H3556	coordination	5
H3427	H4725	coordination	5
H3548	H5971	coordination	5
H3548	H8269	coordination	5
H3967	H8672	coordination	5
H4043	H6793	coordination	5
H4541	H6459	coordination	5
H4687	H4941	coordination	5
H5483	H7392	coordination	5
H5579	H7193	coordination	5
H6099	H7227	coordination	5
H6793	H7420	coordination	5
H7138	H7350	coordination	5
H7651	H8147	coordination	5
H0268	H6440	coordination	4
H0376	H1004	coordination	4
H0490	H1644	coordination	4
H0505	H2568	coordination	4
H0567	H1622	coordination	4
H0665	H8242	coordination	4
H0702	H8337	coordination	4
H0702	H3967	coordination	4
H0776	H4138	coordination	4
H0776	H3605	coordination	4
H0776	H5892	coordination	4
H0802	H3206	coordination	4
H0825	H3778	coordination	4
H0929	H7431	coordination	4
H0935	H3318	coordination	4
H1004	H2351	coordination	4
H1004	H3605	coordination	4
H1004	H7704	coordination	4
H1004	H1616	coordination	4
H1121	H1616	coordination	4
H1167	H6253	coordination	4
H1219	H1419	coordination	4
H1241	H2543	coordination	4
H1280	H5982	coordination	4
H1293	H7045	coordination	4
H1323	H2691	coordination	4
H1372	H7146	coordination	4
H1523	H8057	coordination	4
H1616	H8453	coordination	4
H1616	H3878	coordination	4
H1706	H2529	coordination	4
H1706	H8081	coordination	4
H1847	H8394	coordination	4
H2206	H7218	coordination	4
H2493	H6592	coordination	4
H2671	H7198	coordination	4
H2708	H8451	coordination	4
H2822	H6757	coordination	4
H2889	H2930	coordination	4
H2966	H5038	coordination	4
H3117	H6256	coordination	4
H3220	H3605	coordination	4
H3420	H7711	coordination	4
H3519	H5797	coordination	4
H3629	H3820	coordination	4
H3658	H8596	coordination	4
H3967	H6235	coordination	4
H3967	H7651	coordination	4
H3967	H8337	coordination	4
H4043	H5828	coordination	4
H4125	H5984	coordination	4
H4689	H4692	coordination	4
H4735	H7075	coordination	4
H4784	H5637	coordination	4
H4923	H8077	coordination	4
H4960	H8057	coordination	4
H5045	H6828	coordination	4
H5159	H5971	coordination	4
H5175	H6523	coordination	4
H5233	H6239	coordination	4
H5483	H6505	coordination	4
H5483	H6571	coordination	4
H5903	H6181	coordination	4
H6051	H6205	coordination	4
H6412	H8300	coordination	4
H6662	H7563	coordination	4
H7045	H8048	coordination	4
H7440	H8605	coordination	4
H8034	H8416	coordination	4
H0001	H3548	coordination	3
H0120	H0802	coordination	3
H0124	H6357	coordination	3
H0205	H5999	coordination	3
H0251	H0269	coordination	3
H0341	H6862	coordination	3
H0352	H7794	coordination	3
H0352	H8372	coordination	3
H0376	H0430	coordination	3
H0423	H7621	coordination	3
H0423	H8048	coordination	3
H0451	H2460	coordination	3
H0520	H5971	coordination	3
H0567	H2983	coordination	3
H0571	H8549	coordination	3
H0650	H1516	coordination	3
H0665	H6083	coordination	3
H0702	H8083	coordination	3
H0727	H0905	coordination	3
H0776	H1004	coordination	3
H0776	H5439	coordination	3
H0784	H1614	coordination	3
H0802	H3605	coordination	3
H0842	H6456	coordination	3
H0899	H5785	coordination	3
H0913	H1270	coordination	3
H0913	H5777	coordination	3
H0929	H2416	coordination	3
H0929	H7399	coordination	3
H1004	H5650	coordination	3
H1004	H5892	coordination	3
H1004	H3427	coordination	3
H1065	H4553	coordination	3
H1093	H1982	coordination	3
H1121	H6430	coordination	3
H1121	H5650	coordination	3
H1270	H5777	coordination	3
H1314	H8081	coordination	3
H1314	H2091	coordination	3
H1320	H3899	coordination	3
H1320	H4682	coordination	3
H1369	H6098	coordination	3
H1369	H2451	coordination	3
H1616	H6041	coordination	3
H1637	H3342	coordination	3
H1651	H4602	coordination	3
H1698	H2719	coordination	3
H1698	H1818	coordination	3
H2022	H5045	coordination	3
H2173	H5797	coordination	3
H2416	H4194	coordination	3
H2451	H4148	coordination	3
H2451	H4093	coordination	3
H2543	H7716	coordination	3
H2543	H6629	coordination	3
H2617	H4941	coordination	3
H2706	H8451	coordination	3
H2779	H7019	coordination	3
H2781	H7045	coordination	3
H2983	H6522	coordination	3
H3182	H6174	coordination	3
H3196	H3899	coordination	3
H3220	H4217	coordination	3
H3220	H4393	coordination	3
H3427	H5892	coordination	3
H3427	H3605	coordination	3
H3477	H8535	coordination	3
H3605	H4428	coordination	3
H3669	H6003	coordination	3
H3709	H7086	coordination	3
H3709	H4518	coordination	3
H3709	H4219	coordination	3
H3775	H5795	coordination	3
H3775	H7794	coordination	3
H3820	H5869	coordination	3
H3824	H5315	coordination	3
H3828	H4503	coordination	3
H3830	H5483	coordination	3
H3878	H7891	coordination	3
H4054	H5892	coordination	3
H4196	H4908	coordination	3
H4207	H4289	coordination	3
H4428	H5971	coordination	3
H4554	H8401	coordination	3
H4631	H7704	coordination	3
H4806	H7794	coordination	3
H4912	H8148	coordination	3
H4940	H7626	coordination	3
H5045	H8219	coordination	3
H5071	H5088	coordination	3
H5375	H7311	coordination	3
H5392	H8636	coordination	3
H5439	H5892	coordination	3
H5650	H6547	coordination	3
H5674	H7725	coordination	3
H5795	H8337	coordination	3
H5800	H6113	coordination	3
H5892	H5971	coordination	3
H6343	H6354	coordination	3
H7004	H8081	coordination	3
H7256	H8029	coordination	3
H7416	H8384	coordination	3
H7651	H8337	coordination	3
H7668	H7701	coordination	3
H7925	H7971	coordination	3
H8083	H8672	coordination	3
H8337	H8672	coordination	3
H0001	H0376	coordination	2
H0001	H1121	coordination	2
H0001	H8269	coordination	2
H0034	H1800	coordination	2
H0068	H0636	coordination	2
H0098	H2975	coordination	2
H0100	H3712	coordination	2
H0125	H3422	coordination	2
H0134	H3489	coordination	2
H0157	H7453	coordination	2
H0160	H8135	coordination	2
H0168	H4908	coordination	2
H0168	H6629	coordination	2
H0251	H3605	coordination	2
H0251	H7453	coordination	2
H0251	H5288	coordination	2
H0259	H2677	coordination	2
H0341	H5358	coordination	2
H0352	H6260	coordination	2
H0376	H2526	coordination	2
H0376	H1121	coordination	2
H0406	H3755	coordination	2
H0424	H0606	coordination	2
H0505	H6242	coordination	2
H0519	H5288	coordination	2
H0530	H2617	coordination	2
H0561	H1798	coordination	2
H0571	H6666	coordination	2
H0571	H4941	coordination	2
H0571	H3477	coordination	2
H0585	H3015	coordination	2
H0592	H8386	coordination	2
H0601	H2624	coordination	2
H0639	H7068	coordination	2
H0653	H2822	coordination	2
H0667	H1000	coordination	2
H0713	H0948	coordination	2
H0721	H6786	coordination	2
H0738	H1241	coordination	2
H0753	H7341	coordination	2
H0772	H8065	coordination	2
H0776	H2351	coordination	2
H0784	H6086	coordination	2
H0784	H6051	coordination	2
H0802	H5971	coordination	2
H0802	H4962	coordination	2
H0802	H6370	coordination	2
H0802	H1397	coordination	2
H0842	H1167	coordination	2
H0842	H2553	coordination	2
H0842	H4196	coordination	2
H0842	H1116	coordination	2
H0853	H8538	coordination	2
H0899	H4598	coordination	2
H0922	H8414	coordination	2
H0948	H3758	coordination	2
H0961	H7628	coordination	2
H0970	H2205	coordination	2
H0982	H8252	coordination	2
H0998	H2451	coordination	2
H0998	H7922	coordination	2
H1004	H2691	coordination	2
H1004	H5971	coordination	2
H1004	H4428	coordination	2
H1004	H4196	coordination	2
H1058	H1980	coordination	2
H1058	H5927	coordination	2
H1121	H5971	coordination	2
H1129	H2796	coordination	2
H1165	H5713	coordination	2
H1237	H2022	coordination	2
H1241	H1581	coordination	2
H1242	H6672	coordination	2
H1259	H6963	coordination	2
H1261	H5348	coordination	2
H1285	H5715	coordination	2
H1322	H3639	coordination	2
H1346	H1347	coordination	2
H1347	H1363	coordination	2
H1350	H3467	coordination	2
H1355	H3027	coordination	2
H1368	H8269	coordination	2
H1369	H3581	coordination	2
H1375	H3730	coordination	2
H1419	H4751	coordination	2
H1419	H7311	coordination	2
H1419	H7227	coordination	2
H1419	H2896	coordination	2
H1420	H3372	coordination	2
H1431	H1980	coordination	2
H1433	H3519	coordination	2
H1530	H4867	coordination	2
H1534	H7393	coordination	2
H1581	H6505	coordination	2
H1618	H3217	coordination	2
H1622	H2983	coordination	2
H1622	H2850	coordination	2
H1697	H2451	coordination	2
H1697	H1870	coordination	2
H1697	H2617	coordination	2
H1744	H5847	coordination	2
H1777	H4941	coordination	2
H1817	H4201	coordination	2
H1818	H2460	coordination	2
H1818	H4820	coordination	2
H1863	H6975	coordination	2
H2022	H3605	coordination	2
H2077	H8426	coordination	2
H2091	H8504	coordination	2
H2091	H3627	coordination	2
H2134	H3795	coordination	2
H2145	H8549	coordination	2
H2151	H5435	coordination	2
H2154	H8457	coordination	2
H2166	H5731	coordination	2
H2180	H7218	coordination	2
H2198	H5620	coordination	2
H2205	H7860	coordination	2
H2205	H7218	coordination	2
H2205	H8269	coordination	2
H2205	H2715	coordination	2
H2282	H2320	coordination	2
H2340	H6208	coordination	2
H2340	H3669	coordination	2
H2346	H2426	coordination	2
H2428	H6571	coordination	2
H2450	H8269	coordination	2
H2450	H4542	coordination	2
H2451	H6239	coordination	2
H2460	H5930	coordination	2
H2470	H6455	coordination	2
H2485	H8596	coordination	2
H2534	H7068	coordination	2
H2549	H7637	coordination	2
H2568	H8083	coordination	2
H2577	H6786	coordination	2
H2635	H6523	coordination	2
H2672	H2796	coordination	2
H2689	H8269	coordination	2
H2719	H7420	coordination	2
H2719	H4043	coordination	2
H2758	H7105	coordination	2
H2782	H3615	coordination	2
H2796	H2803	coordination	2
H2796	H4525	coordination	2
H2822	H6051	coordination	2
H2896	H7462	coordination	2
H2896	H7965	coordination	2
H2898	H6529	coordination	2
H2935	H4863	coordination	2
H2945	H4735	coordination	2
H2975	H5104	coordination	2
H3117	H8141	coordination	2
H3117	H8543	coordination	2
H3138	H4456	coordination	2
H3180	H6643	coordination	2
H3196	H7019	coordination	2
H3220	H6924	coordination	2
H3220	H5158	coordination	2
H3257	H4207	coordination	2
H3289	H4428	coordination	2
H3409	H7070	coordination	2
H3444	H6697	coordination	2
H3467	H6662	coordination	2
H3471	H7718	coordination	2
H3519	H8597	coordination	2
H3532	H5795	coordination	2
H3548	H4428	coordination	2
H3553	H4043	coordination	2
H3571	H3864	coordination	2
H3591	H7198	coordination	2
H3598	H3686	coordination	2
H3605	H5775	coordination	2
H3605	H4908	coordination	2
H3605	H8398	coordination	2
H3605	H7704	coordination	2
H3605	H5411	coordination	2
H3709	H4289	coordination	2
H3730	H7070	coordination	2
H3754	H3899	coordination	2
H3878	H7778	coordination	2
H3878	H5411	coordination	2
H3904	H4428	coordination	2
H3910	H5219	coordination	2
H3933	H7047	coordination	2
H3939	H7218	coordination	2
H3958	H7618	coordination	2
H3978	H4960	coordination	2
H4026	H5892	coordination	2
H4043	H7161	coordination	2
H4043	H7420	coordination	2
H4057	H6723	coordination	2
H4120	H7031	coordination	2
H4126	H4161	coordination	2
H4138	H5971	coordination	2
H4170	H6341	coordination	2
H4196	H6754	coordination	2
H4207	H4219	coordination	2
H4217	H4628	coordination	2
H4219	H4289	coordination	2
H4246	H8596	coordination	2
H4306	H6963	coordination	2
H4393	H8398	coordination	2
H4428	H5650	coordination	2
H4428	H6346	coordination	2
H4501	H5369	coordination	2
H4503	H5612	coordination	2
H4503	H8081	coordination	2
H4518	H7184	coordination	2
H4631	H4679	coordination	2
H4643	H8641	coordination	2
H4687	H5715	coordination	2
H4735	H7399	coordination	2
H4735	H5650	coordination	2
H4788	H6040	coordination	2
H4803	H4900	coordination	2
H4818	H5483	coordination	2
H4820	H8496	coordination	2
H4854	H5656	coordination	2
H4941	H7379	coordination	2
H4941	H8451	coordination	2
H4941	H6256	coordination	2
H5104	H5892	coordination	2
H5110	H5128	coordination	2
H5145	H5715	coordination	2
H5209	H5220	coordination	2
H5306	H5601	coordination	2
H5322	H7828	coordination	2
H5369	H6525	coordination	2
H5404	H6538	coordination	2
H5409	H7218	coordination	2
H5513	H6208	coordination	2
H5560	H8081	coordination	2
H5597	H7613	coordination	2
H5771	H6588	coordination	2
H5785	H8359	coordination	2
H5822	H6538	coordination	2
H5892	H6922	coordination	2
H5930	H6086	coordination	2
H5945	H8481	coordination	2
H5999	H6040	coordination	2
H6160	H8219	coordination	2
H6160	H6723	coordination	2
H6163	H6430	coordination	2
H6309	H7218	coordination	2
H6459	H8655	coordination	2
H6472	H7416	coordination	2
H6722	H6876	coordination	2
H6772	H7458	coordination	2
H6828	H6921	coordination	2
H6920	H7829	coordination	2
H6944	H8597	coordination	2
H6971	H8143	coordination	2
H7165	H7175	coordination	2
H7218	H8199	coordination	2
H7227	H7311	coordination	2
H7323	H7991	coordination	2
H7416	H7639	coordination	2
H7451	H7535	coordination	2
H7651	H8083	coordination	2
H7718	H8659	coordination	2
H7828	H8464	coordination	2
H7892	H8057	coordination	2
H7916	H8453	coordination	2
H8032	H8543	coordination	2
H8083	H8147	coordination	2
H8083	H8337	coordination	2
H8147	H8672	coordination	2
H8416	H8597	coordination	2
H8481	H8484	coordination	2
H0001	H1004	coordination	1
H0001	H4428	coordination	1
H0001	H2233	coordination	1
H0001	H5030	coordination	1
H0011	H4194	coordination	1
H0012	H2027	coordination	1
H0020	H7180	coordination	1
H0020	H2682	coordination	1
H0034	H6223	coordination	1
H0057	H7218	coordination	1
H0068	H0106	coordination	1
H0068	H7050	coordination	1
H0068	H6083	coordination	1
H0068	H2671	coordination	1
H0073	H4701	coordination	1
H0080	H6083	coordination	1
H0113	H0802	coordination	1
H0120	H1241	coordination	1
H0120	H0776	coordination	1
H0120	H1471	coordination	1
H0120	H0430	coordination	1
H0122	H8549	coordination	1
H0122	H6703	coordination	1
H0125	H3837	coordination	1
H0127	H1472	coordination	1
H0153	H2428	coordination	1
H0155	H3701	coordination	1
H0157	H8130	coordination	1
H0157	H5273	coordination	1
H0160	H2551	coordination	1
H0168	H4735	coordination	1
H0168	H4372	coordination	1
H0168	H1004	coordination	1
H0168	H3605	coordination	1
H0168	H5483	coordination	1
H0168	H3459	coordination	1
H0168	H4586	coordination	1
H0174	H7076	coordination	1
H0174	H4753	coordination	1
H0205	H4805	coordination	1
H0205	H6116	coordination	1
H0205	H7563	coordination	1
H0205	H4820	coordination	1
H0212	H3671	coordination	1
H0214	H2428	coordination	1
H0214	H4639	coordination	1
H0216	H0571	coordination	1
H0216	H8121	coordination	1
H0216	H3394	coordination	1
H0216	H2822	coordination	1
H0218	H2472	coordination	1
H0218	H5030	coordination	1
H0226	H4150	coordination	1
H0226	H3519	coordination	1
H0226	H4532	coordination	1
H0226	H4639	coordination	1
H0226	H5707	coordination	1
H0226	H4912	coordination	1
H0231	H0730	coordination	1
H0241	H1817	coordination	1
H0241	H0639	coordination	1
H0251	H6041	coordination	1
H0251	H7794	coordination	1
H0251	H1616	coordination	1
H0251	H0376	coordination	1
H0251	H4828	coordination	1
H0251	H2233	coordination	1
H0251	H7934	coordination	1
H0251	H5411	coordination	1
H0251	H2428	coordination	1
H0251	H5971	coordination	1
H0259	H2568	coordination	1
H0259	H8337	coordination	1
H0268	H6924	coordination	1
H0272	H4186	coordination	1
H0272	H4054	coordination	1
H0310	H6440	coordination	1
H0317	H8523	coordination	1
H0319	H8615	coordination	1
H0326	H8488	coordination	1
H0339	H3427	coordination	1
H0341	H8130	coordination	1
H0341	H0693	coordination	1
H0345	H1676	coordination	1
H0352	H3733	coordination	1
H0361	H2474	coordination	1
H0366	H3372	coordination	1
H0367	H6343	coordination	1
H0369	H0657	coordination	1
H0374	H1323	coordination	1
H0376	H0929	coordination	1
H0376	H4940	coordination	1
H0376	H4428	coordination	1
H0376	H3774	coordination	1
H0376	H7880	coordination	1
H0376	H3627	coordination	1
H0376	H5159	coordination	1
H0376	H5288	coordination	1
H0376	H5608	coordination	1
H0398	H1980	coordination	1
H0406	H6776	coordination	1
H0423	H1285	coordination	1
H0423	H3585	coordination	1
H0424	H3839	coordination	1
H0430	H6343	coordination	1
H0430	H1259	coordination	1
H0430	H6253	coordination	1
H0430	H0776	coordination	1
H0430	H1471	coordination	1
H0430	H5971	coordination	1
H0430	H1004	coordination	1
H0441	H3045	coordination	1
H0451	H4374	coordination	1
H0457	H6459	coordination	1
H0457	H3820	coordination	1
H0483	H2795	coordination	1
H0484	H1265	coordination	1
H0490	H7909	coordination	1
H0490	H1616	coordination	1
H0505	H7626	coordination	1
H0505	H5895	coordination	1
H0505	H6793	coordination	1
H0517	H0802	coordination	1
H0517	H5892	coordination	1
H0517	H5650	coordination	1
H0519	H0802	coordination	1
H0519	H1121	coordination	1
H0519	H7916	coordination	1
H0520	H8337	coordination	1
H0520	H2948	coordination	1
H0520	H2568	coordination	1
H0530	H6666	coordination	1
H0530	H8668	coordination	1
H0533	H2389	coordination	1
H0534	H2793	coordination	1
H0539	H1419	coordination	1
H0539	H7451	coordination	1
H0539	H2205	coordination	1
H0539	H0571	coordination	1
H0554	H1261	coordination	1
H0567	H2340	coordination	1
H0567	H1121	coordination	1
H0567	H4713	coordination	1
H0571	H1697	coordination	1
H0591	H5650	coordination	1
H0604	H3581	coordination	1
H0604	H1065	coordination	1
H0639	H5797	coordination	1
H0641	H4598	coordination	1
H0641	H6459	coordination	1
H0644	H8248	coordination	1
H0652	H2822	coordination	1
H0652	H6757	coordination	1
H0653	H3915	coordination	1
H0657	H8414	coordination	1
H0676	H7272	coordination	1
H0689	H3180	coordination	1
H0689	H1788	coordination	1
H0697	H2625	coordination	1
H0702	H8672	coordination	1
H0702	H3117	coordination	1
H0702	H1817	coordination	1
H0710	H3758	coordination	1
H0712	H0727	coordination	1
H0713	H7553	coordination	1
H0713	H8337	coordination	1
H0713	H3758	coordination	1
H0724	H4832	coordination	1
H0727	H7979	coordination	1
H0727	H3548	coordination	1
H0730	H7848	coordination	1
H0730	H1265	coordination	1
H0737	H4864	coordination	1
H0738	H3833	coordination	1
H0738	H1677	coordination	1
H0738	H3742	coordination	1
H0739	H4605	coordination	1
H0745	H3833	coordination	1
H0745	H2543	coordination	1
H0745	H3715	coordination	1
H0753	H7023	coordination	1
H0768	H1581	coordination	1
H0768	H8227	coordination	1
H0776	H5978	coordination	1
H0776	H4725	coordination	1
H0776	H4057	coordination	1
H0776	H2981	coordination	1
H0776	H2595	coordination	1
H0776	H1471	coordination	1
H0776	H8074	coordination	1
H0776	H3427	coordination	1
H0776	H3759	coordination	1
H0776	H4428	coordination	1
H0776	H2022	coordination	1
H0776	H3220	coordination	1
H0776	H8398	coordination	1
H0778	H8065	coordination	1
H0784	H3979	coordination	1
H0784	H1818	coordination	1
H0784	H6341	coordination	1
H0784	H4325	coordination	1
H0784	H1259	coordination	1
H0784	H3519	coordination	1
H0794	H8219	coordination	1
H0794	H6160	coordination	1
H0794	H4057	coordination	1
H0796	H5841	coordination	1
H0796	H0832	coordination	1
H0796	H5984	coordination	1
H0801	H5159	coordination	1
H0802	H1323	coordination	1
H0802	H0929	coordination	1
H0802	H4940	coordination	1
H0802	H5650	coordination	1
H0802	H2091	coordination	1
H0802	H7704	coordination	1
H0802	H1004	coordination	1
H0817	H4394	coordination	1
H0825	H2445	coordination	1
H0832	H1663	coordination	1
H0842	H4676	coordination	1
H0842	H6091	coordination	1
H0849	H4777	coordination	1
H0853	H4282	coordination	1
H0853	H7134	coordination	1
H0853	H4281	coordination	1
H0853	H7053	coordination	1
H0853	H8032	coordination	1
H0868	H5504	coordination	1
H0875	H1323	coordination	1
H0899	H4241	coordination	1
H0899	H1581	coordination	1
H0899	H3627	coordination	1
H0905	H7979	coordination	1
H0913	H5178	coordination	1
H0923	H8337	coordination	1
H0926	H1765	coordination	1
H0928	H5892	coordination	1
H0929	H1616	coordination	1
H0929	H2945	coordination	1
H0929	H3605	coordination	1
H0929	H7998	coordination	1
H0929	H4264	coordination	1
H0929	H4735	coordination	1
H0929	H4030	coordination	1
H0929	H1121	coordination	1
H0934	H5597	coordination	1
H0935	H3205	coordination	1
H0938	H1346	coordination	1
H0938	H2781	coordination	1
H0948	H7553	coordination	1
H0950	H4003	coordination	1
H0953	H4599	coordination	1
H0953	H6877	coordination	1
H0957	H4933	coordination	1
H0957	H2189	coordination	1
H0957	H3933	coordination	1
H0959	H4549	coordination	1
H0959	H8217	coordination	1
H0961	H7998	coordination	1
H0961	H7633	coordination	1
H0962	H8154	coordination	1
H0963	H7110	coordination	1
H0983	H8252	coordination	1
H0985	H8252	coordination	1
H0990	H5315	coordination	1
H0992	H8247	coordination	1
H1004	H1121	coordination	1
H1004	H4725	coordination	1
H1004	H4467	coordination	1
H1004	H2233	coordination	1
H1004	H3678	coordination	1
H1004	H4407	coordination	1
H1004	H3899	coordination	1
H1004	H2346	coordination	1
H1004	H1397	coordination	1
H1004	H2132	coordination	1
H1004	H3018	coordination	1
H1004	H4438	coordination	1
H1004	H1597	coordination	1
H1004	H2451	coordination	1
H1065	H5092	coordination	1
H1087	H1234	coordination	1
H1087	H2921	coordination	1
H1116	H4676	coordination	1
H1116	H8163	coordination	1
H1116	H2553	coordination	1
H1121	H2860	coordination	1
H1121	H6547	coordination	1
H1121	H4735	coordination	1
H1121	H7133	coordination	1
H1121	H2205	coordination	1
H1121	H8029	coordination	1
H1121	H3701	coordination	1
H1121	H2781	coordination	1
H1121	H1425	coordination	1
H1121	H3878	coordination	1
H1121	H4428	coordination	1
H1140	H1508	coordination	1
H1140	H7023	coordination	1
H1167	H8121	coordination	1
H1198	H3686	coordination	1
H1207	H1360	coordination	1
H1207	H7070	coordination	1
H1210	H7019	coordination	1
H1211	H2682	coordination	1
H1211	H7762	coordination	1
H1234	H6887	coordination	1
H1241	H3775	coordination	1
H1241	H5699	coordination	1
H1241	H1637	coordination	1
H1241	H4735	coordination	1
H1241	H6505	coordination	1
H1241	H8081	coordination	1
H1246	H7596	coordination	1
H1247	H3899	coordination	1
H1247	H5389	coordination	1
H1247	H4428	coordination	1
H1259	H4306	coordination	1
H1259	H3420	coordination	1
H1265	H8410	coordination	1
H1270	H8008	coordination	1
H1270	H3701	coordination	1
H1270	H6040	coordination	1
H1277	H2896	coordination	1
H1277	H4390	coordination	1
H1277	H7223	coordination	1
H1280	H7175	coordination	1
H1285	H2708	coordination	1
H1285	H2706	coordination	1
H1290	H7785	coordination	1
H1293	H8416	coordination	1
H1295	H8585	coordination	1
H1300	H6963	coordination	1
H1304	H5306	coordination	1
H1311	H4994	coordination	1
H1314	H3828	coordination	1
H1314	H2177	coordination	1
H1314	H4043	coordination	1
H1320	H6569	coordination	1
H1320	H1818	coordination	1
H1320	H5315	coordination	1
H1320	H3820	coordination	1
H1320	H7607	coordination	1
H1320	H3196	coordination	1
H1322	H2781	coordination	1
H1323	H7794	coordination	1
H1330	H2945	coordination	1
H1343	H7311	coordination	1
H1344	H1347	coordination	1
H1347	H8597	coordination	1
H1350	H7453	coordination	1
H1350	H4428	coordination	1
H1350	H3335	coordination	1
H1350	H6697	coordination	1
H1353	H8545	coordination	1
H1355	H2839	coordination	1
H1356	H7713	coordination	1
H1364	H5375	coordination	1
H1366	H6160	coordination	1
H1368	H5461	coordination	1
H1368	H5808	coordination	1
H1368	H3372	coordination	1
H1368	H5631	coordination	1
H1369	H4639	coordination	1
H1369	H7068	coordination	1
H1369	H3027	coordination	1
H1369	H4941	coordination	1
H1369	H8633	coordination	1
H1369	H1420	coordination	1
H1369	H8597	coordination	1
H1369	H4438	coordination	1
H1377	H4428	coordination	1
H1377	H5631	coordination	1
H1378	H7216	coordination	1
H1384	H1851	coordination	1
H1389	H1516	coordination	1
H1406	H7023	coordination	1
H1406	H7339	coordination	1
H1406	H7709	coordination	1
H1419	H3515	coordination	1
H1419	H7451	coordination	1
H1419	H8269	coordination	1
H1419	H2389	coordination	1
H1419	H3045	coordination	1
H1419	H7186	coordination	1
H1419	H4428	coordination	1
H1420	H3366	coordination	1
H1422	H2781	coordination	1
H1430	H7054	coordination	1
H1432	H1980	coordination	1
H1442	H2778	coordination	1
H1469	H8449	coordination	1
H1471	H3956	coordination	1
H1471	H4428	coordination	1
H1497	H6231	coordination	1
H1501	H2625	coordination	1
H1511	H1651	coordination	1
H1511	H6003	coordination	1
H1517	H6106	coordination	1
H1530	H4676	coordination	1
H1534	H6571	coordination	1
H1538	H7272	coordination	1
H1543	H3805	coordination	1
H1546	H7628	coordination	1
H1549	H5466	coordination	1
H1573	H7070	coordination	1
H1581	H5650	coordination	1
H1593	H3754	coordination	1
H1593	H6508	coordination	1
H1597	H5944	coordination	1
H1612	H7416	coordination	1
H1614	H4417	coordination	1
H1616	H2945	coordination	1
H1618	H2990	coordination	1
H1618	H2914	coordination	1
H1618	H2775	coordination	1
H1622	H3669	coordination	1
H1622	H2340	coordination	1
H1631	H4718	coordination	1
H1637	H6629	coordination	1
H1643	H8081	coordination	1
H1653	H7950	coordination	1
H1663	H6139	coordination	1
H1674	H4948	coordination	1
H1674	H7269	coordination	1
H1677	H6509	coordination	1
H1688	H1964	coordination	1
H1696	H1980	coordination	1
H1696	H7925	coordination	1
H1697	H2472	coordination	1
H1697	H6098	coordination	1
H1697	H6310	coordination	1
H1697	H4040	coordination	1
H1697	H2706	coordination	1
H1697	H8451	coordination	1
H1697	H5016	coordination	1
H1698	H7462	coordination	1
H1698	H8196	coordination	1
H1706	H5560	coordination	1
H1706	H6436	coordination	1
H1706	H3324	coordination	1
H1709	H7431	coordination	1
H1715	H2022	coordination	1
H1715	H3196	coordination	1
H1715	H3701	coordination	1
H1721	H3794	coordination	1
H1731	H3595	coordination	1
H1731	H7037	coordination	1
H1731	H5518	coordination	1
H1731	H6747	coordination	1
H1764	H5742	coordination	1
H1766	H3905	coordination	1
H1777	H7036	coordination	1
H1781	H8199	coordination	1
H1788	H8377	coordination	1
H1790	H3490	coordination	1
H1798	H8449	coordination	1
H1800	H6041	coordination	1
H1800	H3490	coordination	1
H1816	H6920	coordination	1
H1816	H2746	coordination	1
H1817	H7023	coordination	1
H1817	H2346	coordination	1
H1831	H4395	coordination	1
H1847	H3374	coordination	1
H1847	H2940	coordination	1
H1847	H4209	coordination	1
H1847	H4156	coordination	1
H1851	H6798	coordination	1
H1851	H6669	coordination	1
H1858	H8337	coordination	1
H1858	H5508	coordination	1
H1864	H3220	coordination	1
H1870	H4547	coordination	1
H1870	H4421	coordination	1
H1878	H8082	coordination	1
H1878	H7488	coordination	1
H1880	H6297	coordination	1
H1880	H2460	coordination	1
H1882	H2166	coordination	1
H1893	H7385	coordination	1
H1893	H8414	coordination	1
H1893	H2472	coordination	1
H1899	H7016	coordination	1
H1905	H3605	coordination	1
H1907	H6346	coordination	1
H1918	H7848	coordination	1
H1926	H1995	coordination	1
H1926	H3519	coordination	1
H1926	H5797	coordination	1
H1926	H2122	coordination	1
H1926	H3368	coordination	1
H1947	H2451	coordination	1
H1964	H6944	coordination	1
H1980	H7725	coordination	1
H1980	H2637	coordination	1
H1980	H5265	coordination	1
H1980	H7186	coordination	1
H1980	H7227	coordination	1
H1980	H7131	coordination	1
H1980	H2952	coordination	1
H1995	H7393	coordination	1
H1995	H7588	coordination	1
H2020	H7305	coordination	1
H2022	H6160	coordination	1
H2022	H3759	coordination	1
H2029	H3205	coordination	1
H2032	H6093	coordination	1
H2040	H2717	coordination	1
H2040	H8074	coordination	1
H2061	H2924	coordination	1
H2077	H5262	coordination	1
H2077	H8002	coordination	1
H2085	H2785	coordination	1
H2091	H5178	coordination	1
H2091	H3828	coordination	1
H2091	H6337	coordination	1
H2091	H2137	coordination	1
H2091	H7230	coordination	1
H2091	H7399	coordination	1
H2100	H6879	coordination	1
H2114	H7119	coordination	1
H2132	H8384	coordination	1
H2132	H8256	coordination	1
H2134	H3477	coordination	1
H2143	H8034	coordination	1
H2154	H5039	coordination	1
H2154	H8441	coordination	1
H2154	H2183	coordination	1
H2166	H3792	coordination	1
H2169	H8377	coordination	1
H2171	H8652	coordination	1
H2181	H2491	coordination	1
H2184	H7462	coordination	1
H2184	H3196	coordination	1
H2189	H8048	coordination	1
H2195	H5678	coordination	1
H2195	H7110	coordination	1
H2203	H2564	coordination	1
H2205	H7649	coordination	1
H2205	H8199	coordination	1
H2205	H7626	coordination	1
H2205	H3605	coordination	1
H2205	H5030	coordination	1
H2205	H2450	coordination	1
H2205	H3686	coordination	1
H2205	H3548	coordination	1
H2205	H3486	coordination	1
H2209	H7872	coordination	1
H2220	H3895	coordination	1
H2220	H3225	coordination	1
H2230	H4306	coordination	1
H2230	H5311	coordination	1
H2233	H7105	coordination	1
H2233	H8384	coordination	1
H2233	H3754	coordination	1
H2233	H8034	coordination	1
H2233	H5650	coordination	1
H2233	H5315	coordination	1
H2250	H6482	coordination	1
H2259	H4419	coordination	1
H2276	H3325	coordination	1
H2276	H5817	coordination	1
H2282	H4150	coordination	1
H2282	H4885	coordination	1
H2304	H5797	coordination	1
H2319	H3465	coordination	1
H2320	H3117	coordination	1
H2320	H8064	coordination	1
H2340	H2850	coordination	1
H2346	H4407	coordination	1
H2346	H8179	coordination	1
H2346	H4692	coordination	1
H2346	H4026	coordination	1
H2354	H3768	coordination	1
H2354	H8504	coordination	1
H2368	H6616	coordination	1
H2377	H2472	coordination	1
H2377	H8548	coordination	1
H2377	H5030	coordination	1
H2386	H8263	coordination	1
H2388	H4581	coordination	1
H2388	H3205	coordination	1
H2389	H7665	coordination	1
H2389	H8082	coordination	1
H2397	H5141	coordination	1
H2398	H7563	coordination	1
H2400	H7451	coordination	1
H2401	H5930	coordination	1
H2406	H3698	coordination	1
H2416	H5775	coordination	1
H2416	H2896	coordination	1
H2416	H7965	coordination	1
H2416	H2617	coordination	1
H2416	H6666	coordination	1
H2416	H4191	coordination	1
H2416	H5999	coordination	1
H2428	H7998	coordination	1
H2428	H5808	coordination	1
H2428	H6547	coordination	1
H2428	H5057	coordination	1
H2435	H6440	coordination	1
H2435	H6442	coordination	1
H2450	H3784	coordination	1
H2450	H3045	coordination	1
H2450	H5036	coordination	1
H2450	H6662	coordination	1
H2451	H2896	coordination	1
H2451	H5612	coordination	1
H2451	H7924	coordination	1
H2460	H3629	coordination	1
H2460	H4503	coordination	1
H2461	H2529	coordination	1
H2461	H3196	coordination	1
H2464	H7827	coordination	1
H2467	H5909	coordination	1
H2470	H3511	coordination	1
H2471	H4682	coordination	1
H2472	H6049	coordination	1
H2483	H4347	coordination	1
H2483	H7110	coordination	1
H2484	H5141	coordination	1
H2485	H3658	coordination	1
H2485	H3196	coordination	1
H2487	H6635	coordination	1
H2491	H6106	coordination	1
H2491	H4191	coordination	1
H2491	H7633	coordination	1
H2491	H7563	coordination	1
H2506	H6666	coordination	1
H2527	H7120	coordination	1
H2527	H7019	coordination	1
H2534	H7267	coordination	1
H2543	H5483	coordination	1
H2543	H3899	coordination	1
H2543	H5895	coordination	1
H2546	H3911	coordination	1
H2546	H8580	coordination	1
H2549	H7243	coordination	1
H2555	H7607	coordination	1
H2555	H4820	coordination	1
H2555	H7379	coordination	1
H2555	H8496	coordination	1
H2563	H3843	coordination	1
H2563	H4417	coordination	1
H2563	H4887	coordination	1
H2568	H6235	coordination	1
H2580	H8469	coordination	1
H2580	H3519	coordination	1
H2580	H2617	coordination	1
H2595	H7982	coordination	1
H2595	H2671	coordination	1
H2595	H3591	coordination	1
H2595	H6793	coordination	1
H2595	H4043	coordination	1
H2598	H8057	coordination	1
H2603	H3867	coordination	1
H2610	H7489	coordination	1
H2617	H2896	coordination	1
H2617	H8605	coordination	1
H2617	H6666	coordination	1
H2623	H5971	coordination	1
H2624	H5133	coordination	1
H2625	H3218	coordination	1
H2633	H3366	coordination	1
H2634	H8633	coordination	1
H2635	H5175	coordination	1
H2639	H3720	coordination	1
H2671	H4194	coordination	1
H2677	H4150	coordination	1
H2677	H6882	coordination	1
H2689	H4219	coordination	1
H2689	H8643	coordination	1
H2689	H7782	coordination	1
H2689	H3658	coordination	1
H2689	H7892	coordination	1
H2691	H2918	coordination	1
H2691	H7704	coordination	1
H2691	H4908	coordination	1
H2691	H3957	coordination	1
H2708	H4931	coordination	1
H2708	H5715	coordination	1
H2715	H3548	coordination	1
H2719	H2746	coordination	1
H2719	H7711	coordination	1
H2719	H3627	coordination	1
H2719	H3899	coordination	1
H2719	H5550	coordination	1
H2719	H4421	coordination	1
H2719	H4650	coordination	1
H2719	H3852	coordination	1
H2719	H7628	coordination	1
H2720	H8074	coordination	1
H2721	H2781	coordination	1
H2721	H7045	coordination	1
H2724	H3220	coordination	1
H2730	H3372	coordination	1
H2730	H7307	coordination	1
H2743	H7665	coordination	1
H2743	H2990	coordination	1
H2743	H6337	coordination	1
H2743	H7339	coordination	1
H2748	H3605	coordination	1
H2754	H4304	coordination	1
H2763	H6455	coordination	1
H2763	H8311	coordination	1
H2779	H3117	coordination	1
H2781	H7047	coordination	1
H2781	H4912	coordination	1
H2781	H8322	coordination	1
H2781	H8048	coordination	1
H2781	H3639	coordination	1
H2796	H8269	coordination	1
H2803	H7551	coordination	1
H2825	H6869	coordination	1
H2839	H2840	coordination	1
H2844	H4172	coordination	1
H2850	H2983	coordination	1
H2850	H6722	coordination	1
H2858	H6616	coordination	1
H2879	H7546	coordination	1
H2885	H5141	coordination	1
H2885	H3558	coordination	1
H2885	H5694	coordination	1
H2889	H2896	coordination	1
H2896	H7390	coordination	1
H2896	H4390	coordination	1
H2896	H7342	coordination	1
H2896	H4194	coordination	1
H2896	H5228	coordination	1
H2896	H6662	coordination	1
H2896	H4005	coordination	1
H2896	H5546	coordination	1
H2896	H8082	coordination	1
H2914	H7822	coordination	1
H2916	H7516	coordination	1
H2919	H4306	coordination	1
H2921	H6124	coordination	1
H2930	H6189	coordination	1
H2932	H6588	coordination	1
H2940	H5844	coordination	1
H2945	H6629	coordination	1
H2945	H5631	coordination	1
H2960	H4854	coordination	1
H2975	H5140	coordination	1
H2983	H5984	coordination	1
H3001	H3892	coordination	1
H3004	H3220	coordination	1
H3010	H3754	coordination	1
H3015	H5999	coordination	1
H3015	H7462	coordination	1
H3015	H6869	coordination	1
H3018	H5504	coordination	1
H3023	H5889	coordination	1
H3027	H3220	coordination	1
H3027	H4526	coordination	1
H3027	H8034	coordination	1
H3027	H3671	coordination	1
H3027	H3225	coordination	1
H3045	H3548	coordination	1
H3049	H8655	coordination	1
H3064	H3778	coordination	1
H3064	H3548	coordination	1
H3064	H5461	coordination	1
H3095	H5601	coordination	1
H3095	H6357	coordination	1
H3117	H6218	coordination	1
H3117	H4279	coordination	1
H3117	H6239	coordination	1
H3123	H8449	coordination	1
H3173	H6041	coordination	1
H3173	H7390	coordination	1
H3196	H6785	coordination	1
H3196	H5138	coordination	1
H3206	H8198	coordination	1
H3206	H3207	coordination	1
H3208	H7839	coordination	1
H3220	H4350	coordination	1
H3225	H6828	coordination	1
H3231	H8041	coordination	1
H3243	H5650	coordination	1
H3244	H7994	coordination	1
H3244	H3563	coordination	1
H3244	H6158	coordination	1
H3257	H3595	coordination	1
H3289	H8269	coordination	1
H3293	H3759	coordination	1
H3318	H7725	coordination	1
H3325	H6020	coordination	1
H3335	H6213	coordination	1
H3335	H6918	coordination	1
H3358	H7227	coordination	1
H3366	H8342	coordination	1
H3368	H5273	coordination	1
H3368	H7238	coordination	1
H3368	H7985	coordination	1
H3372	H3513	coordination	1
H3372	H6918	coordination	1
H3374	H6343	coordination	1
H3374	H7461	coordination	1
H3409	H4975	coordination	1
H3409	H3802	coordination	1
H3427	H4428	coordination	1
H3427	H8269	coordination	1
H3427	H5971	coordination	1
H3427	H8398	coordination	1
H3427	H7012	coordination	1
H3444	H7440	coordination	1
H3467	H7378	coordination	1
H3476	H8537	coordination	1
H3477	H6662	coordination	1
H3489	H4340	coordination	1
H3499	H3605	coordination	1
H3505	H6336	coordination	1
H3508	H3629	coordination	1
H3510	H6041	coordination	1
H3513	H7227	coordination	1
H3515	H3629	coordination	1
H3519	H6643	coordination	1
H3519	H6666	coordination	1
H3519	H5233	coordination	1
H3520	H4735	coordination	1
H3524	H7857	coordination	1
H3532	H5695	coordination	1
H3532	H6499	coordination	1
H3532	H6260	coordination	1
H3532	H4503	coordination	1
H3532	H6629	coordination	1
H3539	H7216	coordination	1
H3544	H3837	coordination	1
H3548	H8199	coordination	1
H3548	H3605	coordination	1
H3548	H5631	coordination	1
H3548	H7605	coordination	1
H3548	H8334	coordination	1
H3550	H3878	coordination	1
H3553	H7420	coordination	1
H3556	H6635	coordination	1
H3563	H7994	coordination	1
H3577	H7701	coordination	1
H3577	H7293	coordination	1
H3581	H7225	coordination	1
H3581	H3911	coordination	1
H3581	H3824	coordination	1
H3597	H3781	coordination	1
H3600	H8574	coordination	1
H3603	H5045	coordination	1
H3605	H4735	coordination	1
H3605	H6547	coordination	1
H3605	H5633	coordination	1
H3605	H7998	coordination	1
H3605	H8269	coordination	1
H3605	H3878	coordination	1
H3627	H3701	coordination	1
H3627	H4501	coordination	1
H3627	H7979	coordination	1
H3627	H5369	coordination	1
H3627	H6944	coordination	1
H3627	H5592	coordination	1
H3627	H3828	coordination	1
H3627	H7218	coordination	1
H3627	H3658	coordination	1
H3629	H4374	coordination	1
H3632	H5930	coordination	1
H3639	H7536	coordination	1
H3639	H8441	coordination	1
H3658	H7892	coordination	1
H3669	H6722	coordination	1
H3671	H6440	coordination	1
H3678	H4428	coordination	1
H3678	H7979	coordination	1
H3678	H4501	coordination	1
H3678	H4467	coordination	1
H3682	H7607	coordination	1
H3701	H4735	coordination	1
H3701	H4242	coordination	1
H3701	H5175	coordination	1
H3701	H4503	coordination	1
H3707	H7880	coordination	1
H3707	H5999	coordination	1
H3707	H4080	coordination	1
H3709	H7184	coordination	1
H3709	H4501	coordination	1
H3710	H6083	coordination	1
H3715	H5695	coordination	1
H3715	H8577	coordination	1
H3720	H7701	coordination	1
H3723	H5892	coordination	1
H3723	H4026	coordination	1
H3733	H6260	coordination	1
H3753	H6505	coordination	1
H3758	H8504	coordination	1
H3768	H8504	coordination	1
H3772	H5423	coordination	1
H3778	H4428	coordination	1
H3778	H3784	coordination	1
H3784	H5003	coordination	1
H3786	H6049	coordination	1
H3792	H3956	coordination	1
H3802	H6654	coordination	1
H3807	H4600	coordination	1
H3807	H5423	coordination	1
H3824	H6310	coordination	1
H3824	H7607	coordination	1
H3828	H4753	coordination	1
H3828	H8081	coordination	1
H3830	H5622	coordination	1
H3833	H3919	coordination	1
H3864	H5525	coordination	1
H3878	H8269	coordination	1
H3899	H4303	coordination	1
H3899	H7039	coordination	1
H3899	H8071	coordination	1
H3899	H7019	coordination	1
H3899	H7105	coordination	1
H3899	H5138	coordination	1
H3906	H6040	coordination	1
H3933	H6712	coordination	1
H3940	H6963	coordination	1
H3956	H4611	coordination	1
H3956	H6310	coordination	1
H3956	H5612	coordination	1
H3967	H8147	coordination	1
H3967	H6243	coordination	1
H3967	H5411	coordination	1
H3974	H8121	coordination	1
H3978	H8081	coordination	1
H3988	H5501	coordination	1
H3994	H4103	coordination	1
H3998	H4001	coordination	1
H4001	H4103	coordination	1
H4026	H4740	coordination	1
H4026	H6438	coordination	1
H4043	H5797	coordination	1
H4043	H8121	coordination	1
H4043	H5643	coordination	1
H4043	H7198	coordination	1
H4043	H7982	coordination	1
H4045	H4103	coordination	1
H4054	H4186	coordination	1
H4054	H4057	coordination	1
H4057	H5104	coordination	1
H4057	H5045	coordination	1
H4057	H5892	coordination	1
H4060	H4948	coordination	1
H4060	H4884	coordination	1
H4082	H5971	coordination	1
H4082	H4428	coordination	1
H4115	H6729	coordination	1
H4119	H4976	coordination	1
H4125	H4713	coordination	1
H4133	H4149	coordination	1
H4138	H4351	coordination	1
H4148	H4923	coordination	1
H4150	H5071	coordination	1
H4150	H7676	coordination	1
H4150	H6944	coordination	1
H4159	H4421	coordination	1
H4161	H8499	coordination	1
H4161	H4628	coordination	1
H4172	H6343	coordination	1
H4191	H6913	coordination	1
H4191	H5978	coordination	1
H4194	H7451	coordination	1
H4194	H7921	coordination	1
H4196	H4501	coordination	1
H4196	H5713	coordination	1
H4209	H8454	coordination	1
H4214	H7371	coordination	1
H4217	H8487	coordination	1
H4217	H5045	coordination	1
H4217	H6643	coordination	1
H4217	H6828	coordination	1
H4219	H5518	coordination	1
H4219	H7184	coordination	1
H4227	H4802	coordination	1
H4227	H7246	coordination	1
H4246	H5695	coordination	1
H4252	H8672	coordination	1
H4268	H4563	coordination	1
H4268	H5797	coordination	1
H4274	H6086	coordination	1
H4279	H7992	coordination	1
H4281	H7134	coordination	1
H4284	H4639	coordination	1
H4288	H7814	coordination	1
H4289	H5592	coordination	1
H4294	H6616	coordination	1
H4296	H7979	coordination	1
H4325	H8130	coordination	1
H4325	H7931	coordination	1
H4334	H7965	coordination	1
H4334	H8219	coordination	1
H4393	H5892	coordination	1
H4394	H7718	coordination	1
H4403	H4945	coordination	1
H4421	H7462	coordination	1
H4421	H7128	coordination	1
H4421	H7998	coordination	1
H4422	H5127	coordination	1
H4426	H4912	coordination	1
H4428	H6430	coordination	1
H4428	H4436	coordination	1
H4428	H7651	coordination	1
H4428	H6951	coordination	1
H4436	H6370	coordination	1
H4437	H7238	coordination	1
H4437	H7985	coordination	1
H4455	H7628	coordination	1
H4455	H7998	coordination	1
H4467	H8269	coordination	1
H4467	H5971	coordination	1
H4467	H4720	coordination	1
H4482	H5748	coordination	1
H4486	H7924	coordination	1
H4487	H8562	coordination	1
H4496	H5159	coordination	1
H4498	H4869	coordination	1
H4501	H7979	coordination	1
H4501	H5518	coordination	1
H4524	H5892	coordination	1
H4526	H4734	coordination	1
H4541	H8655	coordination	1
H4541	H6456	coordination	1
H4551	H8304	coordination	1
H4557	H4948	coordination	1
H4581	H5797	coordination	1
H4583	H5971	coordination	1
H4592	H7227	coordination	1
H4598	H6797	coordination	1
H4599	H5158	coordination	1
H4605	H4975	coordination	1
H4639	H4758	coordination	1
H4643	H7225	coordination	1
H4643	H6944	coordination	1
H4673	H4889	coordination	1
H4676	H6456	coordination	1
H4682	H7033	coordination	1
H4682	H7379	coordination	1
H4687	H7621	coordination	1
H4689	H6862	coordination	1
H4691	H6869	coordination	1
H4691	H6862	coordination	1
H4718	H4930	coordination	1
H4734	H6731	coordination	1
H4740	H6438	coordination	1
H4791	H6918	coordination	1
H4794	H6233	coordination	1
H4818	H6571	coordination	1
H4818	H7392	coordination	1
H4820	H5930	coordination	1
H4863	H8574	coordination	1
H4884	H4948	coordination	1
H4884	H8078	coordination	1
H4897	H8337	coordination	1
H4897	H7553	coordination	1
H4904	H5592	coordination	1
H4910	H6343	coordination	1
H4910	H7860	coordination	1
H4912	H8048	coordination	1
H4937	H4938	coordination	1
H4938	H7626	coordination	1
H4941	H6115	coordination	1
H4941	H6607	coordination	1
H4941	H7613	coordination	1
H4945	H5930	coordination	1
H4951	H7965	coordination	1
H4954	H8126	coordination	1
H4964	H7449	coordination	1
H4979	H5023	coordination	1
H5003	H7650	coordination	1
H5030	H8199	coordination	1
H5030	H5971	coordination	1
H5057	H8269	coordination	1
H5061	H7036	coordination	1
H5062	H7495	coordination	1
H5088	H5315	coordination	1
H5116	H6026	coordination	1
H5127	H6412	coordination	1
H5141	H6781	coordination	1
H5172	H6049	coordination	1
H5184	H7729	coordination	1
H5188	H7720	coordination	1
H5198	H7827	coordination	1
H5262	H8002	coordination	1
H5275	H8008	coordination	1
H5287	H7386	coordination	1
H5288	H6370	coordination	1
H5288	H6629	coordination	1
H5288	H7390	coordination	1
H5291	H5631	coordination	1
H5315	H5869	coordination	1
H5332	H8597	coordination	1
H5341	H7604	coordination	1
H5346	H8596	coordination	1
H5355	H6662	coordination	1
H5358	H7072	coordination	1
H5359	H8006	coordination	1
H5375	H8213	coordination	1
H5387	H7307	coordination	1
H5397	H7307	coordination	1
H5399	H6153	coordination	1
H5409	H6309	coordination	1
H5411	H7778	coordination	1
H5411	H8652	coordination	1
H5411	H7891	coordination	1
H5461	H5971	coordination	1
H5483	H7409	coordination	1
H5483	H7023	coordination	1
H5488	H7070	coordination	1
H5492	H8183	coordination	1
H5507	H6793	coordination	1
H5544	H5621	coordination	1
H5553	H6877	coordination	1
H5608	H7860	coordination	1
H5627	H6233	coordination	1
H5631	H5650	coordination	1
H5631	H8269	coordination	1
H5641	H7604	coordination	1
H5641	H5994	coordination	1
H5645	H5982	coordination	1
H5645	H7307	coordination	1
H5650	H6629	coordination	1
H5656	H6467	coordination	1
H5693	H8449	coordination	1
H5695	H8163	coordination	1
H5713	H6951	coordination	1
H5742	H7039	coordination	1
H5771	H8441	coordination	1
H5771	H7462	coordination	1
H5775	H7431	coordination	1
H5782	H6030	coordination	1
H5785	H6499	coordination	1
H5785	H8242	coordination	1
H5785	H6154	coordination	1
H5787	H6493	coordination	1
H5788	H7665	coordination	1
H5788	H7697	coordination	1
H5795	H7354	coordination	1
H5797	H6666	coordination	1
H5797	H8597	coordination	1
H5797	H8454	coordination	1
H5800	H7971	coordination	1
H5800	H8130	coordination	1
H5807	H8416	coordination	1
H5869	H8415	coordination	1
H5889	H7291	coordination	1
H5889	H7456	coordination	1
H5889	H6723	coordination	1
H5892	H8074	coordination	1
H5892	H6944	coordination	1
H5892	H7704	coordination	1
H5903	H6772	coordination	1
H5909	H8263	coordination	1
H5927	H8335	coordination	1
H5930	H7843	coordination	1
H5938	H7588	coordination	1
H5971	H8034	coordination	1
H5971	H8269	coordination	1
H5971	H8179	coordination	1
H5984	H6163	coordination	1
H6013	H7342	coordination	1
H6025	H8384	coordination	1
H6028	H7390	coordination	1
H6041	H7307	coordination	1
H6041	H7326	coordination	1
H6057	H8330	coordination	1
H6058	H6509	coordination	1
H6090	H7267	coordination	1
H6098	H8394	coordination	1
H6098	H8454	coordination	1
H6135	H7921	coordination	1
H6137	H6774	coordination	1
H6141	H6618	coordination	1
H6141	H6617	coordination	1
H6150	H7925	coordination	1
H6160	H7746	coordination	1
H6174	H7758	coordination	1
H6182	H8641	coordination	1
H6223	H7326	coordination	1
H6224	H7637	coordination	1
H6231	H7533	coordination	1
H6239	H7389	coordination	1
H6240	H8147	coordination	1
H6242	H8337	coordination	1
H6242	H8269	coordination	1
H6256	H6294	coordination	1
H6276	H6666	coordination	1
H6287	H6807	coordination	1
H6297	H7399	coordination	1
H6320	H7553	coordination	1
H6336	H8126	coordination	1
H6341	H6354	coordination	1
H6341	H6791	coordination	1
H6348	H7386	coordination	1
H6350	H8267	coordination	1
H6413	H7611	coordination	1
H6467	H6588	coordination	1
H6471	H8147	coordination	1
H6499	H8163	coordination	1
H6505	H6632	coordination	1
H6505	H6571	coordination	1
H6517	H7037	coordination	1
H6536	H8625	coordination	1
H6547	H7393	coordination	1
H6569	H7130	coordination	1
H6588	H7462	coordination	1
H6594	H8184	coordination	1
H6620	H7826	coordination	1
H6632	H7393	coordination	1
H6635	H6944	coordination	1
H6662	H8549	coordination	1
H6664	H8537	coordination	1
H6664	H7965	coordination	1
H6666	H8416	coordination	1
H6723	H6757	coordination	1
H6723	H6772	coordination	1
H6723	H8077	coordination	1
H6828	H8487	coordination	1
H6862	H7291	coordination	1
H6869	H7462	coordination	1
H6893	H8580	coordination	1
H6893	H7360	coordination	1
H6893	H7088	coordination	1
H6916	H7070	coordination	1
H6935	H7074	coordination	1
H6965	H8130	coordination	1
H7008	H7950	coordination	1
H7017	H7074	coordination	1
H7019	H7105	coordination	1
H7019	H8081	coordination	1
H7034	H7326	coordination	1
H7036	H7389	coordination	1
H7038	H8311	coordination	1
H7039	H7058	coordination	1
H7045	H8148	coordination	1
H7045	H8322	coordination	1
H7053	H7134	coordination	1
H7058	H8184	coordination	1
H7068	H8135	coordination	1
H7070	H7076	coordination	1
H7101	H7218	coordination	1
H7105	H7120	coordination	1
H7121	H7991	coordination	1
H7198	H8522	coordination	1
H7198	H7420	coordination	1
H7218	H7272	coordination	1
H7218	H7626	coordination	1
H7218	H8513	coordination	1
H7218	H8269	coordination	1
H7225	H8641	coordination	1
H7227	H7989	coordination	1
H7227	H7690	coordination	1
H7267	H7494	coordination	1
H7307	H8414	coordination	1
H7307	H8267	coordination	1
H7339	H7783	coordination	1
H7342	H8082	coordination	1
H7347	H7393	coordination	1
H7358	H7699	coordination	1
H7361	H7994	coordination	1
H7392	H7393	coordination	1
H7440	H8426	coordination	1
H7440	H8416	coordination	1
H7453	H7934	coordination	1
H7458	H7668	coordination	1
H7482	H7494	coordination	1
H7553	H8504	coordination	1
H7563	H8535	coordination	1
H7591	H8048	coordination	1
H7605	H8034	coordination	1
H7611	H8034	coordination	1
H7611	H8269	coordination	1
H7612	H7668	coordination	1
H7620	H8337	coordination	1
H7636	H7720	coordination	1
H7683	H7686	coordination	1
H7723	H8602	coordination	1
H7756	H8101	coordination	1
H7782	H8643	coordination	1
H7843	H7960	coordination	1
H7892	H8426	coordination	1
H7965	H8253	coordination	1
H7991	H8057	coordination	1
H7991	H8269	coordination	1
H7992	H8145	coordination	1
H8002	H8426	coordination	1
H8034	H8597	coordination	1
H8048	H8077	coordination	1
H8057	H8596	coordination	1
H8057	H8643	coordination	1
H8081	H8184	coordination	1
H8081	H8250	coordination	1
H8083	H8141	coordination	1
H8101	H8654	coordination	1
H8121	H8273	coordination	1
H8141	H8337	coordination	1
H8145	H8482	coordination	1
H8184	H8401	coordination	1
H8199	H8269	coordination	1
H8251	H8441	coordination	1
H8269	H8643	coordination	1
H8361	H8648	coordination	1
H8391	H8410	coordination	1
H8441	H8457	coordination	1
H8451	H8584	coordination	1
H8469	H8605	coordination	1
H8559	H8599	coordination	1
