hebrew_strong	greek_strong	count
H0001	G3962	358
H0001	G3965	42
H0001	G3624	30
H0001	G1510	22
H0006	G0622	36
H0006	G0684	4
H0006	G0765	4
H0006	G2962	3
H0014	G2309	9
H0014	G1014	5
H0014	G2962	4
H0024	G3501	3
H0026	G1135	6
H0027	G0958	3
H0029	G0007	7
H0030	G0010	6
H0030	G1648	3
H0033	G3962	4
H0034	G4434	6
H0034	G0080	3
H0040	G2036	7
H0040	G4198	5
H0040	G1510	3
H0041	G0284	3
H0044	G5207	3
H0048	G5207	3
H0050	G5207	3
H0052	G0080	6
H0052	G5207	3
H0053	G2036	9
H0053	G0935	7
H0053	G3956	5
H0053	G0649	4
H0054	G0008	4
H0054	G2409	4
H0054	G1510	3
H0056	G3996	10
H0056	G2992	3
H0056	G1093	3
H0060	G3997	3
H0062	G3508	6
H0068	G3037	49
H0068	G2962	8
H0068	G1510	7
H0068	G1325	6
H0074	G5207	5
H0074	G1138	4
H0074	G2036	4
H0074	G1515	3
H0085	G0011	47
H0085	G2036	10
H0085	G2316	7
H0085	G2464	6
H0087	G2036	5
H0087	G1510	4
H0087	G3004	3
H0087	G0028	3
H0107	G1992	3
H0113	G2962	85
H0113	G0935	25
H0113	G2036	6
H0113	G5207	6
H0116	G0935	8
H0116	G1158	7
H0119	G1192	3
H0120	G0444	132
H0120	G5207	47
H0120	G2934	16
H0120	G3956	12
H0123	G2401	12
H0123	G1093	6
H0123	G1510	5
H0123	G3004	3
H0127	G1093	59
H0127	G3962	9
H0127	G2474	9
H0127	G1510	7
H0134	G0939	7
H0134	G4769	5
H0134	G2945	5
H0134	G5140	3
H0136	G2962	196
H0136	G2316	18
H0136	G2036	7
H0136	G1203	6
H0140	G5207	3
H0155	G3374	4
H0157	G0025	42
H0157	G2962	9
H0157	G3956	8
H0157	G5368	4
H0160	G0025	4
H0160	G0026	4
H0162	G2036	4
H0168	G4633	63
H0168	G3142	55
H0168	G4638	15
H0168	G3624	11
H0173	G2232	3
H0175	G0002	102
H0175	G5207	28
H0175	G3475	19
H0175	G3004	14
H0176	G3956	11
H0176	G1192	11
H0176	G1510	8
H0176	G0444	7
H0183	G1937	7
H0191	G0878	5
H0194	G0622	4
H0194	G1510	3
H0197	G4083	5
H0197	G4439	4
H0197	G4383	3
H0197	G3485	3
H0198	G5207	3
H0200	G0878	4
H0200	G0877	3
H0205	G4192	3
H0205	G0458	3
H0205	G2962	3
H0205	G3152	3
H0208	G5207	3
H0212	G5164	11
H0212	G2192	3
H0214	G2344	20
H0214	G3956	5
H0214	G3624	5
H0214	G2962	3
H0215	G5461	3
H0216	G5457	34
H0216	G2316	3
H0216	G4655	3
H0216	G2962	3
H0223	G3774	11
H0223	G1138	3
H0223	G1135	3
H0226	G4592	20
H0226	G1510	4
H0226	G2316	3
H0226	G2962	3
H0227	G1510	5
H0227	G2980	5
H0227	G1093	4
H0227	G2036	4
H0231	G5301	3
H0238	G1801	7
H0238	G0191	3
H0241	G3775	40
H0241	G0191	11
H0241	G2962	5
H0241	G3056	4
H0249	G1510	3
H0249	G4339	3
H0251	G0080	201
H0251	G5207	24
H0251	G1510	22
H0251	G3956	12
H0256	G5207	8
H0256	G3624	7
H0256	G2474	5
H0256	G1411	3
H0259	G1520	221
H0259	G0266	33
H0259	G0935	32
H0259	G0693	21
H0269	G0079	43
H0269	G0808	4
H0269	G2036	3
H0269	G1135	3
H0270	G1520	3
H0270	G2902	3
H0270	G3624	3
H0270	G2192	3
H0271	G0881	12
H0271	G0935	7
H0271	G2448	4
H0272	G2697	17
H0272	G4172	6
H0272	G3419	3
H0272	G1093	3
H0274	G5207	8
H0274	G2448	4
H0274	G0935	3
H0274	G0615	3
H0281	G5207	6
H0283	G0080	3
H0285	G5207	8
H0288	G5207	4
H0290	G5207	7
H0295	G5207	4
H0299	G5207	3
H0302	G1012	3
H0310	G1096	38
H0310	G4198	25
H0310	G1510	16
H0310	G5207	16
H0312	G2087	24
H0312	G4352	6
H0312	G2962	5
H0312	G0435	4
H0314	G2078	18
H0314	G4413	5
H0319	G2078	9
H0319	G2250	4
H0319	G1510	4
H0325	G0935	9
H0325	G0932	3
H0325	G3376	3
H0333	G5207	4
H0335	G1510	7
H0335	G4169	5
H0335	G2036	4
H0339	G3520	8
H0339	G2730	3
H0339	G1484	3
H0341	G2190	56
H0341	G5227	8
H0341	G2962	6
H0341	G1093	6
H0343	G0684	7
H0343	G2250	3
H0346	G1510	13
H0347	G2492	13
H0347	G5274	10
H0347	G2962	3
H0348	G2403	7
H0349	G2046	4
H0349	G5553	3
H0349	G1410	3
H0349	G1096	3
H0352	G1520	26
H0352	G5131	16
H0352	G0286	16
H0352	G0299	7
H0358	G1520	3
H0361	G2376	4
H0367	G5401	7
H0369	G1510	155
H0369	G2962	22
H0369	G3956	14
H0369	G2316	12
H0374	G3358	7
H0374	G1637	5
H0374	G1510	3
H0376	G0435	296
H0376	G0444	150
H0376	G1538	64
H0376	G1510	59
H0378	G5207	4
H0378	G4549	3
H0383	G1510	4
H0385	G1648	4
H0385	G5207	4
H0385	G0002	3
H0387	G5207	3
H0389	G3956	6
H0389	G1510	6
H0389	G2036	6
H0389	G2962	4
H0398	G5315	102
H0398	G2068	94
H0398	G2719	41
H0398	G4095	20
H0400	G1033	14
H0400	G2212	3
H0402	G1325	3
H0408	G5399	30
H0408	G2962	17
H0408	G2036	16
H0408	G1510	15
H0410	G2316	42
H0410	G2962	18
H0410	G1510	11
H0410	G2478	9
H0413	G2962	470
H0413	G2036	361
H0413	G0935	121
H0413	G2980	113
H0425	G5207	5
H0426	G2316	15
H0426	G2419	7
H0426	G3772	4
H0426	G3624	4
H0428	G5207	52
H0428	G3956	29
H0428	G3686	24
H0428	G4160	21
H0430	G2316	623
H0430	G2962	182
H0430	G1510	59
H0430	G2474	58
H0433	G2316	9
H0433	G2962	7
H0433	G1510	5
H0441	G2232	46
H0446	G5207	5
H0451	G3510	3
H0452	G2036	14
H0452	G2962	5
H0452	G5207	3
H0452	G1510	3
H0453	G5274	3
H0454	G5207	3
H0460	G1045	3
H0461	G1663	7
H0464	G5207	4
H0464	G5274	3
H0468	G5207	3
H0469	G5207	5
H0471	G1662	4
H0471	G5207	3
H0476	G2187	3
H0476	G5207	3
H0477	G2036	6
H0477	G2962	3
H0477	G4160	3
H0477	G2980	3
H0479	G0935	3
H0490	G5503	15
H0490	G3737	3
H0499	G1648	19
H0499	G5207	11
H0499	G2409	10
H0499	G3475	5
H0505	G5505	89
H0505	G5507	32
H0505	G0435	24
H0505	G4001	17
H0511	G5207	5
H0517	G3384	50
H0517	G2364	11
H0517	G3962	10
H0517	G1510	6
H0518	G1510	62
H0518	G2962	41
H0518	G2036	23
H0518	G5207	17
H0519	G1399	10
H0519	G3814	5
H0519	G1510	3
H0520	G4083	84
H0520	G5311	9
H0520	G1520	6
H0520	G5470	6
H0526	G5207	3
H0526	G0936	3
H0530	G4102	4
H0531	G5207	4
H0531	G4396	3
H0535	G3996	3
H0539	G4100	13
H0539	G4103	8
H0539	G2962	4
H0539	G5456	3
H0543	G1096	10
H0543	G2992	4
H0543	G2962	3
H0551	G0225	5
H0553	G0407	5
H0558	G2448	4
H0558	G5207	4
H0558	G3962	4
H0558	G0935	3
H0559	G2036	1843
H0559	G3004	664
H0559	G2962	291
H0559	G2046	155
H0560	G0935	6
H0560	G2036	4
H0560	G2046	3
H0560	G1213	3
H0561	G3056	3
H0561	G4487	3
H0561	G4750	3
H0564	G5207	5
H0567	G5478	9
H0567	G2730	8
H0567	G1093	5
H0567	G1510	4
H0568	G5207	6
H0571	G0225	9
H0571	G2962	6
H0571	G0228	6
H0571	G4160	5
H0575	G4198	4
H0575	G2036	3
H0577	G2962	4
H0587	G1510	17
H0587	G2962	4
H0587	G0599	3
H0587	G5207	3
H0589	G2962	109
H0589	G1510	71
H0589	G2316	47
H0589	G3004	25
H0590	G3491	4
H0591	G4143	4
H0595	G1510	47
H0595	G2962	17
H0595	G1781	15
H0595	G2316	13
H0599	G2962	4
H0607	G0935	4
H0609	G0760	12
H0609	G2448	6
H0622	G4863	41
H0622	G2992	7
H0622	G4369	6
H0622	G5207	3
H0623	G70753	8
H0623	G5207	6
H0623	G5056	3
H0631	G1210	10
H0631	G1510	3
H0634	G5207	4
H0635	G2036	7
H0635	G3956	4
H0635	G1510	3
H0635	G0935	3
H0637	G4160	4
H0637	G2036	3
H0637	G4198	3
H0637	G2730	3
H0639	G3709	25
H0639	G2372	24
H0639	G2962	13
H0639	G3710	12
H0645	G1510	4
H0646	G4158	5
H0646	G3142	3
H0653	G4655	3
H0657	G1510	5
H0657	G1093	3
H0665	G4700	10
H0669	G2187	46
H0669	G1510	7
H0669	G3128	7
H0669	G5207	7
H0676	G1147	7
H0681	G2476	4
H0681	G5164	4
H0682	G5207	6
H0687	G5207	3
H0693	G1749	5
H0693	G1748	4
H0697	G0200	7
H0702	G5064	57
H0702	G5505	16
H0702	G5071	13
H0702	G3376	12
H0705	G2094	23
H0705	G5505	11
H0705	G2250	8
H0705	G5207	7
H0713	G5192	5
H0713	G1040	5
H0727	G2787	52
H0727	G2962	20
H0727	G1242	12
H0727	G2316	12
H0730	G3586	6
H0730	G3624	6
H0730	G3956	4
H0733	G5207	3
H0734	G3598	14
H0734	G5147	4
H0738	G3023	12
H0738	G2476	4
H0738	G4383	3
H0744	G3023	3
H0748	G2250	3
H0750	G2962	3
H0753	G4083	21
H0753	G3372	15
H0753	G5505	4
H0753	G4633	3
H0758	G4947	25
H0758	G0935	7
H0758	G5207	6
H0758	G4948	6
H0759	G2310	5
H0759	G2719	3
H0759	G5561	3
H0769	G3725	4
H0769	G5207	3
H0771	G0257	4
H0772	G1093	3
H0776	G1093	658
H0776	G0125	77
H0776	G2962	63
H0776	G3956	53
H0779	G1944	26
H0779	G2672	10
H0779	G71642	3
H0783	G0935	5
H0784	G4442	90
H0784	G2962	17
H0784	G2719	11
H0784	G2545	7
H0795	G0108	3
H0801	G2962	27
H0801	G3744	4
H0801	G4317	4
H0801	G3646	4
H0802	G1135	212
H0802	G5207	31
H0802	G2036	19
H0802	G1510	15
H0804	G0935	31
H0804	G1093	4
H0804	G3956	4
H0804	G3535	3
H0812	G1009	4
H0816	G0264	3
H0816	G0853	3
H0817	G2962	4
H0817	G0040	4
H0817	G0266	3
H0817	G0129	3
H0819	G2474	4
H0830	G2874	4
H0834	G2962	219
H0834	G1510	202
H0834	G4160	191
H0834	G3956	142
H0835	G3107	11
H0835	G2962	3
H0836	G0768	15
H0836	G5207	7
H0836	G5443	4
H0842	G4442	3
H0853	G2962	396
H0853	G3956	346
H0853	G5207	253
H0853	G4160	214
H0857	G2064	3
H0859	G1510	69
H0859	G5207	38
H0859	G2962	37
H0859	G2316	27
H0860	G3688	6
H0860	G3708	4
H0861	G2545	4
H0862	G4745	3
H0865	G5154	3
H0868	G3410	4
H0875	G5421	15
H0883	G5421	3
H0884	G5421	9
H0884	G3727	6
H0884	G2992	3
H0884	G2448	3
H0893	G5207	5
H0894	G0897	40
H0894	G0935	6
H0894	G2419	6
H0894	G2962	5
H0895	G0897	4
H0898	G0114	8
H0898	G3551	4
H0898	G1459	3
H0899	G2440	42
H0899	G4749	17
H0899	G1510	7
H0899	G4016	6
H0902	G5207	3
H0905	G3441	23
H0905	G3956	9
H0905	G1510	8
H0905	G4160	6
H0906	G4749	3
H0914	G1291	9
H0914	G0873	3
H0914	G5563	3
H0919	G3624	4
H0926	G5015	3
H0926	G4704	3
H0929	G2934	37
H0929	G3956	15
H0929	G1093	10
H0929	G1510	9
H0931	G1188	7
H0931	G4228	3
H0934	G0826	5
H0935	G2064	275
H0935	G1525	190
H0935	G1521	56
H0935	G2962	55
H0936	G1847	3
H0953	G5204	5
H0953	G2597	5
H0953	G1093	3
H0954	G0153	20
H0954	G2617	8
H0954	G0165	3
H0954	G1096	3
H0959	G0821	3
H0961	G1283	3
H0962	G4172	4
H0962	G3956	3
H0962	G2992	3
H0970	G1586	26
H0970	G2962	17
H0970	G3686	11
H0970	G2474	10
H0974	G1381	5
H0982	G3982	15
H0982	G2962	3
H0982	G2316	3
H0982	G1510	3
H0983	G3982	7
H0983	G1680	3
H0990	G2836	12
H0990	G1064	6
H0990	G1549	5
H0994	G1189	3
H0995	G4920	12
H0995	G1510	7
H0995	G3539	5
H0995	G4160	4
H0996	G3319	148
H0996	G5207	9
H0996	G1510	8
H0996	G1242	5
H0998	G4907	6
H0998	G1510	4
H1002	G4172	6
H1004	G3624	415
H1004	G2962	122
H1004	G2474	59
H1004	G3614	57
H1005	G2316	5
H1005	G3624	5
H1005	G2419	4
H1008	G2474	9
H1008	G2316	6
H1008	G4160	6
H1008	G1510	6
H1010	G3624	3
H1012	G2446	3
H1032	G4172	4
H1032	G3047	3
H1035	G5207	8
H1035	G1510	5
H1035	G0965	5
H1035	G0246	5
H1052	G2968	5
H1052	G1520	4
H1053	G2448	4
H1058	G2799	31
H1058	G3173	5
H1058	G2805	4
H1058	G2962	3
H1060	G4416	37
H1060	G5207	11
H1060	G4502	5
H1060	G2474	5
H1062	G4415	5
H1062	G2129	3
H1065	G2805	6
H1075	G5207	4
H1085	G5274	3
H1092	G5207	3
H1100	G0435	3
H1101	G2378	15
H1101	G4585	7
H1101	G1637	4
H1101	G0106	3
H1104	G2666	11
H1106	G5207	3
H1107	G2316	5
H1109	G0903	21
H1109	G2036	9
H1109	G0450	3
H1111	G0904	16
H1111	G2036	6
H1111	G0903	3
H1115	G1093	4
H1115	G0191	3
H1115	G3956	3
H1115	G0935	3
H1116	G5308	20
H1116	G4160	4
H1116	G2962	4
H1116	G3624	4
H1121	G5207	1781
H1121	G2474	193
H1121	G1510	84
H1121	G2962	61
H1123	G5207	3
H1124	G2675	3
H1124	G5117	3
H1129	G3618	112
H1129	G3624	18
H1129	G2962	16
H1129	G5207	12
H1130	G5207	8
H1130	G3004	4
H1130	G0191	3
H1131	G5207	3
H1137	G5207	8
H1141	G5207	11
H1141	G2409	3
H1142	G3924	3
H1144	G0958	58
H1144	G5207	16
H1144	G2474	6
H1144	G5443	5
H1145	G0958	5
H1146	G4383	3
H1157	G3956	5
H1157	G2992	5
H1157	G2316	3
H1157	G3624	3
H1162	G1003	11
H1162	G2036	4
H1165	G2934	3
H1167	G0435	13
H1167	G2962	7
H1167	G1510	5
H1167	G1325	3
H1168	G0896	18
H1168	G2379	4
H1168	G1398	3
H1168	G3624	3
H1176	G2316	3
H1177	G5207	4
H1187	G2962	3
H1188	G5117	4
H1195	G5207	3
H1196	G5207	3
H1197	G2545	8
H1197	G4442	5
H1197	G1572	4
H1197	G2962	4
H1201	G3624	3
H1201	G5207	3
H1212	G4160	3
H1214	G4931	3
H1219	G4172	5
H1231	G5207	4
H1234	G4486	7
H1234	G71281	3
H1241	G1016	37
H1241	G4263	14
H1241	G4992	12
H1241	G3448	6
H1242	G1096	14
H1242	G3719	7
H1242	G2073	6
H1242	G1510	4
H1245	G2212	35
H1245	G1510	6
H1245	G1567	6
H1245	G2147	4
H1254	G4160	10
H1254	G1093	4
H1254	G2936	4
H1259	G5464	8
H1270	G4604	12
H1270	G4603	4
H1271	G5207	4
H1272	G5343	8
H1272	G1510	4
H1272	G0080	3
H1272	G1138	3
H1277	G1588	3
H1280	G2374	4
H1280	G4160	3
H1280	G4769	3
H1283	G5207	5
H1285	G1242	64
H1285	G2962	19
H1285	G1510	9
H1285	G1303	8
H1288	G2127	87
H1288	G2962	26
H1288	G2316	11
H1288	G2036	9
H1290	G1119	5
H1293	G2129	17
H1293	G1093	3
H1295	G2523	3
H1295	G1102	3
H1300	G0796	5
H1301	G0913	5
H1305	G1588	4
H1314	G0759	6
H1315	G2269	3
H1316	G2730	4
H1316	G0932	4
H1316	G3128	4
H1316	G4172	3
H1319	G2097	5
H1320	G4561	51
H1320	G2907	34
H1320	G3956	12
H1320	G1510	9
H1322	G0152	4
H1323	G2364	144
H1323	G5207	25
H1323	G1135	22
H1323	G2968	17
H1324	G1510	3
H1330	G3933	12
H1339	G1525	4
H1339	G0935	3
H1339	G2036	3
H1347	G5196	4
H1350	G3084	17
H1350	G1510	7
H1350	G2036	5
H1350	G4506	5
H1361	G5312	6
H1364	G5308	8
H1364	G3586	4
H1364	G2038	3
H1366	G3725	87
H1366	G1096	9
H1366	G2474	6
H1366	G3173	5
H1367	G2945	3
H1367	G3725	3
H1368	G1415	32
H1368	G1411	7
H1368	G2478	5
H1368	G1510	5
H1369	G2479	7
H1369	G1411	5
H1369	G1125	4
H1369	G4160	3
H1389	G1015	11
H1389	G3956	5
H1389	G3586	3
H1390	G0958	3
H1391	G2730	4
H1396	G2729	4
H1397	G0435	18
H1397	G0444	5
H1400	G0435	4
H1404	G2959	4
H1405	G2474	3
H1406	G1430	7
H1410	G1045	22
H1410	G5207	15
H1410	G4502	4
H1410	G5443	3
H1416	G5207	4
H1419	G3173	103
H1419	G4160	13
H1419	G2962	13
H1419	G1093	10
H1420	G3172	4
H1423	G2056	7
H1423	G3384	3
H1425	G4502	4
H1431	G3170	14
H1431	G5312	6
H1431	G2962	4
H1431	G0837	4
H1435	G5207	4
H1436	G5207	3
H1439	G1066	18
H1439	G2036	3
H1441	G5207	3
H1459	G2575	3
H1463	G1136	5
H1471	G1484	131
H1471	G3956	15
H1471	G4160	13
H1471	G1093	12
H1472	G4983	4
H1473	G5207	4
H1473	G0161	4
H1473	G0935	3
H1478	G0599	3
H1478	G1587	3
H1481	G3939	15
H1481	G4339	9
H1481	G4334	4
H1481	G5117	3
H1486	G2819	14
H1486	G1831	8
H1486	G2962	4
H1486	G1520	3
H1492	G1096	4
H1494	G2751	5
H1497	G0726	3
H1497	G1283	3
H1513	G0440	3
H1516	G5327	7
H1522	G3808	4
H1523	G5463	4
H1530	G4172	3
H1530	G2949	3
H1533	G3735	5
H1534	G5164	3
H1537	G2962	5
H1537	G2992	3
H1540	G0601	15
H1540	G0602	11
H1540	G1093	7
H1540	G0343	7
H1541	G0343	3
H1543	G1325	4
H1544	G3392	6
H1544	G1497	4
H1548	G3587	8
H1568	G1093	9
H1568	G5207	6
H1568	G3128	5
H1568	G2036	5
H1571	G2962	23
H1571	G1510	21
H1571	G3956	19
H1571	G4160	14
H1580	G0467	3
H1581	G2574	20
H1581	G3688	5
H1583	G5207	3
H1588	G2779	9
H1588	G3857	6
H1588	G2316	3
H1588	G5172	3
H1589	G2813	4
H1589	G3571	3
H1590	G2812	6
H1593	G2779	3
H1598	G4172	3
H1602	G5590	4
H1605	G2008	3
H1612	G0288	13
H1612	G4808	3
H1616	G4339	24
H1616	G1510	8
H1616	G1093	4
H1616	G5503	4
H1625	G0169	6
H1637	G0257	15
H1637	G3025	4
H1639	G0851	3
H1644	G1544	10
H1644	G4383	4
H1647	G5207	5
H1648	G5207	7
H1648	G1218	3
H1653	G5205	10
H1657	G1093	7
H1660	G3025	3
H1661	G1401	4
H1661	G1510	3
H1667	G4172	4
H1683	G0913	3
H1687	G0040	3
H1692	G2853	4
H1692	G4347	3
H1696	G2980	381
H1696	G2962	52
H1696	G2036	42
H1696	G3004	27
H1697	G3056	185
H1697	G4487	118
H1697	G1096	80
H1697	G2962	65
H1698	G2288	7
H1706	G3192	21
H1710	G2486	3
H1714	G1808	5
H1714	G5001	4
H1715	G3631	5
H1715	G4621	4
H1719	G5207	4
H1722	G5552	3
H1722	G4352	3
H1730	G0080	4
H1730	G2570	4
H1730	G2036	3
H1730	G3149	3
H1732	G1138	232
H1732	G2036	65
H1732	G3962	26
H1732	G0935	20
H1734	G5207	3
H1755	G1074	41
H1755	G2962	8
H1755	G3956	6
H1755	G0166	5
H1768	G3956	19
H1768	G0935	17
H1768	G1510	13
H1768	G2316	8
H1777	G2919	5
H1785	G2945	3
H1787	G5207	3
H1800	G3993	4
H1800	G4434	3
H1800	G5011	3
H1806	G5207	3
H1807	G2036	3
H1817	G2374	21
H1817	G3624	7
H1817	G4439	5
H1817	G0608	3
H1818	G0129	94
H1818	G1510	17
H1818	G1632	12
H1818	G2945	8
H1819	G3666	4
H1819	G3664	3
H1823	G3667	3
H1823	G3669	3
H1826	G1093	3
H1832	G3571	3
H1834	G1154	11
H1834	G3004	3
H1835	G5207	13
H1835	G3508	5
H1835	G5443	5
H1835	G1520	3
H1836	G0935	4
H1836	G2675	4
H1840	G1158	14
H1841	G1158	12
H1841	G2036	4
H1841	G0935	3
H1841	G3023	3
H1845	G5207	3
H1846	G4570	4
H1847	G1108	11
H1847	G1097	4
H1847	G3956	3
H1847	G73479	3
H1851	G4719	3
H1867	G0935	3
H1868	G0935	5
H1869	G3961	6
H1869	G5115	4
H1870	G3598	167
H1870	G4198	29
H1870	G3956	17
H1870	G2962	16
H1875	G2962	17
H1875	G1567	13
H1875	G2212	8
H1875	G2316	6
H1877	G1093	3
H1892	G3153	18
H1892	G1510	7
H1892	G3152	6
H1892	G4151	6
H1893	G0006	4
H1897	G3191	4
H1904	G0028	5
H1908	G0599	3
H1909	G2983	3
H1909	G1411	3
H1926	G1391	4
H1931	G1510	232
H1931	G2250	132
H1931	G2962	48
H1931	G2316	36
H1932	G1510	4
H1934	G1510	5
H1934	G1093	4
H1934	G0932	4
H1934	G2334	4
H1935	G1391	4
H1945	G2962	4
H1945	G3004	3
H1952	G1510	3
H1954	G5617	6
H1961	G1510	730
H1961	G1096	710
H1961	G2962	60
H1961	G2316	49
H1964	G2962	9
H1964	G3485	6
H1964	G3624	6
H1964	G0040	5
H1968	G5207	3
H1968	G70753	3
H1969	G1637	5
H1969	G5067	4
H1969	G1510	3
H1980	G4198	359
H1980	G0565	45
H1980	G2036	28
H1980	G1093	27
H1984	G0134	27
H1984	G2962	13
H1984	G1843	6
H1984	G2316	3
H1992	G1510	53
H1992	G2250	21
H1992	G2962	15
H1992	G4160	14
H1995	G2479	6
H1995	G4128	4
H1995	G5456	4
H1995	G5495	3
H1996	G1136	4
H2000	G1839	4
H2001	G2036	5
H2001	G0935	4
H2001	G2453	3
H2001	G0833	3
H2005	G1510	55
H2005	G2036	38
H2005	G3708	37
H2005	G2962	36
H2006	G1798	3
H2007	G1510	5
H2008	G2962	4
H2008	G2316	3
H2015	G2690	8
H2015	G3328	4
H2015	G3344	4
H2015	G4762	4
H2022	G3735	161
H2022	G2962	15
H2022	G1510	12
H2022	G3956	12
H2023	G3735	5
H2026	G0615	32
H2026	G0337	8
H2026	G0080	6
H2026	G3956	5
H2028	G4967	4
H2029	G4815	17
H2029	G1064	9
H2029	G5207	4
H2030	G2192	5
H2040	G2679	7
H2040	G2962	4
H2043	G5207	4
H2060	G0938	3
H2061	G3074	3
H2062	G2446	3
H2063	G4160	24
H2063	G1510	24
H2063	G3551	21
H2063	G2962	20
H2066	G5207	3
H2074	G2194	20
H2074	G5207	5
H2076	G2380	27
H2076	G2316	9
H2076	G2962	7
H2076	G2378	6
H2077	G2378	45
H2077	G4992	10
H2077	G2250	6
H2077	G2380	5
H2088	G2250	83
H2088	G1510	35
H2088	G2962	32
H2088	G4487	30
H2091	G5553	52
H2091	G5552	41
H2091	G0694	15
H2091	G4134	12
H2100	G3192	10
H2100	G4511	5
H2101	G4511	3
H2114	G0245	7
H2114	G2962	3
H2114	G0599	3
H2114	G1135	3
H2132	G1636	7
H2132	G1637	3
H2138	G3956	3
H2139	G5207	4
H2141	G2513	3
H2142	G3415	40
H2142	G3403	30
H2142	G2962	7
H2142	G0363	5
H2145	G3956	14
H2145	G5207	7
H2145	G0730	3
H2145	G2338	3
H2148	G2197	22
H2148	G5207	4
H2154	G0458	5
H2154	G0763	3
H2161	G4160	4
H2166	G2540	3
H2167	G5567	3
H2167	G2316	3
H2167	G2962	3
H2170	G5552	3
H2174	G1080	4
H2181	G1608	16
H2181	G4204	12
H2181	G4203	5
H2181	G1093	3
H2186	G0683	3
H2191	G3398	3
H2199	G0994	12
H2199	G2896	9
H2199	G0310	5
H2199	G4982	3
H2201	G2906	3
H2204	G1095	6
H2205	G4245	32
H2205	G2474	9
H2205	G1087	7
H2205	G3956	6
H2212	G5553	3
H2213	G2945	4
H2216	G2216	8
H2216	G4528	5
H2219	G3039	5
H2219	G1289	4
H2219	G5561	4
H2220	G1023	20
H2220	G5308	4
H2220	G3173	3
H2220	G2900	3
H2224	G0393	5
H2226	G2196	6
H2226	G5207	4
H2232	G4687	16
H2232	G1093	3
H2232	G0290	3
H2233	G4690	50
H2233	G1510	7
H2233	G1093	7
H2233	G1325	6
H2236	G2945	5
H2236	G2379	4
H2236	G0129	3
H2236	G2409	3
H2240	G5207	4
H2244	G2928	7
H2250	G3468	3
H2256	G1093	4
H2256	G1510	4
H2256	G5604	4
H2256	G4979	3
H2266	G2087	3
H2275	G5207	10
H2275	G0935	6
H2275	G2094	4
H2275	G2962	3
H2280	G3688	6
H2282	G1859	23
H2282	G2250	5
H2282	G4634	5
H2287	G1858	3
H2296	G2224	4
H2296	G4024	4
H2308	G1510	4
H2308	G0620	4
H2308	G2962	3
H2315	G5009	11
H2315	G2846	3
H2319	G2537	11
H2319	G2962	4
H2320	G3376	73
H2320	G1442	10
H2320	G2250	10
H2320	G4413	9
H2340	G5478	9
H2341	G5207	3
H2342	G1510	3
H2342	G5605	3
H2344	G0285	4
H2346	G5038	28
H2346	G4172	8
H2346	G4439	6
H2346	G0935	3
H2347	G5339	6
H2347	G1653	4
H2347	G3788	3
H2351	G3925	12
H2351	G2962	6
H2351	G4172	6
H2351	G3598	6
H2365	G2036	4
H2370	G3708	6
H2370	G2334	4
H2372	G3708	5
H2373	G1023	4
H2374	G3708	6
H2377	G3706	8
H2388	G2902	29
H2388	G2729	28
H2388	G2480	10
H2388	G0407	8
H2389	G1510	5
H2389	G1023	4
H2389	G2900	3
H2389	G2478	3
H2396	G1478	28
H2396	G2036	10
H2396	G0935	9
H2396	G3004	7
H2398	G0264	69
H2398	G2474	11
H2398	G2962	8
H2398	G2316	7
H2399	G0266	7
H2399	G0599	4
H2400	G0268	3
H2403	G0266	98
H2403	G1510	11
H2403	G3956	10
H2403	G0264	9
H2416	G2198	76
H2416	G2222	46
H2416	G3956	15
H2416	G2962	14
H2420	G2992	3
H2421	G2198	79
H2421	G0935	9
H2421	G0599	8
H2421	G2222	7
H2423	G2342	3
H2425	G2198	11
H2426	G1411	3
H2428	G1411	30
H2428	G1415	10
H2428	G2479	9
H2428	G0435	6
H2435	G1857	9
H2436	G2859	7
H2438	G0649	3
H2441	G2995	6
H2445	G3956	3
H2449	G4680	10
H2450	G4680	31
H2450	G3956	5
H2450	G1510	5
H2450	G4908	4
H2451	G4678	48
H2451	G4907	4
H2451	G3956	4
H2451	G5428	4
H2457	G2447	3
H2459	G3956	9
H2459	G4014	7
H2459	G2836	6
H2459	G2379	4
H2461	G1051	8
H2461	G3192	7
H2461	G3384	3
H2470	G5207	3
H2470	G0444	3
H2470	G1478	3
H2471	G0740	4
H2472	G1798	16
H2472	G2036	3
H2472	G4793	3
H2472	G1510	3
H2474	G2376	11
H2474	G3372	3
H2483	G3119	4
H2486	G2036	4
H2486	G2962	3
H2487	G4749	4
H2490	G0757	20
H2490	G0953	18
H2490	G3392	5
H2490	G1093	4
H2491	G3319	7
H2491	G4183	4
H2491	G4098	4
H2491	G3162	4
H2492	G1797	5
H2492	G3708	5
H2492	G1798	3
H2492	G1492	3
H2497	G5207	4
H2505	G3307	7
H2505	G1266	7
H2505	G1244	4
H2506	G3310	12
H2506	G2819	4
H2506	G1510	3
H2506	G3319	3
H2513	G3310	7
H2518	G5207	6
H2518	G2409	5
H2518	G0314	3
H2526	G4590	3
H2526	G5207	3
H2529	G3192	4
H2530	G1510	3
H2530	G1937	3
H2534	G2372	27
H2534	G3709	7
H2534	G2962	4
H2534	G3962	3
H2537	G2408	3
H2543	G3688	23
H2543	G3956	3
H2544	G71689	6
H2545	G3994	4
H2549	G3991	14
H2549	G3376	6
H2550	G5339	10
H2550	G1653	3
H2552	G2328	3
H2555	G0763	4
H2555	G0435	3
H2555	G5004	3
H2563	G4081	4
H2568	G4001	26
H2568	G4083	23
H2568	G2094	21
H2568	G5207	19
H2572	G4083	10
H2572	G4160	6
H2572	G5064	6
H2572	G0435	6
H2573	G0779	3
H2574	G2316	3
H2574	G3725	3
H2580	G5485	12
H2580	G3788	5
H2580	G2147	3
H2580	G2962	3
H2583	G3924	69
H2583	G2474	9
H2583	G2945	3
H2585	G1802	3
H2586	G5207	3
H2587	G2962	3
H2595	G0935	3
H2595	G3586	3
H2595	G0615	3
H2598	G2379	3
H2600	G1432	3
H2600	G2962	3
H2600	G3004	3
H2603	G1653	10
H2603	G2962	5
H2603	G2316	4
H2603	G5056	4
H2605	G5207	6
H2608	G0367	10
H2617	G1656	21
H2617	G2962	8
H2617	G4160	7
H2617	G0225	5
H2623	G3741	3
H2638	G1729	3
H2654	G2309	7
H2654	G2962	4
H2654	G1392	4
H2654	G1014	4
H2656	G3956	4
H2656	G2307	3
H2658	G3736	5
H2660	G5207	3
H2664	G1830	4
H2670	G1658	4
H2671	G0956	7
H2673	G1244	5
H2674	G0935	3
H2677	G2255	24
H2677	G3128	8
H2677	G4083	5
H2677	G1045	5
H2682	G5528	3
H2689	G4536	9
H2689	G3956	3
H2691	G0833	33
H2691	G2968	17
H2691	G1886	10
H2691	G1857	7
H2696	G5329	3
H2706	G1345	11
H2706	G2474	6
H2706	G2917	5
H2706	G2962	4
H2708	G4198	10
H2708	G0166	8
H2708	G3551	7
H2708	G4160	6
H2715	G0758	3
H2717	G2049	5
H2719	G4501	43
H2719	G3162	41
H2719	G2962	11
H2719	G4098	10
H2722	G3735	4
H2723	G2048	8
H2729	G1839	9
H2729	G1510	5
H2729	G1629	4
H2734	G2373	11
H2734	G3710	11
H2734	G2962	7
H2734	G3709	7
H2735	G3735	3
H2740	G2372	6
H2740	G2962	5
H2740	G2474	3
H2740	G3709	3
H2750	G2372	3
H2763	G1842	6
H2763	G4160	4
H2763	G4172	3
H2764	G0331	5
H2764	G3956	3
H2766	G5207	6
H2771	G5488	4
H2778	G3679	6
H2781	G3680	8
H2781	G3681	5
H2781	G0191	3
H2789	G2198	3
H2790	G2588	3
H2795	G2974	4
H2796	G5045	6
H2796	G4160	3
H2803	G3049	17
H2803	G4160	6
H2803	G2041	3
H2803	G4817	3
H2809	G2730	4
H2809	G3956	3
H2811	G5207	4
H2811	G0080	3
H2814	G4623	3
H2820	G5339	7
H2821	G1093	3
H2822	G4655	20
H2822	G1105	4
H2822	G1510	4
H2822	G5087	3
H2828	G5207	3
H2833	G4158	3
H2845	G5207	5
H2850	G5478	9
H2850	G3774	4
H2850	G1510	3
H2851	G2222	3
H2856	G4972	4
H2859	G3475	7
H2859	G1918	3
H2860	G3566	3
H2865	G4422	4
H2865	G2962	4
H2865	G2274	4
H2865	G1510	3
H2881	G0911	4
H2885	G1146	9
H2889	G2513	18
H2889	G1510	8
H2889	G5553	4
H2889	G2934	3
H2891	G2511	23
H2891	G1510	13
H2891	G2409	4
H2891	G2962	3
H2893	G2511	3
H2896	G0018	98
H2896	G2570	37
H2896	G2962	20
H2896	G1510	16
H2898	G0018	6
H2900	G2064	3
H2902	G0218	4
H2905	G1520	3
H2919	G3772	4
H2930	G3392	39
H2930	G1510	25
H2930	G2073	13
H2930	G0169	9
H2931	G0169	29
H2931	G1510	17
H2931	G0167	3
H2931	G5590	3
H2932	G0167	14
H2934	G2928	5
H2938	G1089	3
H2942	G1106	6
H2945	G3956	5
H2945	G5043	3
H2945	G1135	3
H2962	G1510	4
H2962	G2962	4
H2974	G0757	5
H2975	G4215	14
H2975	G1510	4
H2975	G0305	3
H2975	G4160	3
H2977	G2502	10
H2977	G5207	6
H2977	G0935	5
H2977	G2962	3
H2983	G5478	8
H2983	G0257	6
H2983	G1093	3
H2983	G2730	3
H2999	G5207	3
H3001	G3583	13
H3027	G5495	370
H3027	G2962	55
H3027	G0935	35
H3027	G3956	27
H3028	G5495	3
H3034	G2962	8
H3034	G1843	6
H3034	G2316	6
H3034	G0266	3
H3038	G5207	6
H3039	G0025	3
H3045	G1097	152
H3045	G2962	57
H3045	G73479	45
H3045	G1510	22
H3046	G1213	6
H3046	G0935	4
H3046	G1107	4
H3046	G1110	3
H3048	G5207	3
H3050	G1656	3
H3050	G1843	3
H3050	G0134	3
H3050	G2197	3
H3051	G1325	7
H3052	G1325	9
H3058	G5207	4
H3059	G2094	4
H3059	G5207	3
H3060	G2474	3
H3062	G2453	3
H3063	G2448	161
H3063	G2455	40
H3063	G0935	32
H3063	G2419	31
H3064	G2453	12
H3064	G0935	3
H3068	G2962	1737
H3068	G2316	380
H3068	G2036	207
H3068	G2980	136
H3076	G72471	3
H3077	G0935	6
H3077	G5207	4
H3077	G2409	4
H3077	G0599	3
H3079	G2094	3
H3079	G2448	3
H3083	G5207	11
H3083	G2036	9
H3083	G4549	5
H3088	G2496	4
H3088	G5207	4
H3088	G0935	3
H3091	G2424	68
H3091	G2036	16
H3091	G2474	7
H3091	G4160	5
H3092	G2498	23
H3092	G0935	6
H3092	G2036	6
H3092	G5207	5
H3097	G5207	13
H3097	G2036	11
H3097	G3956	10
H3097	G0935	6
H3098	G5207	3
H3100	G2493	9
H3100	G5207	3
H3101	G5207	7
H3101	G0935	5
H3101	G2474	5
H3103	G5207	4
H3104	G0859	7
H3110	G72471	3
H3110	G5207	3
H3117	G2250	685
H3117	G1510	83
H3117	G2962	71
H3117	G1096	57
H3119	G3571	9
H3119	G2250	5
H3123	G4058	5
H3123	G2374	3
H3124	G2495	7
H3129	G5207	9
H3129	G4549	4
H3129	G4632	3
H3129	G0599	3
H3130	G2501	73
H3130	G2036	13
H3130	G5207	12
H3130	G1510	5
H3141	G2496	6
H3147	G5207	6
H3147	G2488	4
H3157	G2474	3
H3157	G2403	3
H3159	G1135	3
H3162	G2962	5
H3162	G0297	3
H3162	G1510	3
H3162	G4863	3
H3171	G5207	3
H3173	G0027	3
H3176	G5278	4
H3187	G3956	5
H3189	G5207	3
H3190	G4160	11
H3190	G0700	9
H3190	G1510	6
H3190	G2588	5
H3196	G3631	50
H3196	G4095	4
H3196	G3956	4
H3196	G1510	3
H3198	G1651	15
H3199	G5207	3
H3201	G1410	39
H3201	G1510	6
H3201	G2962	5
H3201	G5342	4
H3205	G1080	101
H3205	G5088	88
H3205	G5207	36
H3205	G2364	20
H3206	G3808	12
H3206	G3813	8
H3206	G1510	3
H3213	G3649	8
H3218	G2719	3
H3220	G2281	72
H3220	G1520	15
H3220	G5204	10
H3220	G0395	10
H3225	G1188	27
H3225	G0710	13
H3225	G2176	4
H3225	G2776	3
H3226	G4549	3
H3233	G1188	12
H3233	G0206	7
H3233	G0129	3
H3238	G2346	3
H3238	G2616	3
H3240	G0659	6
H3240	G5087	5
H3240	G2962	4
H3240	G0863	4
H3243	G2337	8
H3245	G2311	6
H3247	G2379	4
H3247	G2310	3
H3254	G4369	74
H3254	G2962	5
H3254	G3056	4
H3254	G1093	3
H3256	G3811	11
H3256	G4651	5
H3259	G1510	3
H3259	G1097	3
H3276	G5623	6
H3282	G1096	7
H3282	G2962	6
H3282	G2036	4
H3282	G3004	3
H3289	G1011	17
H3289	G4823	9
H3289	G3056	3
H3290	G2384	81
H3290	G2036	18
H3290	G5207	13
H3290	G2474	12
H3293	G3624	3
H3303	G2570	10
H3303	G1510	5
H3312	G5207	4
H3312	G2424	3
H3315	G4590	3
H3315	G5207	3
H3316	G2422	6
H3316	G2036	5
H3318	G1831	211
H3318	G1806	54
H3318	G0125	36
H3318	G1607	27
H3320	G2476	4
H3320	G2316	4
H3320	G3708	3
H3320	G0436	3
H3323	G1637	5
H3323	G3631	4
H3324	G5207	4
H3327	G2464	34
H3327	G2384	7
H3327	G5207	4
H3327	G1325	4
H3332	G2022	8
H3334	G2346	3
H3335	G4111	9
H3335	G4160	6
H3335	G4632	3
H3335	G2763	3
H3342	G3025	5
H3345	G2545	3
H3366	G1392	5
H3368	G1510	4
H3368	G5093	4
H3372	G5399	70
H3372	G2316	12
H3372	G2962	12
H3372	G1510	11
H3373	G0435	4
H3373	G5399	3
H3374	G5401	10
H3374	G2962	5
H3374	G1510	3
H3379	G5207	15
H3379	G2474	12
H3379	G0125	3
H3379	G3319	3
H3381	G2597	109
H3381	G2609	12
H3381	G3735	6
H3381	G1093	5
H3383	G2446	48
H3383	G0395	8
H3383	G2962	8
H3383	G3956	6
H3384	G1093	3
H3384	G0312	3
H3389	G2419	194
H3389	G2962	14
H3389	G0935	11
H3389	G4172	11
H3390	G2419	4
H3391	G3376	4
H3394	G2246	4
H3395	G5207	6
H3405	G2410	18
H3405	G0935	4
H3405	G3004	3
H3406	G5207	4
H3407	G4160	7
H3407	G4633	6
H3407	G1510	4
H3407	G1520	3
H3409	G3382	5
H3409	G1005	3
H3411	G1093	3
H3414	G2408	11
H3414	G2036	8
H3414	G1510	6
H3414	G3956	5
H3423	G2816	31
H3423	G1093	19
H3423	G1842	12
H3423	G1808	12
H3425	G2819	3
H3426	G1510	44
H3426	G5495	5
H3426	G2962	3
H3426	G2474	3
H3427	G2730	158
H3427	G2523	56
H3427	G1093	36
H3427	G2521	29
H3442	G2424	10
H3442	G5207	6
H3442	G3019	3
H3444	G4991	11
H3444	G2316	4
H3448	G2421	12
H3448	G2564	3
H3458	G5207	8
H3458	G3814	3
H3467	G4982	46
H3467	G5495	9
H3467	G2962	9
H3467	G2474	6
H3468	G4990	4
H3469	G5207	3
H3470	G2268	11
H3470	G5207	6
H3470	G2036	5
H3474	G3788	3
H3477	G4160	13
H3477	G2962	6
H3477	G2316	5
H3477	G1510	3
H3478	G2474	779
H3478	G5207	151
H3478	G2962	72
H3478	G3956	60
H3479	G2474	4
H3485	G72457	12
H3485	G5443	5
H3485	G5207	4
H3485	G2194	4
H3490	G3737	9
H3498	G2641	22
H3498	G5275	9
H3498	G4053	4
H3498	G3956	3
H3499	G3062	40
H3499	G2645	5
H3499	G2641	4
H3504	G4050	6
H3508	G4014	5
H3513	G0925	11
H3513	G1510	7
H3513	G5091	7
H3513	G1392	5
H3515	G1510	3
H3516	G4014	5
H3518	G4570	9
H3519	G1391	37
H3519	G2962	18
H3519	G4149	7
H3519	G2316	6
H3526	G4150	14
H3526	G2440	6
H3526	G1510	6
H3526	G5204	5
H3532	G0299	18
H3532	G1520	18
H3532	G0286	15
H3532	G5207	11
H3537	G5201	6
H3541	G3004	235
H3541	G2036	48
H3541	G2962	41
H3541	G2046	16
H3547	G2407	8
H3548	G2409	203
H3548	G2962	26
H3548	G3708	19
H3548	G1510	17
H3550	G2405	4
H3556	G3772	6
H3556	G0792	3
H3559	G2090	35
H3559	G2092	6
H3559	G2316	5
H3559	G2474	5
H3563	G4221	3
H3566	G0935	5
H3567	G0935	4
H3568	G0128	3
H3569	G0128	4
H3573	G5495	3
H3581	G2479	21
H3581	G1510	4
H3581	G2962	4
H3581	G3956	3
H3588	G1510	275
H3588	G2962	232
H3588	G2316	103
H3588	G3956	82
H3595	G4160	3
H3595	G2094	3
H3602	G4160	4
H3602	G2036	3
H3603	G5553	11
H3603	G5007	7
H3603	G0694	5
H3603	G4066	3
H3605	G3956	1166
H3605	G1510	110
H3605	G1093	100
H3605	G2474	96
H3606	G3956	11
H3606	G0935	8
H3606	G1093	6
H3606	G1504	3
H3608	G5438	3
H3611	G2965	5
H3611	G1411	3
H3612	G5207	12
H3612	G2036	3
H3615	G4931	41
H3615	G1096	9
H3615	G3973	8
H3615	G1510	6
H3617	G4930	4
H3618	G3565	11
H3618	G0079	3
H3627	G4632	57
H3627	G3956	19
H3627	G3624	10
H3627	G1510	10
H3629	G3510	9
H3629	G4014	5
H3635	G2675	3
H3637	G2250	3
H3639	G3681	3
H3644	G1510	10
H3644	G3664	8
H3644	G3956	5
H3644	G0935	4
H3651	G4160	62
H3651	G3004	53
H3651	G1510	26
H3651	G2036	23
H3653	G0939	3
H3658	G2788	6
H3658	G5456	3
H3658	G2962	3
H3665	G5013	7
H3665	G1788	5
H3665	G4383	3
H3667	G5477	37
H3667	G1093	7
H3667	G1510	3
H3667	G5207	3
H3669	G5478	26
H3669	G1093	4
H3669	G0191	3
H3669	G5411	3
H3671	G4420	27
H3671	G4419	5
H3671	G0680	3
H3671	G1520	3
H3678	G2362	31
H3678	G0935	8
H3678	G2474	6
H3678	G1138	5
H3680	G2572	26
H3680	G4016	9
H3680	G1510	4
H3680	G3956	4
H3684	G0878	8
H3684	G2588	6
H3684	G4750	3
H3689	G4014	5
H3701	G0694	67
H3701	G5553	23
H3701	G5552	14
H3701	G0040	12
H3702	G3624	3
H3707	G3949	8
H3707	G3152	3
H3708	G3709	5
H3709	G5495	35
H3709	G1520	13
H3709	G4228	8
H3709	G2962	6
H3713	G1538	4
H3713	G5552	3
H3715	G3023	4
H3722	G2409	11
H3722	G2962	9
H3722	G0266	6
H3722	G0863	5
H3724	G3083	4
H3727	G2435	5
H3727	G0939	3
H3730	G3087	3
H3742	G5502	27
H3742	G4420	5
H3742	G1510	4
H3742	G0939	3
H3754	G0290	23
H3754	G3956	4
H3754	G2590	3
H3754	G0288	3
H3759	G3049	4
H3766	G4098	4
H3766	G1119	3
H3767	G4228	3
H3772	G1303	22
H3772	G1842	20
H3772	G3956	14
H3772	G1242	11
H3775	G4263	4
H3778	G5466	12
H3778	G0897	3
H3778	G1510	3
H3778	G4172	3
H3782	G0770	7
H3782	G2962	4
H3782	G2250	3
H3782	G2872	3
H3784	G5333	4
H3789	G1125	55
H3789	G0975	21
H3789	G3056	10
H3789	G2474	8
H3801	G5509	10
H3801	G4164	3
H3801	G2409	3
H3802	G0142	3
H3802	G1005	3
H3802	G3577	3
H3802	G5606	3
H3805	G5470	3
H3805	G4769	3
H3808	G1510	194
H3808	G2962	166
H3808	G4160	106
H3808	G2036	63
H3809	G4352	7
H3809	G0228	3
H3810	G5207	6
H3812	G2036	4
H3812	G5088	4
H3812	G4815	3
H3812	G4478	3
H3816	G2992	7
H3816	G0758	3
H3816	G1484	3
H3820	G2588	133
H3820	G3956	15
H3820	G2962	12
H3820	G4160	10
H3824	G2588	54
H3824	G5590	10
H3824	G2962	8
H3824	G3956	6
H3828	G1510	3
H3828	G3030	3
H3830	G1742	3
H3833	G3023	5
H3836	G3022	9
H3836	G1510	4
H3837	G2036	8
H3837	G3384	3
H3841	G2474	3
H3841	G0935	3
H3841	G2408	3
H3844	G3956	5
H3844	G3624	3
H3847	G1746	24
H3847	G4749	4
H3863	G0599	3
H3867	G1155	3
H3871	G3035	6
H3871	G4109	6
H3876	G3091	13
H3877	G5207	4
H3878	G3017	25
H3878	G5207	9
H3878	G4826	4
H3881	G3019	97
H3881	G2409	20
H3881	G5207	11
H3881	G2962	7
H3885	G0835	13
H3885	G1234	5
H3885	G2647	4
H3885	G1111	3
H3895	G4600	3
H3898	G4170	27
H3898	G2474	12
H3898	G0935	7
H3898	G2962	6
H3899	G0740	55
H3899	G5315	10
H3899	G1510	8
H3899	G2068	7
H3905	G2346	5
H3915	G3571	59
H3915	G2250	7
H3915	G2962	7
H3915	G1096	5
H3920	G2638	9
H3920	G2983	6
H3920	G4815	6
H3920	G4172	5
H3923	G0935	3
H3923	G2289	3
H3924	G4160	3
H3925	G1321	8
H3925	G3129	4
H3929	G2984	4
H3932	G2606	4
H3936	G5207	3
H3940	G4442	3
H3940	G2985	3
H3947	G2983	377
H3947	G1135	25
H3947	G5495	14
H3947	G1093	11
H3950	G4816	11
H3956	G1100	19
H3956	G1510	6
H3956	G5561	3
H3956	G3956	3
H3957	G2409	3
H3957	G0897	3
H3957	G0991	3
H3966	G4183	17
H3966	G3173	12
H3966	G2962	12
H3966	G1510	10
H3967	G1250	37
H3967	G1812	32
H3967	G5207	27
H3967	G4001	27
H3971	G1510	3
H3972	G3762	7
H3976	G2218	5
H3978	G1033	4
H3978	G1035	3
H3984	G4632	4
H3985	G2309	4
H3985	G1994	3
H3988	G0683	8
H3988	G2316	4
H3988	G2962	4
H3988	G0593	3
H3996	G1529	4
H3999	G2627	8
H4013	G4172	7
H4013	G1510	3
H4026	G4444	16
H4026	G3618	3
H4031	G3098	3
H4043	G2375	4
H4043	G0785	3
H4046	G2992	4
H4046	G2962	3
H4046	G4127	3
H4046	G4431	3
H4054	G4172	24
H4054	G0873	24
H4054	G5140	4
H4057	G2048	88
H4057	G1093	5
H4057	G1510	4
H4057	G2474	4
H4058	G4114	4
H4058	G3354	3
H4058	G3358	3
H4060	G3358	14
H4060	G1520	3
H4060	G2945	3
H4069	G2064	3
H4069	G2962	3
H4069	G2992	3
H4080	G3099	19
H4080	G5207	4
H4082	G5561	11
H4082	G0935	5
H4082	G0932	5
H4082	G3956	5
H4100	G4160	51
H4100	G1510	40
H4100	G2036	34
H4100	G2962	26
H4116	G4692	12
H4116	G4160	3
H4124	G3725	6
H4124	G2410	6
H4124	G1093	5
H4124	G0935	5
H4134	G0080	3
H4135	G4059	9
H4135	G3956	4
H4135	G4561	4
H4138	G3962	3
H4138	G3968	3
H4146	G1093	3
H4147	G1199	3
H4148	G3809	9
H4150	G3142	61
H4150	G4633	10
H4150	G2962	10
H4150	G1859	10
H4159	G5059	7
H4159	G4592	5
H4161	G1841	3
H4162	G1080	5
H4171	G1510	3
H4186	G2733	9
H4186	G2515	3
H4186	G2962	3
H4187	G5207	4
H4191	G0599	199
H4191	G2289	50
H4191	G5053	32
H4191	G2288	24
H4194	G2288	25
H4194	G0599	13
H4194	G5054	7
H4194	G3173	3
H4196	G2379	114
H4196	G2962	22
H4196	G2945	14
H4196	G1510	10
H4210	G5568	6
H4210	G1138	3
H4210	G5056	3
H4217	G0395	23
H4217	G2246	10
H4219	G0693	11
H4219	G3956	3
H4229	G1813	6
H4249	G5207	6
H4256	G5505	10
H4256	G1243	6
H4256	G2183	6
H4261	G2364	3
H4264	G3925	57
H4264	G5001	8
H4264	G3956	6
H4264	G3319	4
H4276	G2255	3
H4279	G2962	6
H4279	G1510	3
H4283	G1096	10
H4284	G3053	5
H4284	G2962	3
H4284	G1261	3
H4289	G1538	4
H4294	G5443	78
H4294	G4464	9
H4294	G5207	6
H4294	G5495	5
H4296	G2825	7
H4306	G5205	9
H4306	G1093	3
H4306	G1325	3
H4306	G4160	3
H4310	G1510	35
H4310	G2036	22
H4310	G2962	10
H4310	G1325	9
H4317	G3413	5
H4318	G5207	6
H4318	G3624	3
H4321	G2036	6
H4324	G2364	5
H4325	G5204	132
H4325	G1510	22
H4325	G4095	21
H4325	G3956	10
H4327	G3664	10
H4327	G1085	6
H4327	G3956	3
H4334	G3956	3
H4347	G4127	7
H4347	G3173	4
H4347	G2474	3
H4347	G3960	3
H4349	G2092	5
H4350	G4160	4
H4350	G4769	3
H4350	G3624	3
H4353	G5207	6
H4353	G1218	3
H4353	G3128	3
H4371	G2962	3
H4372	G5191	4
H4376	G0591	10
H4376	G4097	7
H4376	G0694	4
H4376	G5207	3
H4390	G1705	18
H4390	G4130	15
H4390	G4137	14
H4390	G2962	9
H4392	G2378	12
H4392	G2368	12
H4392	G4134	3
H4393	G1093	3
H4394	G3037	3
H4397	G0032	55
H4397	G2962	15
H4397	G2036	7
H4397	G0649	6
H4399	G2041	41
H4399	G3956	13
H4399	G4160	11
H4399	G2962	10
H4405	G3056	8
H4405	G4487	6
H4405	G2980	4
H4410	G0932	4
H4417	G0251	4
H4417	G0217	3
H4421	G4171	65
H4421	G4170	10
H4421	G2992	7
H4421	G2474	7
H4422	G4982	13
H4422	G1295	11
H4422	G5590	5
H4422	G5207	4
H4427	G0936	90
H4427	G2094	30
H4427	G5207	28
H4427	G3686	14
H4428	G0935	604
H4428	G2036	96
H4428	G2474	77
H4428	G2448	54
H4430	G0935	50
H4430	G2036	5
H4430	G3956	4
H4430	G0611	4
H4436	G0938	9
H4436	G0935	5
H4437	G0932	10
H4437	G0935	4
H4438	G0932	15
H4438	G0935	7
H4438	G3956	4
H4441	G5207	6
H4444	G4549	4
H4444	G0284	4
H4455	G4661	3
H4456	G3797	3
H4467	G0932	26
H4467	G1093	7
H4467	G1325	5
H4467	G5495	5
H4478	G3131	3
H4480	G2962	34
H4480	G1510	33
H4480	G1093	28
H4480	G5207	28
H4481	G0935	7
H4481	G1510	5
H4481	G5087	4
H4481	G0932	4
H4487	G4690	3
H4490	G3310	4
H4495	G2036	4
H4501	G3087	13
H4501	G3088	8
H4503	G2378	67
H4503	G1435	15
H4503	G2962	14
H4503	G3956	10
H4514	G2374	3
H4519	G3128	34
H4519	G5207	16
H4519	G5443	8
H4519	G1218	5
H4522	G5411	5
H4539	G4160	3
H4541	G4160	4
H4541	G2316	3
H4542	G3993	3
H4543	G4172	3
H4546	G1102	3
H4546	G3598	3
H4557	G0706	45
H4557	G3965	8
H4557	G2474	6
H4557	G1096	5
H4578	G2836	7
H4581	G2479	4
H4592	G3641	16
H4592	G3398	12
H4592	G5204	4
H4592	G4183	3
H4601	G2364	4
H4601	G5088	3
H4603	G2962	6
H4605	G3956	10
H4605	G1093	7
H4605	G2962	5
H4605	G1510	5
H4608	G5404	3
H4609	G5603	14
H4609	G0898	6
H4609	G0304	5
H4609	G5404	4
H4611	G4190	3
H4611	G4160	3
H4616	G2962	12
H4616	G3956	11
H4616	G4160	10
H4616	G1093	7
H4631	G4693	10
H4631	G0068	3
H4639	G2041	30
H4639	G4160	9
H4639	G4161	8
H4639	G2962	7
H4641	G5207	3
H4643	G3956	3
H4643	G2474	3
H4648	G5207	4
H4656	G2748	3
H4658	G4431	4
H4672	G2147	117
H4672	G2962	12
H4672	G3956	8
H4672	G5485	7
H4682	G0106	19
H4682	G2068	6
H4682	G1637	4
H4686	G4042	5
H4687	G1785	29
H4687	G5442	11
H4687	G1781	11
H4687	G2962	9
H4692	G4172	5
H4692	G2419	3
H4709	G2962	3
H4713	G0125	195
H4713	G0124	46
H4713	G1093	30
H4713	G1510	20
H4720	G0040	14
H4720	G2962	4
H4720	G0037	3
H4720	G0165	3
H4723	G5281	3
H4725	G5117	103
H4725	G1510	16
H4725	G2962	11
H4725	G3686	10
H4726	G4077	5
H4731	G4464	6
H4733	G0873	3
H4735	G2934	21
H4735	G3956	4
H4735	G1510	4
H4735	G5224	3
H4736	G1510	3
H4744	G4413	4
H4744	G2822	4
H4744	G0040	4
H4751	G71642	5
H4751	G5590	4
H4751	G4089	3
H4758	G3706	12
H4758	G1491	8
H4758	G3799	7
H4758	G1510	6
H4763	G2776	3
H4772	G4228	3
H4775	G2962	4
H4775	G0868	3
H4782	G0518	3
H4782	G2373	3
H4782	G3956	3
H4782	G2453	3
H4784	G0544	3
H4784	G2962	3
H4791	G5311	6
H4791	G5310	5
H4791	G5308	4
H4791	G1093	3
H4801	G1093	3
H4805	G1510	7
H4807	G1080	5
H4812	G5207	3
H4813	G3137	4
H4818	G0716	17
H4818	G4442	3
H4820	G1388	6
H4820	G2962	4
H4820	G4160	3
H4829	G2934	3
H4829	G3542	3
H4830	G3542	3
H4847	G5207	18
H4847	G3017	4
H4847	G1218	4
H4853	G2962	6
H4853	G3956	4
H4853	G3056	4
H4853	G3004	3
H4872	G3475	318
H4872	G2036	47
H4872	G2983	17
H4872	G2980	15
H4886	G5548	15
H4886	G2474	6
H4886	G0037	5
H4886	G0935	5
H4888	G5545	3
H4899	G5547	6
H4899	G2962	6
H4904	G2845	10
H4904	G3956	3
H4904	G1510	3
H4908	G4633	40
H4908	G3956	6
H4908	G3142	4
H4908	G2962	4
H4910	G0757	8
H4910	G2961	3
H4910	G0758	3
H4910	G2962	3
H4911	G2036	3
H4912	G3850	5
H4912	G2036	4
H4912	G0353	3
H4912	G2474	3
H4916	G5495	3
H4918	G5207	6
H4920	G5207	4
H4929	G5438	6
H4931	G5438	15
H4931	G5442	7
H4931	G2183	5
H4931	G5207	4
H4932	G1208	6
H4932	G1362	3
H4940	G1218	109
H4940	G5443	24
H4940	G5207	17
H4940	G4772	14
H4941	G2917	44
H4941	G2920	41
H4941	G4160	24
H4941	G1345	16
H4948	G1520	10
H4948	G1510	4
H4948	G5470	3
H4959	G5584	5
H4960	G4160	4
H4960	G0935	4
H4960	G2167	4
H4960	G1403	3
H4962	G2641	3
H4970	G2316	3
H4975	G3751	10
H4979	G1390	3
H4983	G5207	5
H4993	G3161	3
H4994	G2962	23
H4994	G0191	14
H4994	G2036	12
H4994	G1510	9
H5000	G5611	3
H5002	G2962	132
H5002	G3004	43
H5002	G2316	10
H5002	G1510	7
H5003	G3431	4
H5003	G1135	3
H5003	G73302	3
H5006	G2962	3
H5012	G4395	45
H5012	G4396	3
H5012	G5571	3
H5012	G0444	3
H5019	G0935	6
H5019	G0897	5
H5020	G1504	3
H5027	G1914	6
H5027	G3708	5
H5027	G3956	4
H5027	G1510	4
H5028	G5207	6
H5028	G2474	5
H5030	G4396	85
H5030	G2962	11
H5030	G3004	10
H5030	G3956	9
H5035	G3631	4
H5036	G0878	4
H5037	G0518	3
H5037	G1135	3
H5038	G0169	6
H5038	G1510	4
H5038	G4983	4
H5039	G2474	3
H5039	G0877	3
H5045	G3558	14
H5045	G3047	13
H5045	G2048	5
H5045	G0935	5
H5046	G0518	72
H5046	G0312	62
H5046	G1510	11
H5046	G3962	5
H5048	G1727	7
H5048	G3788	6
H5048	G3956	5
H5048	G4172	3
H5051	G5338	6
H5057	G2474	8
H5057	G2233	4
H5057	G2316	3
H5060	G0680	29
H5060	G3956	7
H5060	G1510	5
H5060	G2073	3
H5061	G0860	19
H5061	G1510	6
H5061	G2409	4
H5061	G1192	3
H5062	G2962	7
H5062	G3960	7
H5062	G4417	6
H5062	G2474	4
H5066	G1448	21
H5066	G4317	18
H5066	G4334	10
H5066	G2036	5
H5070	G0002	4
H5070	G5207	4
H5071	G2962	4
H5071	G3646	3
H5079	G1510	8
H5079	G0167	4
H5080	G1856	6
H5080	G2962	3
H5081	G0758	3
H5087	G2172	6
H5087	G2962	3
H5088	G2171	6
H5088	G2962	5
H5088	G2172	3
H5090	G0071	6
H5090	G3880	3
H5103	G4215	3
H5103	G0935	3
H5104	G4215	23
H5104	G2166	8
H5104	G2962	4
H5104	G1093	4
H5116	G3542	3
H5117	G0373	10
H5117	G1510	5
H5117	G2962	5
H5117	G2664	4
H5121	G4471	5
H5126	G5207	9
H5126	G2424	4
H5127	G5343	29
H5127	G4383	7
H5127	G2474	5
H5127	G1377	4
H5128	G3586	3
H5128	G4531	3
H5130	G2962	10
H5135	G2545	3
H5135	G2575	3
H5137	G0129	3
H5141	G5552	4
H5145	G2171	6
H5145	G2250	3
H5146	G3575	18
H5146	G2316	3
H5148	G3594	3
H5152	G3493	5
H5157	G2816	6
H5157	G1093	4
H5157	G72610	4
H5157	G2474	3
H5158	G5327	12
H5158	G2748	7
H5158	G1510	6
H5158	G5207	4
H5159	G2817	37
H5159	G2819	21
H5159	G2962	8
H5159	G2474	6
H5162	G3870	21
H5162	G3340	5
H5162	G2962	4
H5162	G3956	4
H5175	G3789	13
H5177	G3476	6
H5178	G5470	26
H5178	G5475	10
H5178	G4604	6
H5178	G0897	4
H5184	G5207	4
H5186	G1614	18
H5186	G1578	16
H5186	G2827	7
H5186	G5495	6
H5193	G5452	10
H5193	G0290	3
H5200	G5207	3
H5203	G0683	3
H5207	G2962	20
H5207	G2175	5
H5207	G1510	3
H5207	G3744	3
H5210	G3535	10
H5216	G3088	15
H5216	G3956	5
H5216	G2962	3
H5221	G3960	109
H5221	G3956	13
H5221	G1510	12
H5221	G5180	9
H5234	G1921	12
H5236	G0245	5
H5236	G0241	4
H5236	G5207	4
H5237	G0245	15
H5237	G1510	6
H5251	G4592	4
H5254	G3985	5
H5258	G4689	3
H5262	G2378	21
H5262	G3631	3
H5262	G4689	3
H5262	G1510	3
H5265	G0522	65
H5265	G1808	26
H5265	G4198	3
H5265	G5207	3
H5271	G3503	8
H5275	G5266	7
H5275	G4228	3
H5281	G2036	4
H5283	G73358	3
H5288	G3808	37
H5288	G2036	11
H5288	G1510	9
H5288	G3813	5
H5291	G3933	5
H5291	G3816	4
H5291	G2877	4
H5291	G1135	3
H5307	G4098	73
H5307	G1968	14
H5307	G4383	13
H5307	G1093	13
H5315	G5590	176
H5315	G3956	22
H5315	G2962	19
H5315	G1510	17
H5321	G3508	23
H5321	G5207	5
H5321	G2194	3
H5321	G1520	3
H5324	G2476	8
H5324	G5495	3
H5324	G3956	3
H5324	G2186	3
H5327	G3164	3
H5329	G5056	3
H5331	G0622	3
H5337	G4506	20
H5337	G5495	19
H5337	G1807	14
H5337	G2962	10
H5341	G4172	3
H5347	G2338	5
H5347	G1323	3
H5352	G1510	5
H5352	G0121	3
H5352	G1093	3
H5355	G0121	8
H5355	G1342	3
H5358	G1556	5
H5358	G5590	3
H5360	G1557	8
H5362	G2944	3
H5369	G4549	3
H5371	G3004	3
H5375	G0142	52
H5375	G2983	51
H5375	G0353	23
H5375	G2962	13
H5377	G1478	3
H5381	G2638	7
H5381	G2147	3
H5381	G5495	3
H5387	G0758	26
H5387	G1510	6
H5387	G4864	5
H5387	G3956	5
H5391	G1143	5
H5391	G3789	4
H5397	G2962	3
H5401	G2705	7
H5401	G5368	6
H5404	G0105	9
H5409	G3196	3
H5410	G5147	9
H5411	G3956	3
H5414	G1325	446
H5414	G2962	52
H5414	G5495	41
H5414	G3860	38
H5415	G1325	3
H5416	G3481	16
H5416	G2036	6
H5416	G4396	5
H5417	G3482	7
H5418	G3814	3
H5422	G2507	4
H5422	G2379	4
H5422	G0896	4
H5422	G4383	3
H5423	G71281	3
H5424	G1192	3
H5437	G2944	15
H5437	G0654	10
H5437	G1994	9
H5437	G4022	6
H5439	G2945	76
H5439	G3956	14
H5439	G4083	13
H5439	G3624	10
H5456	G4352	4
H5457	G4352	3
H5462	G2808	7
H5462	G0608	5
H5462	G2409	5
H5462	G2250	4
H5467	G4670	12
H5467	G0935	5
H5467	G1116	4
H5483	G2462	36
H5483	G2992	4
H5483	G0716	4
H5483	G2281	3
H5488	G2281	7
H5488	G2063	5
H5493	G0868	27
H5493	G4014	18
H5493	G2962	13
H5493	G1578	11
H5496	G0538	3
H5503	G1713	4
H5503	G1710	4
H5511	G0935	8
H5511	G2730	4
H5512	G2048	3
H5514	G4614	19
H5518	G3956	4
H5518	G2907	3
H5521	G4633	10
H5521	G4634	4
H5523	G0435	3
H5532	G2036	3
H5542	G2316	5
H5545	G1510	10
H5545	G0863	8
H5545	G2962	3
H5553	G4073	11
H5553	G2962	3
H5560	G2378	20
H5560	G4585	6
H5560	G1637	5
H5560	G4160	3
H5564	G2007	12
H5564	G0002	3
H5564	G4741	3
H5572	G0942	4
H5576	G0935	5
H5579	G4419	3
H5585	G4073	3
H5592	G2563	3
H5594	G2875	5
H5595	G4369	3
H5601	G4552	6
H5608	G1334	11
H5608	G1122	11
H5608	G0705	5
H5608	G1834	4
H5612	G0975	29
H5612	G2474	15
H5612	G0935	11
H5612	G2448	7
H5619	G2962	3
H5631	G2135	9
H5631	G0935	6
H5633	G0246	5
H5633	G0758	4
H5641	G2928	8
H5641	G4383	4
H5641	G2962	4
H5641	G1510	3
H5643	G3956	3
H5645	G3509	5
H5645	G5204	3
H5647	G1398	33
H5647	G3000	20
H5647	G2038	13
H5647	G2316	11
H5648	G4160	6
H5648	G1096	3
H5650	G3816	84
H5650	G1401	59
H5650	G2962	25
H5650	G1510	20
H5651	G72476	3
H5654	G3624	9
H5654	G3956	6
H5654	G5207	5
H5654	G2167	4
H5656	G3142	13
H5656	G2041	12
H5656	G3009	8
H5656	G4633	7
H5662	G5207	5
H5663	G2962	4
H5665	G0935	4
H5665	G2545	4
H5665	G0165	4
H5668	G5590	3
H5668	G0622	3
H5674	G3928	37
H5674	G1224	31
H5674	G1330	26
H5674	G3956	18
H5675	G4215	4
H5676	G2446	18
H5676	G0395	5
H5676	G2281	4
H5676	G4198	3
H5677	G1443	3
H5677	G5601	3
H5678	G3709	4
H5680	G1445	8
H5680	G1401	3
H5682	G3735	3
H5688	G2218	3
H5689	G2007	3
H5695	G3448	4
H5695	G2316	3
H5697	G5327	3
H5699	G1016	3
H5699	G3624	3
H5700	G0935	4
H5700	G2474	3
H5703	G0165	5
H5703	G0622	3
H5704	G2250	59
H5704	G2962	43
H5704	G0165	36
H5704	G1510	31
H5705	G2250	3
H5707	G3144	16
H5707	G1510	4
H5707	G5571	4
H5712	G4864	39
H5712	G3956	11
H5712	G2474	10
H5712	G2962	7
H5713	G3142	3
H5715	G3142	10
H5715	G1097	3
H5716	G2889	3
H5718	G5207	6
H5720	G5207	3
H5731	G3857	3
H5732	G2540	4
H5739	G4168	6
H5739	G4166	3
H5744	G5601	7
H5747	G0935	6
H5747	G0932	3
H5749	G1263	7
H5749	G3004	3
H5750	G1510	33
H5750	G2980	15
H5750	G2962	15
H5750	G4369	13
H5766	G0094	6
H5766	G0093	6
H5766	G4160	4
H5766	G0599	3
H5767	G0094	3
H5768	G3516	3
H5769	G0165	83
H5769	G0166	31
H5769	G2316	13
H5769	G2962	13
H5771	G0266	29
H5771	G0093	17
H5771	G1510	7
H5771	G0458	6
H5774	G4072	6
H5775	G3956	7
H5775	G3772	7
H5775	G73943	5
H5775	G4071	5
H5782	G1825	18
H5782	G1453	4
H5782	G2962	3
H5785	G1192	21
H5785	G2409	9
H5785	G5191	6
H5785	G2618	4
H5787	G5185	7
H5787	G2316	3
H5795	G1520	21
H5795	G0266	5
H5795	G1510	4
H5795	G4263	4
H5797	G2479	5
H5797	G2962	5
H5797	G3956	3
H5798	G5207	3
H5800	G1459	39
H5800	G2641	12
H5800	G2962	9
H5800	G2316	8
H5801	G0058	4
H5803	G5207	3
H5804	G1048	4
H5813	G5207	7
H5816	G5207	6
H5818	G3604	7
H5818	G5207	3
H5820	G5207	3
H5826	G0997	8
H5826	G2474	4
H5826	G2729	3
H5830	G0450	3
H5830	G1122	3
H5833	G0996	7
H5835	G2435	4
H5838	G5207	18
H5838	G2448	6
H5838	G2409	3
H5838	G0367	3
H5840	G5207	4
H5850	G4735	11
H5854	G2255	3
H5857	G0435	5
H5857	G1510	3
H5857	G2281	3
H5859	G3508	3
H5861	G4071	4
H5867	G5207	6
H5869	G3788	145
H5869	G2962	51
H5869	G4190	33
H5869	G4160	22
H5872	G1510	4
H5881	G5207	4
H5883	G4077	4
H5891	G3099	3
H5892	G4172	288
H5892	G3956	28
H5892	G1510	26
H5892	G2730	19
H5907	G5207	3
H5915	G1135	4
H5918	G5207	5
H5921	G2962	179
H5921	G1093	156
H5921	G3956	128
H5921	G2474	109
H5923	G2218	8
H5923	G3962	5
H5923	G5606	3
H5927	G0305	202
H5927	G2962	24
H5927	G0399	20
H5927	G0321	19
H5929	G5444	3
H5930	G3646	63
H5930	G2378	25
H5930	G2962	23
H5930	G3956	11
H5939	G1831	3
H5941	G2242	12
H5941	G2409	3
H5941	G2036	3
H5944	G2036	3
H5945	G2962	5
H5945	G5310	4
H5945	G1102	3
H5956	G75092	3
H5957	G0165	4
H5963	G3924	3
H5971	G2992	428
H5971	G3956	81
H5971	G1484	45
H5971	G2474	44
H5973	G1510	41
H5973	G2962	36
H5973	G2474	33
H5973	G3962	28
H5975	G2476	143
H5975	G1510	11
H5975	G2962	10
H5975	G3936	10
H5977	G4714	4
H5978	G1510	4
H5978	G4160	3
H5982	G4769	31
H5982	G5140	4
H5982	G5552	4
H5982	G3319	4
H5983	G5207	34
H5983	G2419	5
H5983	G1510	3
H5983	G4198	3
H5988	G5207	4
H5989	G5207	8
H5992	G0284	10
H5992	G5207	3
H5996	G5207	4
H5998	G2246	3
H5999	G3449	11
H5999	G4192	7
H5999	G2246	4
H5999	G3956	3
H6002	G3099	3
H6010	G3924	4
H6010	G74704	4
H6010	G0252	3
H6010	G5327	3
H6013	G0901	4
H6017	G1116	6
H6018	G5207	3
H6019	G5207	6
H6025	G4718	7
H6030	G0611	113
H6030	G5274	24
H6030	G2962	9
H6030	G1873	8
H6031	G5013	12
H6031	G0189	3
H6031	G2559	3
H6032	G0611	6
H6032	G0935	3
H6034	G5207	4
H6035	G5011	4
H6040	G4432	5
H6040	G5014	3
H6041	G4434	8
H6041	G1510	3
H6051	G3507	28
H6051	G2250	7
H6051	G2572	3
H6051	G2474	3
H6061	G5207	4
H6064	G2210	3
H6068	G5207	3
H6069	G5207	3
H6071	G3631	3
H6083	G1093	20
H6083	G5522	11
H6083	G1510	4
H6083	G0565	3
H6084	G3962	4
H6086	G3586	69
H6086	G3956	12
H6086	G1510	8
H6086	G3037	7
H6098	G1012	27
H6098	G2962	5
H6098	G4245	3
H6098	G1699	3
H6099	G3173	6
H6099	G2478	5
H6099	G1484	3
H6100	G3924	3
H6106	G3747	31
H6106	G2250	8
H6106	G4561	5
H6106	G1510	3
H6113	G4912	4
H6113	G0740	3
H6113	G2992	3
H6124	G4164	3
H6135	G4723	6
H6137	G4651	4
H6140	G1294	3
H6147	G2262	3
H6153	G2073	47
H6153	G1096	6
H6153	G1510	6
H6153	G2378	5
H6154	G1192	3
H6158	G2876	6
H6160	G1424	6
H6160	G2446	5
H6160	G2410	4
H6160	G2048	3
H6166	G2730	3
H6172	G0808	20
H6172	G0152	6
H6172	G0601	4
H6172	G0602	3
H6174	G1131	8
H6177	G1510	4
H6186	G5207	5
H6186	G2409	4
H6186	G4171	3
H6187	G5092	5
H6187	G1510	4
H6187	G1323	4
H6187	G0040	3
H6189	G0564	8
H6189	G3162	3
H6190	G0203	5
H6203	G3577	4
H6203	G1510	4
H6203	G2190	3
H6206	G5399	3
H6210	G2825	3
H6212	G5528	5
H6212	G1008	3
H6213	G4160	857
H6213	G2962	84
H6213	G2474	43
H6213	G3956	43
H6214	G0080	4
H6215	G2269	35
H6215	G2036	7
H6215	G0080	4
H6215	G5207	3
H6218	G1182	6
H6222	G5207	3
H6223	G4145	6
H6224	G1182	8
H6224	G3376	4
H6227	G2586	4
H6231	G2616	3
H6235	G5552	15
H6235	G5505	8
H6235	G4083	7
H6235	G2094	5
H6237	G0586	3
H6238	G4148	3
H6239	G4149	6
H6240	G0080	27
H6240	G2094	22
H6240	G5065	14
H6240	G3376	13
H6241	G1182	19
H6241	G1520	6
H6241	G4585	4
H6241	G1637	3
H6242	G5207	22
H6242	G5505	21
H6242	G2094	17
H6242	G1510	15
H6249	G1734	6
H6252	G2730	3
H6256	G2540	81
H6256	G5610	13
H6256	G1096	12
H6256	G3956	8
H6258	G2962	26
H6258	G5207	11
H6258	G3004	11
H6258	G0191	10
H6260	G5207	9
H6271	G2289	3
H6274	G5207	4
H6279	G2172	3
H6279	G1873	3
H6285	G0395	14
H6285	G1005	7
H6285	G2281	7
H6285	G3047	3
H6286	G1392	5
H6288	G3956	3
H6290	G2048	4
H6293	G0528	4
H6293	G4876	4
H6293	G2409	3
H6295	G5207	3
H6297	G2966	3
H6297	G3498	3
H6299	G3084	9
H6301	G5207	4
H6301	G1059	4
H6305	G5207	4
H6307	G3318	6
H6307	G4947	4
H6307	G1135	3
H6310	G4750	72
H6310	G2962	28
H6310	G3956	13
H6310	G1510	9
H6311	G1520	7
H6311	G4083	7
H6311	G1510	4
H6311	G2036	4
H6319	G4172	3
H6327	G1289	15
H6327	G2474	3
H6327	G2992	3
H6327	G3735	3
H6343	G5401	12
H6343	G5156	3
H6343	G2962	3
H6355	G5207	9
H6363	G3956	5
H6363	G4416	3
H6370	G5207	3
H6370	G3624	3
H6372	G5207	7
H6380	G5207	4
H6381	G4160	4
H6381	G2962	3
H6381	G1510	3
H6381	G2992	3
H6396	G1802	3
H6399	G4352	3
H6412	G1510	3
H6413	G1510	3
H6418	G4066	3
H6419	G4336	18
H6419	G2962	6
H6419	G5117	5
H6419	G2172	4
H6430	G0246	93
H6430	G2474	8
H6430	G5495	6
H6430	G2036	6
H6435	G4160	6
H6435	G0599	5
H6435	G2962	4
H6435	G2036	4
H6437	G1914	16
H6437	G1994	15
H6437	G2048	4
H6437	G3624	4
H6438	G1137	6
H6438	G4439	3
H6439	G5323	4
H6440	G4383	214
H6440	G2962	160
H6440	G1093	57
H6440	G1510	55
H6442	G2082	10
H6442	G0833	3
H6446	G4164	3
H6453	G3957	11
H6453	G2962	5
H6453	G2380	5
H6453	G2250	3
H6458	G4109	3
H6459	G3956	4
H6459	G1504	3
H6459	G2316	3
H6466	G2038	4
H6467	G2041	4
H6471	G2962	6
H6471	G1510	4
H6471	G5140	4
H6471	G2540	3
H6476	G1093	3
H6482	G3468	3
H6485	G1980	35
H6485	G5443	13
H6485	G3956	12
H6485	G1411	12
H6486	G1984	3
H6491	G1272	3
H6491	G0455	3
H6491	G2962	3
H6496	G1985	3
H6499	G3448	52
H6499	G2962	7
H6499	G0266	5
H6499	G1520	4
H6509	G0837	5
H6509	G4129	4
H6509	G1093	3
H6510	G1151	5
H6510	G1016	4
H6510	G1491	3
H6522	G5478	8
H6523	G4604	5
H6529	G2590	31
H6529	G2836	6
H6529	G1093	6
H6529	G2068	3
H6531	G3449	3
H6532	G2665	8
H6532	G3142	3
H6536	G0169	6
H6539	G0935	7
H6539	G0932	3
H6540	G0935	3
H6541	G0169	6
H6541	G1510	3
H6547	G5328	87
H6547	G2036	18
H6547	G1510	8
H6547	G0125	8
H6549	G5328	5
H6551	G5207	5
H6555	G2962	5
H6556	G5117	3
H6557	G5329	6
H6560	G2250	4
H6561	G4014	3
H6565	G1242	6
H6566	G5495	8
H6566	G1614	3
H6566	G1911	3
H6566	G4420	3
H6571	G2460	13
H6571	G0716	6
H6571	G2462	3
H6571	G4183	3
H6578	G2166	4
H6581	G1192	7
H6581	G0860	3
H6583	G5207	6
H6584	G1562	12
H6586	G0114	6
H6586	G2250	3
H6586	G0764	3
H6588	G0458	7
H6588	G0763	5
H6588	G1510	3
H6588	G0266	3
H6591	G1213	3
H6601	G0538	4
H6601	G2036	4
H6601	G4105	3
H6605	G0455	34
H6605	G4750	4
H6605	G1093	4
H6605	G3089	3
H6607	G3142	24
H6607	G2374	21
H6607	G4633	8
H6607	G4439	8
H6622	G4793	6
H6629	G4263	62
H6629	G4168	11
H6629	G3956	8
H6629	G2934	7
H6635	G1411	49
H6635	G3841	45
H6635	G2962	28
H6635	G4519	23
H6643	G1093	3
H6649	G5207	3
H6659	G4524	13
H6659	G5207	12
H6659	G2409	7
H6662	G1342	41
H6662	G1510	7
H6662	G0765	4
H6662	G2962	4
H6663	G1342	10
H6663	G1344	6
H6663	G1510	5
H6664	G1342	11
H6664	G1343	11
H6664	G2962	4
H6664	G2218	3
H6666	G1343	40
H6666	G2962	7
H6666	G4160	7
H6666	G2917	5
H6667	G5207	3
H6667	G0897	3
H6672	G3314	6
H6673	G2347	5
H6677	G5137	12
H6679	G2340	4
H6680	G1781	114
H6680	G2962	40
H6680	G3475	36
H6680	G4929	18
H6684	G3522	6
H6684	G2250	4
H6685	G3521	7
H6686	G5207	5
H6696	G4172	3
H6696	G2474	3
H6696	G4540	3
H6697	G4073	9
H6697	G2316	7
H6697	G1510	3
H6701	G5207	7
H6711	G1070	4
H6717	G1401	3
H6718	G2339	4
H6720	G1979	4
H6721	G4605	5
H6726	G4622	25
H6726	G2364	8
H6726	G2419	5
H6726	G2240	5
H6731	G0438	3
H6738	G4639	6
H6743	G2137	8
H6743	G2962	3
H6743	G5495	3
H6743	G3598	3
H6755	G4352	3
H6757	G4639	3
H6757	G2288	3
H6763	G1208	4
H6763	G4125	3
H6765	G2364	5
H6770	G1372	3
H6772	G1373	4
H6779	G0393	5
H6779	G2962	3
H6790	G2048	3
H6793	G2375	3
H6817	G0994	10
H6817	G2896	5
H6817	G2962	3
H6817	G0310	3
H6818	G2906	5
H6822	G4649	7
H6822	G3708	3
H6823	G5553	10
H6823	G4023	4
H6823	G5470	3
H6828	G1005	41
H6828	G2281	5
H6828	G0395	5
H6828	G4172	4
H6833	G2198	7
H6833	G3732	4
H6833	G3956	3
H6860	G4442	3
H6862	G2190	7
H6862	G4728	6
H6862	G2346	6
H6862	G5227	5
H6865	G5184	9
H6865	G2962	3
H6869	G2347	14
H6869	G1510	3
H6869	G4982	3
H6872	G0694	3
H6879	G3015	4
H6879	G5510	3
H6883	G3014	11
H6883	G1510	8
H6884	G4448	3
H6887	G2346	3
H6895	G2672	4
H6900	G5028	3
H6903	G0935	3
H6908	G4863	28
H6908	G4867	11
H6908	G3956	9
H6908	G1523	5
H6912	G2290	39
H6912	G3962	7
H6912	G5028	6
H6912	G3498	5
H6913	G3962	5
H6913	G5028	5
H6913	G3419	4
H6913	G2474	4
H6914	G3418	4
H6914	G1939	3
H6915	G4352	4
H6915	G2955	3
H6918	G0040	24
H6918	G2474	15
H6918	G2316	10
H6918	G2962	6
H6921	G2281	11
H6921	G0395	9
H6921	G1005	3
H6922	G0040	4
H6924	G0395	16
H6924	G0746	6
H6924	G2281	3
H6924	G4172	3
H6925	G0935	6
H6934	G2424	3
H6939	G2748	5
H6942	G0037	58
H6942	G2962	8
H6942	G0048	7
H6942	G1510	7
H6944	G0040	140
H6944	G1510	28
H6944	G2962	20
H6944	G5207	11
H6947	G3928	3
H6948	G4204	3
H6950	G4863	4
H6950	G1138	3
H6951	G1577	23
H6951	G3956	15
H6951	G2962	8
H6951	G4864	4
H6955	G5207	11
H6955	G3017	3
H6956	G1218	5
H6956	G5207	3
H6957	G1680	6
H6963	G5456	144
H6963	G2962	22
H6963	G0191	11
H6963	G3173	10
H6965	G0450	175
H6965	G2476	32
H6965	G1453	12
H6965	G1817	10
H6966	G2476	4
H6966	G1504	4
H6966	G4352	3
H6967	G5311	7
H6967	G3319	3
H6967	G4769	3
H6967	G4083	3
H6969	G2354	4
H6975	G0173	7
H6982	G1385	3
H6989	G5207	3
H6996	G3398	19
H6996	G3501	9
H6996	G1510	9
H6996	G3173	3
H6999	G2379	16
H6999	G2370	10
H6999	G2962	9
H6999	G0399	8
H7004	G2368	27
H7014	G2535	5
H7014	G2036	3
H7015	G2355	9
H7023	G5109	18
H7023	G3624	5
H7023	G3614	3
H7027	G2797	7
H7036	G0819	7
H7043	G2672	10
H7043	G3962	5
H7043	G1510	3
H7045	G2671	3
H7061	G1405	3
H7064	G3555	5
H7065	G2206	9
H7068	G2205	5
H7069	G2932	21
H7069	G0444	3
H7070	G2563	8
H7070	G1510	5
H7070	G3087	5
H7070	G4083	4
H7073	G5207	5
H7073	G2232	3
H7086	G1435	10
H7093	G1096	11
H7093	G1510	4
H7093	G2540	3
H7093	G4930	3
H7097	G1093	7
H7097	G0206	6
H7097	G1096	5
H7097	G3925	4
H7098	G3313	4
H7105	G2326	7
H7105	G1510	3
H7105	G2915	3
H7107	G3710	6
H7107	G2962	4
H7107	G3947	4
H7110	G2372	3
H7114	G2325	8
H7114	G2326	3
H7121	G2564	153
H7121	G3686	43
H7121	G1941	22
H7121	G2962	18
H7122	G4876	3
H7125	G4877	19
H7125	G0935	4
H7125	G5207	4
H7125	G2474	3
H7126	G4317	46
H7126	G4374	36
H7126	G4334	17
H7126	G2962	15
H7130	G2992	11
H7130	G2836	10
H7130	G1093	10
H7130	G1510	7
H7133	G1435	29
H7133	G5207	11
H7133	G2962	6
H7133	G3956	3
H7136	G2316	3
H7138	G1448	8
H7138	G2250	6
H7138	G1510	4
H7138	G2962	4
H7139	G3587	3
H7141	G2879	9
H7141	G5207	5
H7147	G4198	3
H7151	G4172	10
H7153	G1510	7
H7153	G4172	3
H7157	G4172	11
H7157	G3962	4
H7157	G0435	3
H7158	G1121	8
H7161	G2768	15
H7161	G2379	4
H7161	G1510	3
H7162	G2768	5
H7167	G71281	11
H7167	G2440	5
H7167	G2962	3
H7167	G2776	3
H7175	G4769	12
H7175	G3313	5
H7175	G1520	4
H7175	G4633	4
H7181	G0191	6
H7181	G4337	3
H7185	G4645	3
H7185	G3962	3
H7186	G4642	7
H7186	G1510	4
H7193	G3013	3
H7194	G4962	8
H7194	G2007	3
H7195	G4886	3
H7197	G4863	3
H7198	G5115	18
H7198	G0956	3
H7200	G3708	407
H7200	G3788	35
H7200	G1510	25
H7200	G1166	22
H7203	G0991	3
H7205	G4502	22
H7205	G5207	17
H7205	G3925	3
H7205	G2446	3
H7206	G4502	8
H7211	G5207	4
H7217	G2776	3
H7218	G2776	86
H7218	G0758	36
H7218	G3735	13
H7218	G3965	13
H7223	G4413	35
H7223	G2250	6
H7223	G0746	6
H7223	G3376	5
H7225	G0536	5
H7225	G1510	4
H7227	G4183	86
H7227	G1484	13
H7227	G2992	10
H7227	G2250	10
H7230	G4128	28
H7230	G4183	12
H7230	G3956	6
H7230	G1510	4
H7233	G3461	6
H7235	G4129	43
H7235	G4183	22
H7235	G1096	6
H7235	G1093	5
H7243	G5067	18
H7243	G2250	4
H7247	G1093	3
H7253	G3313	3
H7257	G0373	3
H7259	G4479	12
H7262	G3056	4
H7262	G2036	3
H7262	G1478	3
H7262	G2962	3
H7264	G4579	3
H7267	G3709	3
H7270	G2685	3
H7270	G1510	3
H7270	G2684	3
H7271	G4228	3
H7272	G4228	53
H7272	G2962	5
H7272	G2036	4
H7272	G5495	4
H7275	G3036	4
H7275	G3037	3
H7275	G4864	3
H7287	G3449	4
H7291	G1377	29
H7291	G2614	12
H7291	G5207	5
H7291	G2638	5
H7307	G4151	77
H7307	G2962	18
H7307	G1510	13
H7307	G0417	8
H7311	G5312	17
H7311	G3956	6
H7311	G0851	6
H7311	G2962	5
H7323	G5143	17
H7323	G0935	4
H7323	G4370	3
H7326	G3993	3
H7327	G4503	4
H7327	G2036	3
H7328	G3466	3
H7337	G4115	3
H7339	G4116	9
H7339	G4172	3
H7339	G3956	3
H7341	G4083	23
H7341	G4114	5
H7341	G3372	4
H7341	G2255	4
H7346	G4497	14
H7346	G0935	4
H7346	G5207	3
H7346	G0936	3
H7350	G1510	6
H7350	G1093	4
H7350	G2962	3
H7350	G0444	3
H7354	G4478	14
H7354	G5207	5
H7354	G2384	3
H7355	G3627	5
H7355	G1653	3
H7356	G3388	3
H7356	G3628	3
H7358	G3388	6
H7358	G1272	3
H7358	G2836	3
H7364	G5204	10
H7364	G3068	9
H7364	G3538	7
H7364	G1510	7
H7378	G2919	9
H7378	G3164	5
H7378	G3058	3
H7378	G2962	3
H7379	G2920	12
H7381	G2962	18
H7381	G3744	13
H7381	G2175	8
H7387	G2756	8
H7390	G0527	4
H7392	G1910	7
H7392	G0307	4
H7392	G1913	4
H7392	G4198	4
H7393	G0716	25
H7393	G2462	9
H7393	G2460	8
H7393	G3956	4
H7399	G3956	3
H7402	G1713	6
H7414	G4471	6
H7416	G3956	3
H7429	G2662	3
H7430	G3956	5
H7430	G2062	4
H7431	G3956	5
H7433	G0305	3
H7442	G2165	8
H7451	G4190	58
H7451	G2556	45
H7451	G4160	39
H7451	G2962	27
H7453	G5384	7
H7453	G1538	6
H7453	G2962	5
H7453	G1510	5
H7455	G4189	3
H7455	G4190	3
H7456	G3983	3
H7458	G3042	28
H7458	G1093	6
H7458	G1096	5
H7458	G4931	3
H7462	G4166	23
H7462	G1006	11
H7462	G4263	10
H7462	G4165	9
H7467	G5207	3
H7469	G4151	6
H7474	G2570	4
H7484	G5207	4
H7488	G3586	4
H7489	G4190	9
H7489	G2559	5
H7489	G2554	4
H7489	G4160	4
H7493	G4579	3
H7494	G4578	4
H7495	G2390	17
H7495	G1994	3
H7497	G74704	3
H7503	G5495	4
H7503	G0447	3
H7509	G0758	3
H7521	G2106	4
H7521	G1209	4
H7521	G2962	3
H7521	G4327	3
H7522	G1184	9
H7522	G1510	4
H7523	G5407	11
H7523	G2289	3
H7523	G2288	3
H7523	G0873	3
H7526	G0935	4
H7531	G0833	3
H7535	G3956	5
H7535	G2962	5
H7535	G1510	3
H7535	G1093	3
H7549	G4733	6
H7561	G0765	3
H7561	G0091	3
H7563	G0765	35
H7563	G1342	8
H7563	G3598	7
H7563	G0459	7
H7568	G1350	4
H7579	G5204	3
H7585	G0086	20
H7586	G4549	96
H7586	G2036	36
H7586	G5207	19
H7586	G3624	8
H7592	G2065	20
H7592	G1905	19
H7592	G0154	18
H7592	G0935	7
H7596	G1510	3
H7604	G2641	20
H7604	G5275	8
H7604	G1093	5
H7604	G1510	4
H7605	G2641	4
H7605	G2645	3
H7606	G2645	3
H7607	G3609	3
H7611	G2645	7
H7611	G3956	3
H7611	G3004	3
H7614	G5207	4
H7614	G0938	4
H7614	G1713	3
H7617	G0162	6
H7617	G0163	4
H7617	G1093	4
H7617	G1994	3
H7620	G1859	3
H7620	G2962	3
H7621	G3727	5
H7621	G2962	3
H7622	G2962	3
H7622	G0161	3
H7624	G0134	3
H7626	G5443	35
H7626	G2474	13
H7626	G3956	10
H7626	G4464	6
H7628	G0161	17
H7633	G0161	4
H7637	G1442	34
H7637	G2250	19
H7637	G3376	8
H7637	G2094	5
H7646	G1705	11
H7646	G3956	3
H7646	G5526	3
H7650	G3660	41
H7650	G3726	13
H7650	G3962	13
H7650	G2962	9
H7651	G2250	48
H7651	G2094	27
H7651	G2962	10
H7651	G5207	10
H7652	G5207	3
H7657	G4134	10
H7657	G2094	9
H7657	G0435	4
H7657	G5207	4
H7665	G4937	31
H7665	G2962	4
H7665	G2250	3
H7665	G0125	3
H7666	G1033	6
H7667	G4938	6
H7673	G2664	7
H7673	G2647	3
H7676	G4521	35
H7676	G2250	8
H7676	G3956	4
H7676	G1442	3
H7677	G0372	4
H7677	G4521	3
H7684	G2962	3
H7699	G3149	9
H7701	G5004	3
H7703	G5003	8
H7703	G4160	3
H7704	G0068	65
H7704	G1510	10
H7704	G1093	8
H7704	G3956	5
H7706	G3841	9
H7706	G2962	6
H7706	G2316	4
H7706	G2425	3
H7707	G5207	5
H7716	G4263	16
H7716	G3688	3
H7718	G3037	4
H7723	G3152	8
H7723	G5571	4
H7723	G2962	4
H7723	G2756	3
H7725	G1994	130
H7725	G0654	84
H7725	G2962	38
H7725	G0390	28
H7732	G5207	4
H7747	G3004	3
H7752	G4651	4
H7760	G5087	82
H7760	G2007	22
H7760	G4160	16
H7760	G2962	15
H7761	G5087	5
H7761	G1106	3
H7768	G2896	3
H7776	G0258	3
H7778	G5207	5
H7778	G4439	4
H7778	G0103	3
H7782	G4536	16
H7782	G4537	5
H7782	G3956	3
H7794	G3448	14
H7794	G1016	6
H7794	G5022	4
H7794	G1510	4
H7799	G2918	7
H7800	G4172	6
H7810	G1435	11
H7812	G4352	42
H7812	G1093	10
H7812	G2962	10
H7812	G2316	9
H7814	G1096	3
H7814	G1071	3
H7817	G5013	4
H7819	G4969	29
H7819	G2380	9
H7819	G2962	5
H7819	G3646	3
H7822	G1668	3
H7832	G3815	3
H7832	G2606	3
H7834	G3509	3
H7843	G1311	10
H7843	G2962	7
H7843	G2704	5
H7843	G1093	5
H7845	G2288	3
H7848	G3586	4
H7848	G5553	4
H7854	G1228	8
H7854	G2962	5
H7860	G2923	4
H7860	G1122	3
H7872	G0086	3
H7887	G2962	3
H7888	G5207	3
H7891	G0103	17
H7891	G2962	5
H7891	G1250	4
H7891	G2419	3
H7892	G5603	22
H7892	G2962	4
H7892	G5207	3
H7892	G3956	3
H7895	G0305	3
H7896	G3788	3
H7896	G1911	3
H7896	G5087	3
H7901	G2837	74
H7901	G2518	10
H7901	G1510	8
H7901	G3962	5
H7902	G4690	5
H7911	G1950	24
H7911	G2962	6
H7911	G2641	3
H7912	G2147	3
H7916	G3411	5
H7919	G4920	9
H7925	G3719	26
H7925	G0450	5
H7926	G5606	3
H7927	G4966	15
H7927	G5207	3
H7927	G0435	3
H7931	G2730	9
H7931	G2681	9
H7931	G3686	5
H7931	G0373	5
H7935	G5207	4
H7936	G3409	5
H7937	G3184	4
H7939	G3408	5
H7941	G3631	4
H7941	G4095	3
H7950	G5510	6
H7965	G1515	54
H7965	G2036	9
H7965	G2962	7
H7965	G1510	6
H7967	G5207	11
H7969	G5140	90
H7969	G5145	25
H7969	G2094	17
H7969	G1510	9
H7970	G2094	12
H7970	G5505	11
H7970	G1520	11
H7970	G5207	9
H7971	G0649	190
H7971	G1821	71
H7971	G1614	18
H7971	G2962	18
H7972	G0935	3
H7974	G2536	3
H7979	G5132	15
H7985	G1849	4
H7992	G5154	32
H7992	G2250	14
H7992	G5067	6
H7992	G3376	4
H7993	G4496	15
H7993	G0641	5
H7993	G1977	4
H7993	G2962	3
H7998	G4661	11
H7998	G3956	4
H7998	G1510	3
H7998	G4160	3
H7999	G0661	7
H7999	G0591	7
H7999	G0467	6
H7999	G2316	6
H8002	G2378	19
H8002	G4992	17
H8002	G2962	8
H8002	G1510	3
H8003	G2588	3
H8003	G4134	3
H8010	G0935	25
H8010	G5207	17
H8010	G2962	9
H8010	G2036	7
H8017	G4826	3
H8025	G4501	9
H8025	G5495	3
H8032	G5154	6
H8032	G2250	5
H8032	G1510	3
H8033	G1510	30
H8033	G2962	30
H8033	G2316	21
H8033	G0599	17
H8034	G3686	219
H8034	G2962	31
H8034	G2250	17
H8034	G1510	16
H8035	G4590	9
H8035	G5207	3
H8040	G0710	18
H8040	G2176	7
H8041	G0710	3
H8045	G1842	12
H8045	G0622	6
H8045	G2962	6
H8045	G1808	5
H8047	G0854	3
H8047	G3956	3
H8048	G5207	3
H8050	G4545	47
H8050	G2036	28
H8050	G2983	5
H8050	G2962	4
H8052	G0189	3
H8052	G1093	3
H8052	G0191	3
H8056	G2165	33
H8056	G5463	8
H8056	G2588	6
H8056	G3956	4
H8057	G2167	21
H8057	G2165	5
H8057	G3173	3
H8060	G5207	3
H8064	G3772	97
H8064	G1093	14
H8064	G2962	8
H8064	G2316	6
H8065	G3772	5
H8066	G2250	10
H8066	G3590	7
H8071	G2440	5
H8074	G0853	6
H8074	G2049	4
H8074	G1093	3
H8074	G4160	3
H8077	G2048	7
H8077	G0854	6
H8077	G2049	5
H8077	G1093	3
H8081	G1637	49
H8081	G2378	15
H8081	G1520	7
H8081	G1510	6
H8083	G5207	15
H8083	G2094	9
H8083	G2364	6
H8083	G5505	6
H8084	G2094	6
H8085	G0191	316
H8085	G1522	62
H8085	G5456	44
H8085	G2962	42
H8095	G4826	15
H8095	G5207	8
H8096	G5207	12
H8096	G4584	10
H8098	G5207	10
H8099	G4826	3
H8104	G5442	106
H8104	G4337	15
H8104	G4160	15
H8104	G3956	12
H8111	G4540	36
H8111	G2094	6
H8111	G0935	4
H8111	G2474	3
H8121	G2246	43
H8121	G3956	4
H8121	G1510	3
H8123	G4546	9
H8123	G1135	3
H8123	G2036	3
H8127	G3599	14
H8130	G3404	33
H8130	G2190	4
H8130	G2962	4
H8130	G3624	3
H8140	G2094	3
H8141	G2094	232
H8141	G1763	41
H8141	G5207	28
H8141	G1510	28
H8142	G5258	5
H8144	G2847	8
H8144	G1040	4
H8144	G4160	3
H8145	G1208	44
H8145	G2250	7
H8145	G5154	7
H8145	G3376	6
H8147	G0080	26
H8147	G5207	23
H8147	G0297	21
H8147	G2094	19
H8163	G1520	28
H8163	G0266	5
H8165	G3735	6
H8165	G2048	3
H8179	G4439	85
H8179	G4172	19
H8179	G2962	12
H8179	G2419	9
H8181	G2359	3
H8184	G2915	8
H8193	G5491	35
H8193	G1510	5
H8193	G1520	5
H8193	G4215	4
H8198	G3814	13
H8198	G1399	4
H8199	G2919	37
H8199	G2923	11
H8199	G2094	6
H8199	G2962	5
H8201	G2917	3
H8201	G1557	3
H8203	G5207	7
H8210	G1632	24
H8210	G1093	5
H8210	G0129	4
H8210	G0939	4
H8213	G5013	9
H8213	G0444	3
H8219	G4128	3
H8227	G5207	3
H8227	G0975	3
H8242	G4526	10
H8242	G4024	4
H8245	G0069	3
H8248	G4222	23
H8251	G0946	4
H8252	G2270	5
H8252	G1093	3
H8252	G0373	3
H8254	G2476	7
H8255	G4585	12
H8255	G1323	11
H8255	G4134	11
H8255	G1510	8
H8259	G3708	3
H8262	G0948	3
H8263	G0946	4
H8263	G1510	3
H8267	G5571	13
H8267	G0094	8
H8267	G4151	4
H8267	G3144	4
H8269	G0758	60
H8269	G0935	18
H8269	G71534	17
H8269	G5506	11
H8283	G4564	10
H8283	G0011	4
H8283	G5088	3
H8297	G1135	3
H8304	G5207	5
H8313	G4442	23
H8313	G2618	20
H8313	G1714	8
H8313	G2545	5
H8318	G3956	4
H8318	G1093	3
H8328	G4491	14
H8334	G3008	19
H8334	G2962	5
H8334	G2316	4
H8334	G0935	4
H8336	G1040	9
H8337	G1812	29
H8337	G2250	15
H8337	G2094	13
H8337	G5505	8
H8342	G2167	3
H8345	G1623	11
H8345	G2250	4
H8346	G5207	4
H8346	G2094	3
H8346	G5145	3
H8346	G5505	3
H8348	G5207	3
H8352	G4589	3
H8354	G4095	54
H8354	G5204	13
H8354	G5315	10
H8354	G3631	8
H8359	G1193	3
H8366	G5109	3
H8370	G0935	3
H8378	G1939	4
H8382	G1510	3
H8384	G4808	9
H8388	G1330	3
H8389	G1491	3
H8392	G2787	13
H8393	G1081	5
H8394	G4907	5
H8394	G5428	5
H8394	G0435	4
H8398	G1093	3
H8401	G0892	10
H8403	G3667	3
H8407	G0935	6
H8414	G1510	4
H8414	G3762	4
H8415	G0012	4
H8416	G1093	4
H8416	G0133	3
H8426	G0133	5
H8426	G2962	3
H8432	G3319	76
H8432	G2474	19
H8432	G1510	12
H8432	G2962	12
H8433	G1650	7
H8435	G1078	19
H8435	G4772	3
H8438	G1040	5
H8438	G4209	4
H8438	G4663	3
H8441	G0946	20
H8441	G4160	10
H8441	G0458	9
H8441	G1510	6
H8444	G2281	5
H8444	G1327	3
H8446	G1093	4
H8449	G3502	4
H8449	G5167	3
H8451	G3551	57
H8451	G2962	8
H8451	G3475	7
H8451	G1785	5
H8453	G3941	6
H8457	G4202	8
H8462	G0746	6
H8467	G3956	3
H8476	G5191	3
H8476	G2007	3
H8478	G5207	44
H8478	G1510	15
H8478	G2246	15
H8478	G0936	14
H8480	G5207	3
H8484	G3319	4
H8486	G3047	5
H8486	G3558	3
H8487	G2232	3
H8489	G3004	3
H8492	G3631	7
H8492	G4621	5
H8504	G5191	5
H8504	G5192	4
H8504	G2847	3
H8504	G1040	3
H8505	G2720	3
H8505	G3598	3
H8518	G2910	8
H8518	G3586	3
H8519	G1112	4
H8543	G5154	5
H8543	G2250	4
H8543	G1510	3
H8548	G3956	19
H8548	G2378	11
H8548	G2250	6
H8549	G0299	23
H8549	G1510	6
H8549	G2962	3
H8549	G4160	3
H8552	G1587	5
H8552	G3956	4
H8552	G5056	3
H8559	G2283	3
H8559	G0079	3
H8561	G5404	10
H8571	G0206	3
H8573	G2962	11
H8574	G2823	3
H8577	G1404	4
H8581	G0948	5
H8582	G4105	9
H8585	G1102	3
H8597	G1391	6
H8602	G4098	3
H8605	G4335	12
H8605	G2962	4
H8605	G1162	3
H8605	G5117	3
H8610	G4815	10
H8610	G1949	4
H8610	G3956	3
H8615	G1680	7
H8628	G4537	20
H8628	G4536	3
H8641	G2962	10
H8641	G3956	7
H8641	G0536	7
H8641	G2409	5
H8643	G4536	3
H8643	G4537	3
H8643	G2906	3
H8643	G5456	3
H8646	G2291	3
H8656	G2094	3
H8659	G4143	3
H8668	G2962	4
H8671	G2094	3
H8671	G1766	3
H8672	G2094	6
H8672	G0599	4
H8672	G3376	3
H8672	G5443	3
H8673	G5207	5
