# CANDIDATE Hebrew Strong's pairs from Metzudat Zion (Altschuler, 18th c.; Hebrew text Public Domain, via Sefaria):
# a verse word and the Hebrew word Metzudat Zion explains it with. Derived data CC0. `count` = number of
# comments giving the pair. See shoresh/macula/build_metzudat_zion.py.
strong_a	strong_b	count
H7307	H7522	15
H5162	H6320	12
H0657	H7098	10
H1420	H7227	9
H2146	H6485	9
H4070	H5116	9
H4185	H5627	9
H3027	H4725	8
H4070	H4999	8
H2904	H7673	7
H4070	H4583	7
H0376	H1397	6
H0963	H5006	6
H2428	H3581	6
H2656	H7522	6
H4327	H8565	6
H4599	H4726	6
H5410	H7635	6
H5947	H8057	6
H6723	H8077	6
H0232	H2290	5
H0423	H7621	5
H2427	H2479	5
H2904	H6565	5
H3631	H5595	5
H4998	H5000	5
H6341	H7568	5
H0571	H6388	4
H0857	H2969	4
H0963	H7036	4
H1305	H3198	4
H1942	H7670	4
H2020	H4422	4
H2296	H6455	4
H2642	H5737	4
H3196	H7941	4
H3489	H4548	4
H3627	H5402	4
H3631	H8045	4
H3666	H6031	4
H4315	H7225	4
H4397	H7964	4
H7179	H8401	4
H7611	H8300	4
H8047	H8541	4
H8074	H8541	4
H0014	H7522	3
H0202	H3581	3
H0217	H7957	3
H0724	H7499	3
H0738	H3715	3
H0914	H6575	3
H0953	H7845	3
H1246	H6293	3
H1295	H4725	3
H1823	H8403	3
H1897	H1998	3
H1979	H7751	3
H2010	H7725	3
H2020	H6413	3
H2154	H4284	3
H2161	H4284	3
H2303	H8150	3
H2336	H4327	3
H2347	H2551	3
H2348	H8239	3
H2427	H5375	3
H2543	H6501	3
H2554	H5627	3
H2642	H6485	3
H2731	H7264	3
H2820	H4513	3
H3027	H3581	3
H3196	H8492	3
H3671	H7098	3
H4422	H8059	3
H4475	H7161	3
H4475	H7287	3
H4570	H7635	3
H4870	H7960	3
H4932	H8144	3
H4998	H5532	3
H5066	H7132	3
H5331	H5769	3
H5360	H7068	3
H5627	H6437	3
H5937	H8057	3
H6313	H7510	3
H6413	H7611	3
H6427	H7461	3
H6723	H8078	3
H6818	H7768	3
H6899	H6951	3
H6937	H7839	3
H7663	H8615	3
H0178	H0605	2
H0376	H1121	2
H0398	H8316	2
H0572	H3599	2
H0605	H4341	2
H0660	H4327	2
H0680	H6575	2
H0712	H0727	2
H0717	H5050	2
H0779	H7045	2
H0953	H7745	2
H0955	H2659	2
H1200	H3341	2
H1246	H2470	2
H1278	H2342	2
H1323	H6180	2
H1366	H2372	2
H1366	H4231	2
H1479	H6106	2
H1530	H4599	2
H1530	H8510	2
H1669	H6093	2
H1690	H8383	2
H1767	H4672	2
H1767	H5606	2
H1869	H6807	2
H1898	H5627	2
H1998	H7588	2
H1999	H7161	2
H2020	H6403	2
H2091	H3800	2
H2154	H4639	2
H2181	H5627	2
H2256	H4231	2
H2256	H5688	2
H2282	H7133	2
H2346	H7791	2
H2398	H2642	2
H2442	H8615	2
H2459	H4315	2
H2532	H6643	2
H2594	H8467	2
H2654	H7522	2
H2738	H4327	2
H2904	H6544	2
H2974	H7522	2
H3384	H4451	2
H3407	H8242	2
H3504	H4195	2
H3524	H7235	2
H3561	H4327	2
H3564	H4715	2
H3628	H6113	2
H3852	H7957	2
H4013	H4692	2
H4148	H8433	2
H4315	H7218	2
H4327	H6620	2
H4421	H7128	2
H4475	H5258	2
H4491	H4941	2
H4571	H8059	2
H4639	H7553	2
H4683	H4808	2
H4725	H8398	2
H4791	H8064	2
H4885	H8057	2
H4997	H5035	2
H5057	H6496	2
H5141	H5716	2
H5271	H5959	2
H5381	H7138	2
H5413	H8497	2
H5414	H5518	2
H5462	H5518	2
H5892	H6180	2
H5953	H7814	2
H5965	H8057	2
H5970	H8057	2
H6030	H8666	2
H6213	H6899	2
H6362	H6609	2
H6412	H7611	2
H6485	H6680	2
H6575	H7311	2
H6575	H8641	2
H6685	H8589	2
H7049	H7995	2
H7264	H7461	2
H7499	H8585	2
H7626	H8275	2
H7737	H8126	2
H7752	H8275	2
H7862	H8670	2
H8077	H8414	2
H8144	H8438	2
H0018	H0214	1
H0018	H0723	1
H0047	H0930	1
H0047	H3581	1
H0096	H4599	1
H0101	H4219	1
H0107	H4039	1
H0107	H5612	1
H0145	H4403	1
H0145	H4581	1
H0155	H1420	1
H0185	H7522	1
H0202	H1143	1
H0212	H1536	1
H0213	H1766	1
H0214	H5459	1
H0219	H3313	1
H0219	H5105	1
H0219	H8417	1
H0226	H4159	1
H0226	H6623	1
H0232	H4206	1
H0249	H0363	1
H0258	H2297	1
H0339	H3730	1
H0342	H8135	1
H0353	H3581	1
H0367	H2119	1
H0367	H2844	1
H0376	H5766	1
H0376	H8441	1
H0396	H0737	1
H0398	H3978	1
H0421	H7015	1
H0422	H7621	1
H0505	H4510	1
H0559	H1420	1
H0571	H3330	1
H0571	H7189	1
H0579	H1245	1
H0585	H0602	1
H0585	H5008	1
H0590	H5600	1
H0591	H5600	1
H0603	H6818	1
H0622	H3629	1
H0622	H3631	1
H0639	H1121	1
H0639	H3615	1
H0639	H5768	1
H0639	H5937	1
H0642	H2290	1
H0646	H4403	1
H0656	H3631	1
H0657	H3631	1
H0693	H5380	1
H0717	H1966	1
H0717	H2096	1
H0717	H3313	1
H0717	H3368	1
H0717	H5094	1
H0749	H6045	1
H0759	H4720	1
H0776	H7718	1
H0785	H5375	1
H0814	H8670	1
H0817	H7133	1
H0862	H5982	1
H0872	H2986	1
H0872	H4393	1
H0890	H1745	1
H0919	H4725	1
H0937	H0963	1
H0939	H0959	1
H0953	H6354	1
H0955	H3637	1
H0963	H1860	1
H0963	H2490	1
H0963	H2778	1
H0963	H7043	1
H0969	H4026	1
H0986	H8172	1
H1004	H4725	1
H1061	H7757	1
H1086	H7539	1
H1094	H6211	1
H1116	H1365	1
H1121	H1995	1
H1197	H3687	1
H1200	H6919	1
H1205	H2152	1
H1205	H2731	1
H1207	H2916	1
H1214	H1469	1
H1215	H2532	1
H1220	H4013	1
H1223	H3956	1
H1233	H4651	1
H1246	H7596	1
H1249	H1305	1
H1265	H4327	1
H1270	H3851	1
H1281	H6045	1
H1288	H3956	1
H1305	H2134	1
H1305	H3559	1
H1305	H5355	1
H1319	H2045	1
H1323	H6529	1
H1326	H8078	1
H1346	H1347	1
H1346	H7295	1
H1346	H7830	1
H1347	H4474	1
H1354	H7849	1
H1356	H6045	1
H1365	H4791	1
H1365	H8192	1
H1416	H4264	1
H1416	H4768	1
H1420	H3547	1
H1420	H4886	1
H1420	H7235	1
H1421	H2778	1
H1430	H3746	1
H1438	H3772	1
H1455	H7499	1
H1471	H4725	1
H1481	H4070	1
H1481	H4808	1
H1486	H2522	1
H1492	H6785	1
H1513	H2642	1
H1513	H7528	1
H1513	H7531	1
H1513	H7565	1
H1518	H4881	1
H1523	H8057	1
H1524	H8057	1
H1525	H5612	1
H1543	H4599	1
H1546	H6168	1
H1593	H4725	1
H1605	H6818	1
H1660	H3627	1
H1670	H5701	1
H1670	H6093	1
H1671	H4646	1
H1671	H5301	1
H1671	H6351	1
H1681	H3937	1
H1697	H4639	1
H1698	H4046	1
H1742	H4341	1
H1745	H6793	1
H1747	H8615	1
H1766	H3905	1
H1766	H3906	1
H1766	H5065	1
H1767	H1952	1
H1768	H7944	1
H1779	H4941	1
H1800	H2363	1
H1801	H7092	1
H1819	H4284	1
H1819	H8431	1
H1823	H2734	1
H1823	H6754	1
H1824	H4242	1
H1826	H4976	1
H1844	H7307	1
H1864	H5045	1
H1865	H2670	1
H1897	H4284	1
H1933	H1961	1
H1952	H1995	1
H1959	H1999	1
H1984	H5531	1
H1995	H6623	1
H1999	H4503	1
H2010	H5800	1
H2020	H4655	1
H2020	H6412	1
H2091	H5458	1
H2091	H6337	1
H2106	H6438	1
H2113	H7578	1
H2135	H4838	1
H2152	H7461	1
H2184	H5003	1
H2209	H3465	1
H2209	H3624	1
H2220	H3581	1
H2230	H4325	1
H2244	H5643	1
H2256	H3499	1
H2256	H4341	1
H2256	H6957	1
H2280	H4475	1
H2284	H4327	1
H2290	H6614	1
H2312	H4327	1
H2339	H6616	1
H2368	H6699	1
H2416	H3581	1
H2416	H7499	1
H2474	H8260	1
H2479	H7461	1
H2479	H7578	1
H2498	H8545	1
H2502	H8059	1
H2504	H4975	1
H2509	H2519	1
H2541	H6216	1
H2543	H5895	1
H2555	H4284	1
H2625	H4327	1
H2642	H7921	1
H2645	H6826	1
H2731	H6427	1
H2731	H7461	1
H2731	H7493	1
H2731	H7561	1
H2742	H4327	1
H2781	H7036	1
H2784	H7196	1
H2790	H4284	1
H2808	H4284	1
H2872	H3326	1
H2902	H8610	1
H2904	H3722	1
H2904	H5584	1
H2904	H7674	1
H2907	H4803	1
H2907	H4838	1
H2924	H7673	1
H3051	H8565	1
H3196	H4469	1
H3196	H7937	1
H3215	H5092	1
H3238	H7161	1
H3238	H8639	1
H3247	H8357	1
H3250	H4185	1
H3323	H6588	1
H3335	H6697	1
H3353	H6341	1
H3363	H5627	1
H3368	H8666	1
H3381	H4475	1
H3384	H7995	1
H3515	H7235	1
H3523	H8638	1
H3554	H8316	1
H3556	H7837	1
H3591	H4327	1
H3627	H3709	1
H3627	H3976	1
H3627	H4212	1
H3627	H7161	1
H3627	H8638	1
H3629	H5486	1
H3631	H5486	1
H3631	H8552	1
H3653	H5483	1
H3666	H6039	1
H3681	H3711	1
H3715	H7826	1
H3754	H6508	1
H3772	H7112	1
H3783	H3832	1
H3783	H6328	1
H3803	H5437	1
H3813	H5848	1
H3828	H4327	1
H3851	H3956	1
H3852	H3857	1
H3857	H8316	1
H3871	H7824	1
H3882	H5175	1
H3908	H6963	1
H3914	H6244	1
H3939	H4327	1
H3950	H3956	1
H3956	H4131	1
H3956	H5381	1
H3956	H6244	1
H3956	H6654	1
H3956	H8074	1
H3967	H3968	1
H3993	H6119	1
H4026	H4679	1
H4026	H6877	1
H4041	H4284	1
H4043	H4268	1
H4043	H6045	1
H4046	H4347	1
H4048	H6395	1
H4048	H6899	1
H4049	H6395	1
H4057	H4541	1
H4057	H4725	1
H4066	H4808	1
H4070	H7077	1
H4093	H4284	1
H4096	H4703	1
H4103	H7670	1
H4117	H4976	1
H4157	H6869	1
H4159	H5251	1
H4161	H4725	1
H4168	H7033	1
H4177	H8593	1
H4196	H4676	1
H4204	H4347	1
H4209	H4284	1
H4231	H5131	1
H4231	H6418	1
H4277	H5518	1
H4284	H5588	1
H4284	H6245	1
H4284	H6246	1
H4293	H4725	1
H4294	H4937	1
H4327	H5427	1
H4327	H5461	1
H4327	H5466	1
H4327	H5488	1
H4327	H5518	1
H4327	H5777	1
H4327	H6346	1
H4327	H6848	1
H4327	H7069	1
H4327	H7070	1
H4327	H8256	1
H4327	H8596	1
H4347	H6482	1
H4364	H7568	1
H4390	H4394	1
H4390	H6899	1
H4392	H6899	1
H4403	H6793	1
H4403	H8008	1
H4403	H8071	1
H4411	H4725	1
H4420	H6160	1
H4475	H7300	1
H4475	H7626	1
H4494	H4725	1
H4503	H6045	1
H4503	H8670	1
H4510	H8505	1
H4521	H4864	1
H4541	H6699	1
H4543	H6180	1
H4549	H8497	1
H4552	H4937	1
H4557	H5375	1
H4557	H6485	1
H4560	H5234	1
H4560	H5462	1
H4596	H8510	1
H4639	H6529	1
H4673	H8638	1
H4689	H6869	1
H4694	H6180	1
H4701	H7639	1
H4725	H4866	1
H4725	H7665	1
H4725	H8415	1
H4768	H6279	1
H4784	H4788	1
H4818	H7705	1
H4864	H5982	1
H4878	H7725	1
H4889	H6341	1
H4932	H6321	1
H4941	H6414	1
H4941	H6415	1
H4941	H6417	1
H4941	H6419	1
H4941	H7379	1
H4941	H8201	1
H4958	H5288	1
H4998	H8232	1
H5002	H6045	1
H5066	H7138	1
H5067	H8510	1
H5069	H7522	1
H5092	H7015	1
H5106	H5627	1
H5117	H6623	1
H5139	H6575	1
H5144	H6575	1
H5170	H6963	1
H5203	H5800	1
H5213	H7632	1
H5223	H7665	1
H5258	H8497	1
H5274	H5458	1
H5286	H7581	1
H5324	H5979	1
H5327	H8078	1
H5337	H5627	1
H5375	H7621	1
H5375	H8670	1
H5413	H7541	1
H5426	H6395	1
H5468	H6186	1
H5518	H5674	1
H5531	H7997	1
H5553	H6697	1
H5564	H7138	1
H5566	H6699	1
H5592	H5602	1
H5596	H6899	1
H5606	H7712	1
H5627	H6584	1
H5627	H7846	1
H5627	H7953	1
H5627	H8159	1
H5627	H8173	1
H5643	H6845	1
H5706	H6623	1
H5715	H6030	1
H5715	H6031	1
H5781	H6695	1
H5844	H5848	1
H5889	H6774	1
H5908	H8079	1
H5949	H8385	1
H5979	H6965	1
H6030	H7617	1
H6041	H8220	1
H6086	H6982	1
H6116	H6899	1
H6168	H7541	1
H6180	H6520	1
H6216	H7703	1
H6235	H8638	1
H6293	H8467	1
H6310	H8144	1
H6327	H6340	1
H6363	H6609	1
H6381	H6575	1
H6463	H6818	1
H6471	H6807	1
H6473	H6609	1
H6476	H6609	1
H6476	H6610	1
H6491	H6609	1
H6495	H6609	1
H6504	H6575	1
H6575	H8642	1
H6592	H6623	1
H6633	H6899	1
H6635	H7093	1
H6658	H8078	1
H6682	H6818	1
H6684	H8589	1
H6699	H8544	1
H6707	H6774	1
H6735	H7964	1
H6807	H7788	1
H6808	H7502	1
H6818	H6873	1
H6818	H7580	1
H6818	H8173	1
H6822	H8431	1
H6822	H8615	1
H6899	H7283	1
H6899	H7284	1
H6919	H8316	1
H6940	H7839	1
H7023	H8522	1
H7039	H7058	1
H7075	H7666	1
H7186	H8666	1
H7232	H7995	1
H7461	H7493	1
H7475	H7670	1
H7582	H8663	1
H7684	H7952	1
H7684	H7960	1
H7722	H8078	1
H7797	H8057	1
H8047	H8077	1
H8075	H8541	1
H8451	H8454	1
