# CANDIDATE Hebrew Strong's pairs from Malbim, Beur HaMilot (19th c.; Hebrew text Public Domain, via Sefaria):
# word pairs Malbim distinguishes (two-item headings) or calls synonymous (נרדף עם). Derived data CC0.
# `count` = number of comments giving the pair. See shoresh/macula/build_malbim.py.
strong_a	strong_b	count
H1471	H5971	6
H0120	H0376	5
H2114	H5237	5
H4148	H8433	5
H4941	H6666	5
H0034	H1800	4
H0776	H8398	4
H0238	H8085	3
H0376	H1121	3
H0622	H6908	3
H0639	H2534	3
H0734	H1870	3
H0998	H2451	3
H2451	H8394	3
H3577	H8267	3
H4294	H7626	3
H0034	H6041	2
H0376	H1397	2
H0995	H2450	2
H1389	H2022	2
H1523	H8056	2
H2142	H7911	2
H2372	H7200	2
H2790	H2814	2
H3176	H6960	2
H3564	H4715	2
H3684	H6612	2
H3772	H8045	2
H3816	H5971	2
H3820	H7307	2
H3932	H7832	2
H3956	H8193	2
H4066	H7379	2
H6148	H8628	2
H6341	H7568	2
H7121	H7768	2
H7181	H8085	2
H7451	H7563	2
H7489	H7843	2
H7834	H8064	2
H8142	H8572	2
H8431	H8615	2
H0120	H1121	1
H0120	H4191	1
H0127	H7704	1
H0159	H1730	1
H0191	H0376	1
H0205	H7563	1
H0215	H5050	1
H0216	H5216	1
H0309	H4102	1
H0341	H8135	1
H0376	H2638	1
H0376	H3045	1
H0430	H6918	1
H0530	H2617	1
H0530	H6664	1
H0539	H4941	1
H0553	H2388	1
H0559	H6315	1
H0559	H6680	1
H0571	H7189	1
H0599	H4900	1
H0686	H2630	1
H0693	H6845	1
H0734	H5410	1
H0738	H3715	1
H0784	H3857	1
H0833	H1104	1
H0899	H4598	1
H0954	H2357	1
H0954	H2659	1
H0954	H3637	1
H0954	H7919	1
H0970	H2530	1
H0970	H2654	1
H0995	H1198	1
H0995	H1847	1
H0995	H7760	1
H0995	H7919	1
H1004	H5116	1
H1004	H7064	1
H1004	H7218	1
H1086	H6211	1
H1121	H2233	1
H1121	H3206	1
H1121	H6529	1
H1129	H7151	1
H1167	H7378	1
H1245	H1875	1
H1288	H3766	1
H1322	H2781	1
H1347	H4885	1
H1347	H5797	1
H1348	H5797	1
H1368	H4421	1
H1368	H6184	1
H1431	H7311	1
H1471	H3816	1
H1471	H7611	1
H1523	H5937	1
H1546	H7628	1
H1576	H7999	1
H1580	H3126	1
H1580	H6213	1
H1584	H6461	1
H1644	H5265	1
H1696	H5046	1
H1696	H5779	1
H1697	H6098	1
H1698	H7565	1
H1707	H3802	1
H1740	H7364	1
H1747	H2814	1
H1755	H5769	1
H1779	H4066	1
H1779	H4941	1
H1792	H2912	1
H1792	H6031	1
H1819	H1961	1
H1819	H2377	1
H1819	H2803	1
H1819	H3289	1
H1824	H2814	1
H1844	H3045	1
H1870	H4546	1
H1870	H5410	1
H1877	H4448	1
H1892	H3577	1
H1926	H3519	1
H1961	H6965	1
H1980	H3477	1
H1984	H3605	1
H1984	H5050	1
H1995	H7588	1
H2026	H7523	1
H2076	H6999	1
H2086	H6184	1
H2114	H5236	1
H2123	H7699	1
H2135	H6663	1
H2167	H3034	1
H2167	H7891	1
H2181	H5003	1
H2186	H5641	1
H2199	H7768	1
H2209	H7872	1
H2254	H5999	1
H2266	H3907	1
H2374	H7203	1
H2377	H4853	1
H2401	H6588	1
H2416	H4194	1
H2416	H5315	1
H2450	H6662	1
H2454	H8394	1
H2491	H4191	1
H2496	H6697	1
H2563	H2916	1
H2654	H2803	1
H2656	H7521	1
H2672	H2710	1
H2682	H6731	1
H2706	H4941	1
H2717	H3001	1
H2717	H8074	1
H2723	H8074	1
H2778	H5006	1
H2796	H6884	1
H2803	H3289	1
H2814	H8252	1
H2896	H3476	1
H2963	H5221	1
H2963	H5375	1
H3027	H3709	1
H3045	H5787	1
H3045	H7200	1
H3045	H7891	1
H3196	H4469	1
H3198	H7379	1
H3198	H8199	1
H3205	H6135	1
H3245	H3559	1
H3289	H6191	1
H3320	H6965	1
H3369	H3920	1
H3372	H6342	1
H3444	H6666	1
H3477	H4941	1
H3477	H6662	1
H3511	H7667	1
H3524	H7227	1
H3585	H4820	1
H3665	H6031	1
H3687	H6615	1
H3709	H8628	1
H3722	H5493	1
H3871	H5612	1
H3887	H7563	1
H3891	H6143	1
H3988	H5006	1
H3988	H8130	1
H4150	H6256	1
H4191	H7496	1
H4194	H7496	1
H4268	H4581	1
H4296	H6210	1
H4325	H5158	1
H4339	H6664	1
H4356	H7517	1
H4392	H6329	1
H4397	H6735	1
H4455	H7628	1
H4494	H7280	1
H4541	H6459	1
H4639	H6213	1
H4672	H7753	1
H4692	H5975	1
H4910	H7101	1
H4941	H6664	1
H4941	H8451	1
H4962	H8438	1
H4976	H7810	1
H5012	H5197	1
H5027	H8259	1
H5036	H5081	1
H5046	H5608	1
H5059	H7891	1
H5059	H7892	1
H5066	H7126	1
H5074	H6586	1
H5080	H6908	1
H5106	H6331	1
H5110	H5162	1
H5127	H6412	1
H5140	H7491	1
H5203	H5800	1
H5328	H6525	1
H5341	H8104	1
H5414	H5800	1
H5414	H7121	1
H5414	H7580	1
H5492	H5591	1
H5518	H7037	1
H5608	H8085	1
H5715	H8451	1
H5769	H7931	1
H5794	H6184	1
H5794	H7186	1
H5850	H7429	1
H5975	H6965	1
H6116	H6685	1
H6175	H6612	1
H6213	H6468	1
H6213	H7725	1
H6310	H8193	1
H6565	H7489	1
H6695	H6869	1
H6845	H6887	1
H7019	H7105	1
H7093	H8502	1
H7264	H7280	1
H7321	H8628	1
H7378	H8199	1
H7729	H8252	1
H7817	H8213	1
H8416	H8426	1
