# Malbim, Beur HaMilot (19th c.): pairs of words he distinguishes in a verse, with his explanation of the difference.
# Hebrew text via Sefaria; `license` is Sefaria's label for the edition (Public Domain; 'unknown' for the
# newer Psalms import from the same source, mobile.tora.ws). Anchoring CC0. Built by shoresh/macula/build_malbim.py --distinctions.
book	chapter	verse	strong_a	word_a	strong_b	word_b	heading	text	license	via
DEU	3	28	H2388	חזק	H0553	אמץ	חזק / אמץ	וצו את יהושע, עפ"ז צוה לו שנית שיצוה את יהושע, וכולל בזה שיצוה אותו תורה שבע"פ כמ"ש משה קבל תורה מסיני ומסרה ליהושע וכמ"ש חז"ל שמשה א"ל ליהושע כל ספיקות שיש לך לשאל שאל, ואח"כ נשתכחו מיהושע כמה הלכות ושאל מה' וא"ל לא בשמים היא, ואם היה משה נכנס לארץ לא היה צריך לזה כי היה יכול לשאל מרבו, וחזקהו ואמצהו התבאר אצלי ההבדל בין חזק ואמץ שהאמוץ הוא התמדת החוזק לארך ימים, ואם היה משה נכנס לארץ היה די…	Public Domain	
DEU	13	9	H2347	חוס	H2550	חמל	חוס / חמל	[סח] ולא תחמל ולא תכסה עליו, התבאר אצלי ההבדל בין חוס ובין חמל, שחוס הוא מה שאינו רוצה להשחית דבר שיש בו תועלת, וחמל הוא מצד טוב הדבר בעצמו, וע"כ מפרש לא תחוס עין אם טובע בנהר שבזה יחוס מהשחית בן אדם כמוהו שיש בו צורך לקבוץ המדיני, וחמל הוא אם רואה לו זכות שאז הוא עצמו דבר טוב כי י"ל זכות שלא יהרג, ובמ"ש לא תכסה מבואר שהוא בשיודע לו חובה ומכסה הדבר ואינו מגלהו, וממ"ש כי הרג תהרגנו ר"ל שתהרגנו בכל…	Public Domain	
DEU	17	15	H7760	לשום	H5414	לתת	לשום / לתת	[לא] לא תוכל לתת עליך איש נכרי, הוא ל"ת, וחז"ל הוציאו שגם בשאר התמנות צריך שיהיה אמו מישראל, ודייקו זה שפה לא אמר לתת עליך מלך רק לתת עליך כל שאתה נותן עליך שיהיה לו איזה שררה עליך, ויש הבדל בין לשום ובין לתת, ששימה מציין הסדר והקביעות יותר מנתינה, וע"כ אמר פה לתת, ר"ל כל נתינה, ובמ"ש איש נכרי מציין שהוא נכרי לגמרי משא"כ אם אמו מישראל זה קרוי אחיך, ומ"ש אשר לא אחיך ההוא למעט העבד אע"פ שאינו נכרי…	Public Domain	
DEU	21	1	H0776	בארץ	H0127	באדמה	בארץ / באדמה	ובדיוק מציין שכבר מת לא מפרפר, וזה מודה גם ר' אליעזר שאין לומר שבא רק לדוגמא וה"ה חנוק, דשם חלל נזכר בפרשה ד' פעמים הרי בא בדוקא, והת"ק מדייק שגם מ"ש באדמה נופל בשדה שהם דברים מיותרים מציין במ"ש באדמה למעט טמון, שזה ההבדל בין בארץ ובין באדמה שהאדמה הוא על הארץ ומציין שנמצא על, שטח הגלוי באדמה לא טמון שע"ז היל"ל בארץ, ומ"ש נופל ממעט תלוי, ובשדה ממעט צף על פני המים, ומ"ש באדמה אשר ה' אלהיך נותן לך…	Public Domain	
EXO	3	15	H2967	שם	H2143	זכר	שם / זכר	אולם באשר דרך הזה בהודעת השם איך מחיוב מציאותו יתחייבו לו כל השלמיות שכולם קבורים באמתת המצאו, הוא עיון פלוסופי דק מאד שלא יובנו אלא לזקני הדור ומשכיליהם, אמר עוד כה תאמר אל ב"י [כי הדבור הראשון התיחד רק למשה, אבל אל ב"י תאמר] ה' אלהי אבותיכם שלחני אליכם, ששם הויה שמורה על עצמותו נודע לכל ע"י ההתקשרות שהיה לו עם אבותיכם, שהשיגו אותו בדרך הנבואה ונודע להם ע"י ההשגחה הפרטית והדבוק שהיה לו עמהם,…	Public Domain	
EXO	3	15	H5769	לעולם	H1755	לדור	לעולם / לדור	אולם באשר דרך הזה בהודעת השם איך מחיוב מציאותו יתחייבו לו כל השלמיות שכולם קבורים באמתת המצאו, הוא עיון פלוסופי דק מאד שלא יובנו אלא לזקני הדור ומשכיליהם, אמר עוד כה תאמר אל ב"י [כי הדבור הראשון התיחד רק למשה, אבל אל ב"י תאמר] ה' אלהי אבותיכם שלחני אליכם, ששם הויה שמורה על עצמותו נודע לכל ע"י ההתקשרות שהיה לו עם אבותיכם, שהשיגו אותו בדרך הנבואה ונודע להם ע"י ההשגחה הפרטית והדבוק שהיה לו עמהם,…	Public Domain	
EXO	4	4	H0270	אחז	H2388	החזיק	אחז / החזיק	שאם ישלח ידו החזקה וכחו הרוחני לאחוז בהנחש ולהכניע את החומר והיצר אל הקדושה, ולהרים אותו מעפר אל דברים שמיימים ישוב בכפו למטה האלהים ואל הקדושה, ולמדו שאם אפי' רק יאחז בו ולא יחזיק בכח, ואפי' לא יאחז רק בזנבו לא בגופו, יהיה קדש ומטה אלהים, ר"ל שאם ירים אותו מעט משפלותו יתרומם ויהיה קדש, אמנם משה הוסיף ויחזק בו בגופו לא בזנבו לבד, ולא באחיזה קצת רק החזיק בו בכח [שזה ההבדל בין אחז ובין החזיק], כי…	Public Domain	
EXO	4	7	H2436	בחיקך	H0413	אל	בחיקך / אל	יש הבדל בין בחיקך ובין אל חיקך, שהב' מצייר שתשאר מונח בחיק שזה ציור הרפיון מעשות דבר, אבל מלת אל מציץ ההפך שלא תשאר בחיק רק ישיב אותה אל החיק להתגבר על החיק והרפיון והעצלות, וע"ז ציין זה במ"ש ויוציאה מחיקו, שע"י שהשיב היד אל החיק התגבר על החיק ויוציאה מחיקו לגמרי לבל תשאר שם [משא"כ בפעם הראשון אמר ויוציאה שהוציאה לראותה ולא הוציאה מחיקו] ואז שבה כבשרו, בזה הראה למשה כי הוא מיוחד לבנות שם ה' ואת…	Public Domain	
EXO	5	4	H4639	מעשיו	H5450	סבלות	מעשיו / סבלות	ר"ל שיש הבדל בין עם ובין עם הארץ, שעם הארץ הם דלת העם והפחותים, ויש הבדל בין מעשיו ובין סבלות, שמעשיו הם עסקיו שיש להם כמו מסחרם ומעשיהם בבית ובשדה, וסבלות הוא העבודה הקשה שעובדים למלך, ויש הבדל בין מפריע ובין משביית, שהמשבית היא המבטל דבר המתמיד, וזה שייך על סבלות העבודה שהיה מתמיד בלא הפסק, ומפריע הוא הבטול הסתמי ושייך גם על המבטל מעסקי הבית שאינם מתמידים תמיד	Public Domain	
EXO	5	6	H7179	קש	H8401	תבן	קש / תבן	יש הבדל בין קש ובין תבן	Public Domain	
EXO	7	3	H0226	אות	H4159	מופת	אות / מופת	כבר בארתי למעלה (דף כ"א) שקושי לב מורה שלא ירך לבו בעת ההתראה, שהגם שאהרן ידבר ויתרה בו לא יירא ולא יחת, ועי"כ והרביתי את אותותי ואת מופתי, ומבואר אצלי שיש הבדל בין אות ובין מופת, האות א"צ שיהיה דבר יוצא מדרך הטבע רק שיהיה סימן אל דבר אחר, והמופת הוא דבר זר מפליא רואים, ויצויר שתי הלשונות על דבר אחד, למשל מה שנתהפך המטה לנחש קורא אצל ישראל בשם אות, ואצל פרעה קראו מופת, כי ישראל האמינו בה' וידעו…	Public Domain	
EXO	12	2	H7218	ראש	H7223	ראשון	ראש / ראשון	יש הבדל בין ראש ובין ראשון	Public Domain	
EXO	12	19	H1004	הבית	H1366	הגבול	הבית / הגבול	ולקמן אמר ולא יראה לך שאור בכל גבולך, וידוע שהגבול כולל יותר מן הבית, שהגבול ישתרע גם חוץ מרשותו הפרטי, כמו גבולות הארץ והמדינה, וממ"ש בבתיכם משמע רק הבית לא בחצרות ובבורות שיחין ומערות, וממ"ש בכל גבולך הוא כ"מ שישתרע גבולו אף חוץ לרשותו, שאם הפקיד חמצו בבית נכרי ישתרע שם גבולו להפקיד חמצו ואילו רשותו, לכן תפס שלי הלשונות שנתפוס הממוצע מה ביתכם ברשותכם ומוציא חמצו של ישראל בבית נכרי, ומ"ש יצא…	Public Domain	
EXO	15	17	H6213	עשה	H4639	מעשה	עשה / מעשה	מכון לשבתך, הנה השמים נקראים מכון שבתו של ה' כמ"ש בתפלת שלמה כ"פ ושמעת השמים מכון שבתך, וגם את המקדש קורא פה מכון לשבתו, רק שיש הבדל ביניהם, שהשמים הם המכון ששם יושבים ומנהיג את הנהגת השבע והמערכת הסדורה מששת ימי בראשית, והבהמ"ק הוא המכון ששם יושב ומנהיג הנהגה הנסיית והפלאיית המתחדשת לפי זכות הדור, ומבואר אצלי בכ"מ שיש הבדל בין עשה ומעשה ובין פעל ופעולה, שמעשה, היה העשיה הנגמרת, ופעל, הוא העסק…	Public Domain	
EXO	19	9	H0853	את	H5971	עם	את / עם	א] כמ"ש הראב"ע שרוב האומות היו מכחישים את הנביאים, ואמרו שמן הנמנע שבורא כל יהיה לו קשר עם בריאה שפלה שוכנת בית חומר לשפוך רוחו עליה, ב] שהגם שישראל ידעו מאבותיהם שהנבואה אפשריית, חשבו שאפשר שידבק רוח ה' אל המתהלכים לפנים בחלום ובחזון, לא שינבא בהקיץ בעודו מלובש בבשר ומשתמש בחושיו וחי כאחד האדם, ג] עדן יהיו מסופקים אם משה הוא השליח לתת להם תורה ומצות, בפרט שרוב המצות טעמם נעלם, ולכן צריך שישמע…	Public Domain	
EXO	20	2	H0590	אני	H0595	אנכי	אני / אנכי	הודיע להם שהוא הנמצא מחויב המציאות שע"ז מורה שם הויה שבא בעתיד, ר"ל שאני מחויב להיות, וכמ"ש בפ' שמות בבאור שם אהיה, ושהוא המציא כל הנמצאים שכולם נמצאים מאמתת המצאו שע"ז מורה שם הויה שמהוה כל הוה, ושהוא הקדמון לכל דבר ואין ראשית לראשיתו שע"ז מורה השם היה הוה ויהיה, ושכל הכחות הנמצאים במציאות הם מושפעים מאתו והוא הנשמה אליהם שע"ז מורה שם אלהים כמ"ש בפסוק בראשית ברא אלהים, ושמאתו יצאו בין הטובות בין…	Public Domain	
EXO	20	5	H0590	אני	H0595	אנכי	אני / אנכי	כבר כתבתי ההבדל בין אני ובין אנכי, שמלת אנכי בא לדייק שם הנושא אנכי לא זולתי, כי המצרים היו חושבים שיש פועל שוב ופועל רע, הפועל שוב הוא אל רחום והפועל רע הוא אל קנא, לכן דייק במלת אנכי כי אין זולתו, ה' המוציא מארץ מצרים הוא עצמו אל קנא להעניש לעושי רע, ועז"א במדרש [הובא בילקוט על פסוק אנכי אנכי הוא מנחמכם] משני פעמים אנכי שאמרתי בסיני אנכי ה' אלהיך אשר הוצאתיך מארץ מצרים אנכי ה' אלהיך אל קנא אני…	Public Domain	
EXO	21	22	H0376	איש	H1167	בעל	איש / בעל	מ"ש אשה הרה מיותר, שדי לומר ונגפו אשה ויצאו ילדיה, למד שצריך שיגוף ויכה בקרוב לבית ההריון, ובב"ק (דף מט) ורבנו דאמרי שבח ולדות נמי לבעל מ"ט כדתניא ממשמע שנאמר ויצאו ילדיה איני יודע שהיא הרה מה ת"ל הרה לומר לך שבח הריון לבעל, ורשב"ג [דס"ל שבח ולדות חולקין] האי הרה מאי דריש ביה כדתניא ראב"י אומר לעולם אינו חייב עד שיכנה כנגד בית הריון, ולפ"ז דרש אבא חנן אתיא כרשב"ג, ולכן לא הביא הרמב"ם דין זה…	Public Domain	
EXO	22	25	H2254	חבל	H5670	עבט	חבל / עבט	אולם אחרי והעיון יש הבדל בין חבל ובין עבט, שחבל בא תמיד על שממשכנו בעל כרחו שלא בשעת הלואה, ועבט בא על המשכון שהלוה נותן מדעתו בשעת הלואה, ובא ג"כ אם נותן המשכון אחר הלואה ברצון טוב להפיס דעת הלוה שדואג על מעותיו	Public Domain	
EXO	22	27	H7043	מקלל	H0779	מארר	מקלל / מארר	יש הבדל בין מקלל ובין מארר, שהקללה הוא מציין הדבור, והוא משתתף עם קלה מנחי ל"ה שהוא הפך הכבוד, רק שקלל בכפל הוא מורה בזיון יותר, ואאר מציין הפעולה ששולח בו גרעון ומזיק לו בדבורו והוא הפך הברכה, ולכן אמר ומקללך אאר, שהם רק יקללו בדבור ולא יזיק לך ואני אאור אותם בפועל, ואמר לא תאור את העם כי ברוך הוא (במדבר כב), ובסנהדרין (דף סו) דעת ר"ע שאלהים קדש ודעת ר"י שהוא חול, [וכן צריך להגיה כאן], ואמר שם…	Public Domain	
EXO	23	4	H6293	פגע	H6298	פגש	פגע / פגש	והנה לשון פגיעה הבא בדיוק הוא אם פגע בו ממש, אבל בהרחבת יציין אם הוא קרוב אליו רס"ו אמה הנקרא רוס שכבר יוכל לדבר עמו פנים אל פנים, וזה ההבדל בין פגע ובין פגש, שפגע הוא בקירוב ופגש הוא דוקא בשנוגע בו, כמו פגוש דוב שכול באיש (משלי י״ז	Public Domain	
EXO	23	7	H5355	נקי	H6662	צדיק	נקי / צדיק	כבר בארתי בפי' איוב (ד ז, ח, כב יח) שיש הבדל בין נקי ובין צדיק, שהנקי הוא בהשקף אל עצמו שהוא עצמו חף מפשע, והצדיק הוא בהשקף אל אחרים שאחרים יצדיקו אותו והגם שהוא רשע בפ"ע, ויצויר צדיק בלתי נקי, ונקי בלתי צדיק אם העולם טועים ומצדיקים את הרשע ומרשיעים את הצדיק, ויש צדיק ונקי, אם עפ"י דין תורה א"א לדונו כלל, ותחלה מצייר המכלתא מי שהוא נקי וצדיק, ויש סברא להרגו, אם ראו רודף אחר חברו להרגו וגם התרו בו…	Public Domain	
EXO	28	2	H3519	כבוד	H8597	תפארת	כבוד / תפארת	ופי' ועשית בגדי קדש לכבוד, כי התבאר אצלנו בכ"מ שנפש האדם נקראת בשם כבוד בכתבי הקדש [כמ"ש למען יזמרך כבוד וכדומה] תעשה בגדי קדש שבם יתלבש הכבוד שהיא הנפש, וכבר בארתי בפי' ישעיה (סימן ה') שיש הבדל בין כבוד ובין תפארת, שיכובד האדם גם במעלה טבעית אבל לא יתפאר רק במעלה בחירית, ומצד הרוחנית שיש לנפש בטבעה מצד מקור מחצבתה נקראת כבוד, ומצד האור וההדר שתזכה ע"י עבודתה וקדושתה נקראת תפארת, ושתי מדרגות אלה…	Public Domain	
EXO	38	21	H4557	מספר	H6485	מפקד	מספר / מפקד	אלה פקודי המשכן, כבר בארתי (ש"ב כד) שיש הבדל בין מספר ובין מפקד, שמספר הוא המספר הפרטי ומפקד הוא סכום הכולל, והנה בעת מסר את הנדבות אל יד עושי המלאכה בודאי כפרו את הפרטים, למשל לאומן פלוני ניתן כך וכך זהב כך וכך תכלת וכדומה, וכ"א רשם לו את הכלים אשר עשה ממנו, וכ"ז נעשה בהשגחת בצלאל ואהליאב שהיו משגיחים עליהם, ועתה צוה משה שיעשו מן המספרים הפרטים סכום הכולל, שזה קורא פקודי המשכן, והפירוש הוא כמ"ש…	Public Domain	
GEN	1	1	H7225	ראשית	H8462	תחלה	ראשית / תחלה	מפני שראשון הוא מלת המספר וסופר שני אחריו וזה לא יצדק פה אחר שהבריאה הראשונה כוללת כל מה שיבא אחריו אין הפרט נכנס עם הכלל בגדר המספר, לכן אמר ראשית שהוא ראשית החלטי, ויש הבדל בין ראשית ובין תחלה, שתחלה לא נמצא רק על הזמן, וראשית נמצא בין על הזמן כמו בראשית ממלכת יהויקים בין על כל דבר כמו ראשית דגנך, ראשית כל פרי האדמה, וגם מן תחלה נמצא הפעל הוא החל להיות גבור בארץ, אתה החלות להראות את עבדך, ולא…	Public Domain	
GEN	1	4	H0216	אור	H2822	חשך	אור / חשך	ויבדל אלהים בין האור ובין החשך מודיע בזה שני ענינים א] שלא היה אז כמו שהוא עתה שהאור והחשך מצרנים ושכנים זל"ז ורודפים זה את זה בכל סביבות הכדור שבכל רגע יגלגל אור מפני חשך במקומות השקיעה וחשך מפני אור במקומות הזריחה עד שיום ולילה לא ישבותו, ר"ל שתמיד יהיה בחצי הכדור יום ובחצי כדור כשנגדו לילה זה רק עתה שהאור זורח מכדור השמש, שכדור הארץ יעשה צל לעומתו ויחשיך אל עבר אחוריו אבל אז שהיה האור בלא…	Public Domain	
GEN	2	9	H2896	טוב	H7451	רע	טוב / רע	ודבריו בלתי נראים, כי מצאנו טוב ורע בכל דבר, וגם על שכל העיוני יפול טוב ורע, אם ישכיל לפי האמת הוא טוב כמ"ש המשכילים שכל טוב, ומצא חן ושכל טוב, והנוטה בהשכלתו לכפירה ולמינות הוא רע כמ"ש ממך יצא חושב רע על ה', וכמ"ש בפי' הנ"כ בכ"מ, ולדעתי יש בזה הבדל בין טוב ורע ההחלטי ובין טוב ורע יחוסי, למשל שיהיה האדם עניו ורודף צדקה וחסד וירא ה' הוא טוב החלטי, שיהיה איש רע מעללים קנא ומתאכזר וכדומה הוא רע…	Public Domain	
GEN	3	6	H2532	חמדה	H8378	תאוה	חמדה / תאוה	הנה ראתה שע"י אכילת העץ תבקש את הצורך ההכרחי, שזה הותר לה כמ"ש ויטע כל עץ נחמד למראה וטוב למאכל, אולם נגד עץ נחמד למראה אמר וכי תאוה הוא לעינים, שיש הבדל בין חמדה ובין תאוה, החומד הוא רק דבר שיראה בעיניו, והמתאוה יתאוה גם דבר שאינו לפניו, והמליצה שיתאוה לאסוף כעפר כסף ולצבור פנינים ולבנות בנינים ויתר תאוות שכ"ז מן הטוב המדומה שהוא רע באמת, וכן במ"ש ונחמד העץ להשכיל, ר"ל עפמ"ש לפי שכלו יהולל איש…	Public Domain	
GEN	8	11	H5929	עלה	H2965	טרף	עלה / טרף	וכבר הזכרתי בפי' יחזקאל ההבדל בין עלה ובין טרף, שטרף הם העלים הלחים שהם טרף לתולעים ולזבובים כמ"ש הרש"ף, ובאר שהיה עלה לחה שזה סימן שלא קלטתו מן המים רק מן העץ הרענן ובזה ידע שקלו המים	Public Domain	
GEN	12	13	H5668	בעבור	H1558	בגלל	בעבור / בגלל	אמרי נא אחותי את למען ייטב לי, ר"ל שתאמר לכל האנשים שאת מבקשת להנשא לאיש רק באשר את אחותי וא"א שתנשא לאיש בלעדי רשות אחיה והסכמתו תודיע שכל מי שירצה לישא אותך צריך להיטיב לי בעבורך, פי' שצריך לתת לי מתנות במחיר מה שאתרצה שתנשא לו כמ"ש ומגדנות נתן לאחיה ולאמה, שכן הי' הנמוס שהבת היתומה עומדת ברשות אחיה, והיה דרכם לתת כסף וזהב לאבי הנערה או אחיה שימסור אותה לנשואין, ומלת בעבור מצאנו שפירושו כמו…	Public Domain	
GEN	17	16	H5971	עם	H1471	גוי	עם / גוי	וגם תכלל בברכה שנתברכת, והבן שאני צריך לתת לך יהיה ממנה, ואז תתברך שנית במה שתהיה לגוים וכן המלכים של העמים של בניו לא יהיו מבני ישמעאל רק ממנה יהיו, וכבר בארתי (ישעיה א) ההבדל בין עם לגוי, גוי מציין הקבוץ הגדול ואינו מציין שי"ל מלוכה והנהגה כוללת, ועם מציין שי"ל מלך מנהיג אותם לכן אמר מלכי עמים	Public Domain	
GEN	25	23	H1471	גוי	H3816	לאום	גוי / לאום	ב] ושני לאמים מבואר אצלי תמיד ההבדל בין גוי ולאום, שגוי מורה על הקבוץ הגדול, ולאום מורה שי"ל דת מיוחד ואמונה מיוחדת, שמלבד הרבוי לא יתאחדו מצד דתם שיתפרדו ע"י דתם זה לה' וזה לעזאזל ופרוד זה כבר התחיל ממעיך שהוא קודם אל בטנך שהולד נקשר תחלה במעי האשה שמציין מקום ששם תצויר הטפה הזרעיית בביצת הרחם, כמ"ש (ישעיה מח), שמראשית יצירתם נכונים לדתות מפרדות זה מזה ואין שנאה כשנאת הדת, ור"ל שתחלה תיכף בלדתם…	Public Domain	
GEN	27	29	H5971	עמים	H3816	לאמים	עמים / לאמים	ונגד המשרה והממשלה אמר יעבדוך עמים, ויש הבדל בין עמים ולאמים, שלאומים פורט עמים בעלי דת, וע"כ הוסיף וישתחוו לך לאמים, והם לא יעבדו למעלתם רק ישתחוו, הוה גביר לאחיך, שהם בני ישמעאל וב"ק, וישתחוו לך בני אמך, הם בני יעקב, ישתחוו לך מצד שאתה הבכור	Public Domain	
GEN	31	45	H0068	לבן	H3290	יעקב	לבן / יעקב	הנה היה הבדל בין לבן ובין יעקב בכריתת הברית הזה בשני דברים	Public Domain	
GEN	37	8	H4427	מלך	H4910	מושל	מלך / מושל	ויש הבדל בין מלך ובין מושל, שהמלך הוא הנבחר בבחירת העם וברצונם, והמושל הוא ביד חזקה, והאיש המושל ביד חזקה אי אפשר שיהיה מלך, שמורה על רצון העם ובחירתם, וא"כ איך אפשר שמלוך תמלוך עלינו אחר שמשול תמשול בנו, אם תמשול עלינו ביד חזקה לא תמלוך בבחירתנו, כי אז מושל תקרא לא מלך, וא"כ דברי החלום סותרים זה את זה, ומעתה ויוספו עוד שנא אתו	Public Domain	
GEN	39	8	H3985	מאן	H3808	לא	מאן / לא	יש הבדל בין מאן ובין לא אבה, שלא אבה הוא בלב, וימאן הוא בפה, שהגם שאבה בלב כבש את יצרו	Public Domain	
GEN	41	35	H6651	צבר	H6908	קבץ	צבר / קבץ	עתה מפרש מה יעשה בשני אלה שהם החומש של התבואה שיקח הממונה הכולל, והאוכל שיקבצו הפקידים הקטנים, ויצברו בר תחת יד פרעה, הבר שהוא התבואה שממנה יצברו צבורים צבורים [שזה ההבדל בין צבר ובין קבץ, שצבר מורה שצובר הרבה בפעם אחד והקובץ מקבץ על יד] זה יהיה תחת יד פרעה, היינו באוצר המלך הגדול בעיר המלוכה, ויהיה תחת יד הממונה הגדול שהו משנה למלך, והאכל שיקבצו הפקידים הקטנים יהיה בערים, שאוכל של כל עיר תנתן…	Public Domain	
GEN	41	49	H6651	צבר	H6908	קבץ	צבר / קבץ	זאת שנית מה שצבר יוסף בעצמו לא ע"י הפקידים שזה צבר צבורים צבורים כנ"ל בהבדל בין צבר וקבץ, והיה רק בר לא כל מיני אוכל, וזה היה כחול הים, עד שחדל אח"כ מלספרם, כי לא היה להם מספר שסמכו על נאמנות יוסף	Public Domain	
GEN	49	3	H2967	כח	H0202	און	כח / און	ב] מצד שאתה כחי וראשית אוני, שנוצרת מן הטפה הראשונה, ויש הבדל בין כח ובין און, שכח מציין הכח הפנימי, ואין מציין התגלות הכח לחוץ, כמ"ש בפי' ישעיה סימן מ' בפסוק נותן ליעף כח, ר"ל שכח הפנימי נתגלה בך, והיה ראשית התגלות אוני מכח אל הפועל על ידך, ומפרש מצד שבכורי אתה יש לך יתר שאת התנשאות וגדולה, ומצד שאתה ראשית אוני יש לך יתר עז וכח הגוף כי נוצרת בכח גדול ואון אמיץ, ופי' חז"ל שהיה ראוי לך הבכורה…	Public Domain	
GEN	49	7	H3963	אף	H5678	עברה	אף / עברה	ויש הבדל בין אף ובין עברה, שאף הוא מה שקוצף על מי שחטא כנגדו, ועברה הוא אם עי"ז ישולח חרונו גם על מי שלא חטא עד שעובר הגבול (כמ"ש בפי' הנ"ך בכ"מ) ונגד שכם בן חמור היה אף ונגד יתר אנשי שכם היה עברה, ושניהם היו בעז ובקשוי יותר מן הראוי אחר שגיירו א"ע	Public Domain	
NUM	10	5	H5749	עוד	H4264	שנית	עוד / שנית	שהיל"ל ותקעתם עוד תרועה, וכבר בארתי (תזריע סי' סב) שיש הבדל בין עוד ובין שנית שבמקום שאינו מקפיד על שווי הנמנים יאמר מלת עוד, ובמקום שמקפיד על שווי הנמנים יאמר מלת שנית, כמ"ש בירושלמי (פ"ב דשבת) וכובס שנית מת"ל שנית מקיש תכבוסת ראשונה לתכביסת שניה, וכן ממ"ש ותקעתם שנית מבואר שיש להקיש תרועה ראשונה לתרועה שניה שיהיה תקיעה גם לאחר תרועה ראשונה, וכל מאמר זה מובא בגמ' (ר"ה דף לד סוכה דף נג), והגהתי…	Public Domain	
NUM	10	9	H8668	תשועה	H2020	הצלה	תשועה / הצלה	כ״א), וע"כ שכולל שניהם, כי תבואו מלחמה על הצר, וכי תבוא מלחמה בארצכם, וממ"ש על הצר בה' הידיעה משמע שהוא הצר הגדול הנודע ע"י הנביאים שנבאו עליו, אבל הלא יוכל להיות שמדבר בצר הידוע בתורה שהם עמלק וז' עממין ומדייק זה ממ"ש ונושעתם מאויביכם, שלשון תשועה במובנה המדויק הוא התשועה הגמורה שזה ההבדל בין תשועה והצלה, וכמ"ש התיצבו וראו את ישועת ה' וכו' כי אשר ראיתם את מצרים וכו', וזה יהיה במלחמת גוג ומגוג…	Public Domain	
NUM	17	4	H0853	אות	H2146	זכרון	אות / זכרון	ויקח וכו' אשר הקריבו השרופים פי' הקדישו כנ"ל, זכרון לבני ישראל ה' אמר ויהיו לאות לב"י, והאות הוא רק לדור הזה וי"ל שאינו אות רק כ"ז שאהרן קיים לא יחלוק איש על כהונתו כמו שעשו עדת קרח, אבל אחרי מות אהרן תופסק הכהונה מבניו, אך במה שצוה צווי זה ע"י אלעזר שהוא מזרע אהרן מבואר שהוא זכרון לבני ישראל גם לדורות הבאים אחרי מיתת אהרן [שזה ההבדל בין אות ובין זכרון כמ"ש בס' יהושע סי' ד"] שגם לא יקרב איש זר…	Public Domain	
NUM	19	13	H4908	משכן	H4720	מקדש	משכן / מקדש	את משכן ה' טמא ולהלן הוא אומר כי את מקדש ה' טמא, ועוד אמר (בסוף פ' מצורע) ולא ימותו בטומאתם בטמאם את משכני אשר בתוכם, ופי' ר' יאשיה שמ"ש את משכן ה' טמא את מקדש ה' טמא, מפני שהיה עולה על הדעת לתת הבדל בין משכן ובין מקדש, וכמ"ש בשבועות (דף טז ע"ב) שהמשכן נמשח והמקדש קדושתו קדושת עולם, ומ"ש ולא ימותו בטומאתם בטמאם את משכני בא ללמד שכרת היא ג"כ מיתה שלא תאמר שהכרת הוא רק לנפש, כי יש בה ג"כ מיתה בידי…	Public Domain	
NUM	21	18	H2658	חפר	H3738	כרה	חפר / כרה	שעור הכתוב באר חפרוה שרים במחוקק, כרוה נדיבי העם במשענותם כי כבר הבדלתי (בהתו"ה משפטים סי' קט"ז) שיש הבדל בין חפר ובין כרה שהחופר הוא החופר בעומק והכורה הוא שכורה מעט ולא בעומק, והם חשבו שיצטרכו לחפור בעומק עד שימצאו מים והעמידו פועלים לחפור בעמקו במחוקק שהוא כלי החפירה החוקקים באדמה בעומק, ועל הפועלים השכירים לזה יעמדו שרי העם שהם יכריחו את החופרים שלא להתעצל במלאכתם ועז"א חפרוה שרים במחוקק אבל…	Public Domain	
NUM	23	7	H3290	יעקב	H3478	ישראל	יעקב / ישראל	מן ארם ינחני שמקום בלעם היה בארם נהרים ששם היו עוסקים בכשוף שענינם עם עזא ועזאל השוכמם בהרי נשף וחשך, ועז"א מהררי קרם כי משם היו ממשיכים הנחוש והכשופים כמ"ש כי מלאו מקדם פרש"י ממעשה ארם שהוא במזרחה של א"י, לכה ארה לי יעקב, כי בקשת מלך מואב בפעם הראשון היה לכה ארה לי את העם הזה, ויש הבדל בין יעקב ובין ישראל, שההמון נקראים בשם יעקב וגדולי העם נקראים בשם ישראל, אמר שעל ההדיוטות שלהם תחול הארור להומם…	Public Domain	
NUM	23	9	H7200	ראה	H7789	שור	ראה / שור	[א] מצד יחוסם מראש מצד האבות ודמה אותם להררי עד גבוהים ורמים ונשאים מכל סדור העולם השפל הלז והם צור ויסוד הכדור הארצי, וישראל נמשכו ביחוס ישר מן הצורים האלה כמ"ש הביטו אל צור חוצבתם, וההרים נשענים תמיד על הגבעות שהם קטנים מההרים והוא בנמשל האמהות, ויש הבדל בין ראה ובין שור ששור הוא הראיה מרחוק, ועז"א כי מראש צרים אראנו, וגם מגבעות אשורנו מרחוק כמי שרואה דבר מרחוק שאינו נראה כ"כ כדבר הנראה מקרוב,…	Public Domain	
NUM	23	19	H3576	מכזב	H5162	מתנחם	מכזב / מתנחם	לא איש התוכח עמו על שחשב שה' יתנחם ויספים שיקללם אחר שא"ל בפעם הראשון שיברך אותם, מבאר לו שזה א"א בחק האל ית', ויש הבדל בין שם איש ובין שם אדם, ששם איש מציין כל יש ונמצא ונופל גם על המלאכים גם על יתר נמצאים, אבל שם אדם מציין את האדם לבדו כמ"ש בתורה אור (ויקרא סי' י') באורך, ויש הבדל בין מכזב ובין מתנחם, שהכזב הוא שהדבר אין בו ממש תכף, והנחום הוא מה שמתחרט אח"כ	Public Domain	
NUM	23	21	H7200	ראה	H5027	הביט	ראה / הביט	לא הביט ולא תאמר שהגם שלא יצויר שנוי וחרטה אצל האל יצויר שתשתנה הברכה לקללה מצד המקבלים, שהרעו מעשיהם ואינם ראוים לברכה, ע"ז משיב לא הביט און ביעקב ויש הבדל בין ראה ובין הביט שראה מציין ראות העין, והבטה מציין שימת לב על הדבר ועיון השכל, כמ"ש בישעי' (סי' ה'), ויש הבדל בין און ובין עמל שאון מציין מעשה רע שנעשה בפועל, ועמל מציין תכונת הנפש בעת עשותו הרע, ולפ"ז היה ראוי שיאמר לא ראה און ולא הביט עמל,…	Public Domain	
NUM	23	21	H0205	און	H5999	עמל	און / עמל	לא הביט ולא תאמר שהגם שלא יצויר שנוי וחרטה אצל האל יצויר שתשתנה הברכה לקללה מצד המקבלים, שהרעו מעשיהם ואינם ראוים לברכה, ע"ז משיב לא הביט און ביעקב ויש הבדל בין ראה ובין הביט שראה מציין ראות העין, והבטה מציין שימת לב על הדבר ועיון השכל, כמ"ש בישעי' (סי' ה'), ויש הבדל בין און ובין עמל שאון מציין מעשה רע שנעשה בפועל, ועמל מציין תכונת הנפש בעת עשותו הרע, ולפ"ז היה ראוי שיאמר לא ראה און ולא הביט עמל,…	Public Domain	
NUM	24	17	H7200	אראנו	H7789	אשורנו	אראנו / אשורנו	אראנו יש הבדל בין אראנו ובין אשורנו שהראיה הוא מקרוב ואשורנו הוא מרחוק, והוא ראה נבואה א' שתהי' בזמן קרוב שהוא בימי דוד, ועז"א אראנו מקרוב, הגם שלא עתה שיהי' אחר ארבע מאות שנה, ועוד חזה נבואה עתידה שתהי' בימי המשיח שהוא באחרית הימים ועז"א אשורנו ששור הוא מרחוק, ומפרש ולא קרוב כי זמן ד' מאות שנה הוא זמן קרוב נגד ריחוק ימות המשיח, ומפרש נגד אראנו ולא עתה דרך כוכב מיעקב הוא המלך דוד שהיה כוכב מאיר…	Public Domain	
NUM	25	11	H0639	אף	H2534	חמה	אף / חמה	יש הבדל בין אף ובין חמה שהאף הוא הכעס החיצוני והחמה הוא שמירת הכעס בלב, וימצא לפעמים אף בלא חמה כמו אב המכה את בנו והוא אוהבו בלבו, ויש חמה בלא אף אם שומר חמתו בלבו ומאריך אף ואינו מענישו עתה, וכשיש אף וחמה יחד אז העונש קשה מאד, כמ"ש כי יגרתי מפני האף והחמה אשר קצף ה' עליכם להשמיד אתכם, וכללים אלה מבוארים אצלי בכל התנ"ך	Public Domain	
NUM	31	11	H7628	שבי	H4455	מלקוח	שבי / מלקוח	וישבו ב"י את נשי מדין וגו' ויביאו אל משה וגו' את השבי ואת המלקוח יש הבדל בין שבי ומלקוח ושלל ובזה שבי ומלקוח לא שייך רק בבע"ח, ושלל ובזה שייך בכל דבר, וההבדל בין שבי למלקוח, שבי לא שייך רק באדם ומלקוח שייך בין באדם בין בבהמה, ושבי ומלקות הנאמר גבי אדם, יציין במלקוח שלוקחו לעצמו לעבד והשבי לקחו לארץ שביו ולפעמים לא יעבוד בו	Public Domain	
NUM	35	20	H1920	הדף	H1760	דחה	הדף / דחה	ואם בשנאה יהדפנו מוסיף שגם אם מת ע"י שדחפו ממקומו, ויש הבדל בין הדף ובין דחה שהדוחה יהיה לפעמים ע"י דבורו כמו בחלק שפתיה תדיחנו (משלי ז׳	Public Domain	
