# Hebrew settings (topical setting a word is used in; stand-in for SDBH ctx). CC BY 4.0: derived from MACULA Hebrew (Clear Bible, CC BY 4.0) and the Open Scriptures Hebrew Bible paragraph marks (CC BY 4.0). k=40, NMF seed 13. Built by shoresh/macula/build_setting_axis.py.
setting	label_strongs	label_lemmas	top_strongs
s01	H4196,H5930	מִזְבֵּחַ,עֹלָה	H4196,H5930,H1818,H2459,H6999,H7126,H3548,H2077,H8002,H7819,H7133,H2236
s02	H2472,H2492	חֲלוֹם,חָלַם	H2472,H2492,H6510,H7647,H1277,H1851,H7458,H0400,H2876,H7666,H5608,H0644
s03	H3805,H5982	כֹּתֶרֶת,עַמּוּד	H3805,H5982,H5178,H7639,H7227,H4350,H2876,H7416,H0520,H6967,H3257,H5518
s04	H7703,H3213	שָׁדַד,יָלַל	H7703,H3213,H0954,H1347,H6635,H6963,H8242,H1065,H2865,H1959,H3759,H7264
s05	H1129,H8605	בָּנָה,תְּפִלָּה	H1129,H8605,H5650,H6419,H8064,H8467,H0970,H4725,H3824,H5545,H2398,H4349
s06	H3423,H1285	יָרַשׁ,בְּרִית	H3423,H1285,H6680,H5647,H4687,H8104,H3772,H7650,H1419,H0784,H3871,H5674
s07	H4327,H5775	מִין,עוֹף	H4327,H5775,H0929,H2416,H5038,H0398,H8318,H1625,H2931,H6541,H6536,H7430
s08	H0134,H5982	אֶדֶן,עַמּוּד	H0134,H5982,H2053,H7175,H8336,H6285,H7806,H4908,H2838,H7050,H3701,H5178
s09	H4394,H5536	מִלֻּאִים,סַל	H4394,H5536,H8573,H4682,H0352,H3233,H0931,H2471,H4888,H4886,H7785,H6942
s10	H8457,H2181	תַּזְנוּת,זָנָה	H8457,H2181,H2185,H0868,H7413,H7553,H6172,H3308,H5716,H6181,H5903,H1730
s11	H8255,H4392	שֶׁקֶל,מָלֵא	H8255,H4392,H3701,H7133,H0352,H3532,H1241,H7086,H4219,H6260,H4948,H2091
s12	H3548,H7676	כֹּהֵן,שַׁבָּת	H3548,H7676,H2320,H3104,H4399,H0251,H6942,H0272,H8141,H4376,H8179,H5656
s13	H6490,H0565	פִּקּוּדִים,אִמְרָה	H6490,H0565,H5715,H8191,H2086,H2706,H4687,H3925,H7878,H5341,H8451,H6664
s14	H4784,H5674	מָרָה,עָבַר	H4784,H5674,H1259,H5140,H6862,H5254,H0410,H5148,H5945,H0539,H4305,H2015
s15	H0136,H5002	אֲדֹנָי,נְאֻם	H0136,H5002,H2719,H5012,H5030,H8432,H5307,H2534,H7458,H1544,H8074,H2491
s16	H1892,H8121	הֶבֶל,שֶׁמֶשׁ	H1892,H8121,H5999,H3684,H2451,H3504,H2896,H5998,H7307,H2450,H6045,H7235
s17	H3532,H4503	כֶּבֶשׂ,מִנְחָה	H3532,H4503,H5262,H6241,H5930,H0352,H6499,H5207,H7381,H1969,H5560,H8549
s18	H0168,H4150	אֹהֶל,מוֹעֵד	H0168,H4150,H4908,H5656,H3627,H4372,H4539,H4501,H8476,H7004,H4196,H0905
s19	H0520,H7341	אַמָּה,רֹחַב	H0520,H7341,H4058,H0361,H0352,H0753,H6442,H6921,H2435,H3957,H8561,H2691
s20	H6529,H0779	פְּרִי,אָרַר	H6529,H0779,H4689,H0127,H6693,H4692,H7698,H8045,H3867,H4347,H0504,H4959
s21	H1252,H1513	בֹּר,גֶּחָל	H1252,H1513,H3468,H1607,H4043,H6403,H8549,H1305,H6923,H2620,H4146,H5236
s22	H5769,H2617	עוֹלָם,חֶסֶד	H5769,H2617,H3034,H1984,H1288,H5797,H3519,H1755,H7891,H2167,H5703,H8416
s23	H6025,H5359	עֵנָב,נָקָם	H6025,H5359,H7065,H8080,H7219,H6862,H3707,H3196,H2671,H5036,H3708,H0319
s24	H5061,H5785	נֶגַע,עוֹר	H5061,H5785,H6581,H6883,H3836,H3548,H0934,H2930,H8181,H5462,H2891,H7613
s25	H2891,H3722	טָהֵר,כִּפֶּר	H2891,H3722,H5137,H3233,H2403,H0817,H0931,H2416,H7819,H3526,H0231,H3548
s26	H0520,H6823	אַמָּה,צָפָה	H0520,H6823,H3742,H6763,H2091,H2885,H6086,H0905,H7848,H7341,H0753,H0727
s27	H2930,H5079	טָמֵא,נִדָּה	H2930,H5079,H2931,H6153,H5060,H2932,H2100,H2708,H2101,H3526,H4904,H7901
s28	H3205,H0802	יָלַד,אִשָּׁה	H3205,H0802,H0251,H2029,H7121,H0269,H4191,H8198,H3206,H4735,H0517,H0428
s29	H1366,H4294	גְּבוּל,מַטֶּה	H1366,H4294,H4940,H5159,H4054,H1486,H6285,H8444,H7626,H0428,H8432,H5157
s30	H5315,H5337	נֶפֶשׁ,נָצַל	H5315,H5337,H0954,H6041,H3467,H0982,H6960,H0034,H5771,H5329,H7451,H6310
s31	H4438,H7093	מַלְכוּת,קֵץ	H4438,H7093,H7227,H0995,H3653,H4581,H3581,H5975,H2377,H6643,H1995,H6256
s32	H0646,H2833	אֵפֹד,חֹשֶׁן	H0646,H2833,H8504,H2905,H0713,H7098,H2885,H2091,H8144,H8438,H4865,H8336
s33	H7563,H6662	רָשָׁע,צַדִּיק	H7563,H6662,H3684,H2450,H1847,H2451,H8193,H0200,H0191,H2896,H3477,H7451
s34	H0216,H2822	אוֹר,חֹשֶׁךְ	H0216,H2822,H3830,H6757,H1817,H5645,H7760,H6605,H7457,H8415,H7768,H7665
s35	H5034,H7931	נָבֵל,שָׁכַן	H5034,H7931,H5331,H1755,H7468,H5116,H0117,H5608,H2874,H7301,H6957,H1878
s36	H4427,H8141	מָלַךְ,שָׁנָה	H4427,H8141,H5612,H3789,H6912,H3499,H1116,H7901,H5030,H4191,H5493,H7451
s37	H0410,H4405	אֵל,מִלָּה	H0410,H4405,H0433,H6030,H0205,H6663,H3198,H7563,H6466,H0376,H7307,H1397
s38	H0113,H5650	אָדוֹן,עֶבֶד	H0113,H5650,H5288,H5046,H5291,H7812,H3381,H8354,H2543,H0398,H7122,H4397
s39	H5221,H4421	נָכָה,מִלְחָמָה	H5221,H4421,H4264,H5127,H3898,H2719,H7393,H7122,H4191,H2583,H7291,H5307
s40	H0212,H4758	אוֹפָן,מַרְאֶה	H0212,H4758,H1823,H3671,H6051,H2416,H7549,H0784,H3742,H6963,H3519,H5051
