# Psalm superscription spans: the MACULA token-key range of each Psalm's title (inclusive; keys sort in text order).
# Hebrew-only: TVTMS versification (CC BY) for titles that are their own Hebrew verse(s); MACULA lowfat clauses (CC BY 4.0) for titles that open
# verse 1; one manual case (Ps 90). No BHSA, UHB or English input. Produced by macula/build_psalm_title_spans.py (see its docstring); reviewed, frozen.
# TVTMS: TVTMS — Translators Versification Traditions, STEPBible-Data (CC BY 4.0) @ 902681f77a4a2975b809555ff3c35ffe3c48a1d5. Psalms without a title (34) have no row. License: CC0 (facts), WLC text public domain.
chapter	hebrew_verses	evidence	first_key	last_key	words	hebrew
3	1	tvtms	190030010011	190030010062	6	מִזְמ֥וֹר לְ דָוִ֑ד בְּ֝ בָרְח ֗וֹ מִ פְּנֵ֤י ׀ אַבְשָׁל֬וֹם בְּנ ֽוֹ
4	1	tvtms	190040010011	190040010042	4	לַ מְנַצֵּ֥חַ בִּ נְגִינ֗וֹת מִזְמ֥וֹר לְ דָוִֽד
5	1	tvtms	190050010011	190050010052	5	לַ מְנַצֵּ֥חַ אֶֽל־ הַ נְּחִיל֗וֹת מִזְמ֥וֹר לְ דָוִֽד
6	1	tvtms	190060010011	190060010062	6	לַ מְנַצֵּ֣חַ בִּ֭ נְגִינוֹת עַֽל־ הַ שְּׁמִינִ֗ית מִזְמ֥וֹר לְ דָוִֽד
7	1	tvtms	190070010011	190070010101	10	שִׁגָּי֗וֹן לְ דָ֫וִ֥ד אֲשֶׁר־ שָׁ֥ר לַ יהוָ֑ה עַל־ דִּבְרֵי־ כ֝֗וּשׁ בֶּן־ יְמִינִֽי
8	1	tvtms	190080010011	190080010052	5	לַ מְנַצֵּ֥חַ עַֽל־ הַ גִּתִּ֗ית מִזְמ֥וֹר לְ דָוִֽד
9	1	tvtms	190090010011	190090010052	5	לַ֭ מְנַצֵּחַ עַלְמ֥וּת לַבֵּ֗ן מִזְמ֥וֹר לְ דָוִֽד
11	1	macula-clauses	190110010011	190110010022	2	לַ מְנַצֵּ֗חַ לְ דָ֫וִ֥ד
12	1	tvtms	190120010011	190120010052	5	לַ מְנַצֵּ֥חַ עַֽל־ הַ שְּׁמִינִ֗ית מִזְמ֥וֹר לְ דָוִֽד
13	1	tvtms	190130010011	190130010032	3	לַ מְנַצֵּ֗חַ מִזְמ֥וֹר לְ דָוִֽד
14	1	macula-clauses	190140010011	190140010022	2	לַ מְנַצֵּ֗חַ לְ דָ֫וִ֥ד
15	1	macula-clauses	190150010011	190150010022	2	מִזְמ֗וֹר לְ דָ֫וִ֥ד
16	1	macula-clauses	190160010011	190160010022	2	מִכְתָּ֥ם לְ דָוִ֑ד
17	1	macula-clauses	190170010011	190170010022	2	תְּפִלָּ֗ה לְ דָ֫וִ֥ד
18	1	tvtms	190180010011	190180010201	20	לַ מְנַצֵּ֤חַ ׀ לְ עֶ֥בֶד יְהוָ֗ה לְ דָ֫וִ֥ד אֲשֶׁ֤ר דִּבֶּ֨ר ׀ לַ יהוָ֗ה אֶת־ דִּ֭בְרֵי הַ שִּׁירָ֣ה הַ זֹּ֑את בְּ י֤וֹם הִֽצִּיל־ יְהוָ֘ה אוֹת ֥וֹ מִ כַּ֥ף כָּל־ אֹ֝יְבָ֗י ו וּ מִ יַּ֥ד שָׁאֽוּל
19	1	tvtms	190190010011	190190010032	3	לַ מְנַצֵּ֗חַ מִזְמ֥וֹר לְ דָוִֽד
20	1	tvtms	190200010011	190200010032	3	לַ מְנַצֵּ֗חַ מִזְמ֥וֹר לְ דָוִֽד
21	1	tvtms	190210010011	190210010032	3	לַ מְנַצֵּ֗חַ מִזְמ֥וֹר לְ דָוִֽד
22	1	tvtms	190220010011	190220010062	6	לַ֭ מְנַצֵּחַ עַל־ אַיֶּ֥לֶת הַ שַּׁ֗חַר מִזְמ֥וֹר לְ דָוִֽד
23	1	macula-clauses	190230010011	190230010022	2	מִזְמ֥וֹר לְ דָוִ֑ד
24	1	macula-clauses	190240010011	190240010021	2	לְ דָוִ֗ד מִ֫זְמ֥וֹר
25	1	macula-clauses	190250010011	190250010012	1	לְ דָוִ֡ד
26	1	macula-clauses	190260010011	190260010012	1	לְ דָוִ֨ד ׀
27	1	macula-clauses	190270010011	190270010012	1	לְ דָוִ֨ד ׀
28	1	macula-clauses	190280010011	190280010012	1	לְ דָוִ֡ד
29	1	macula-clauses	190290010011	190290010022	2	מִזְמ֗וֹר לְ דָ֫וִ֥ד
30	1	tvtms	190300010011	190300010052	5	מִזְמ֡וֹר שִׁיר־ חֲנֻכַּ֖ת הַ בַּ֣יִת לְ דָוִֽד
31	1	tvtms	190310010011	190310010032	3	לַ מְנַצֵּ֗חַ מִזְמ֥וֹר לְ דָוִֽד
32	1	macula-clauses	190320010011	190320010021	2	לְ דָוִ֗ד מַ֫שְׂכִּ֥יל
34	1	tvtms	190340010011	190340010082	8	לְ דָוִ֗ד בְּ שַׁנּוֹת ֣וֹ אֶת־ טַ֭עְמ וֹ לִ פְנֵ֣י אֲבִימֶ֑לֶךְ וַֽ֝ יְגָרֲשׁ ֵ֗הוּ וַ יֵּלַֽךְ
35	1	macula-clauses	190350010011	190350010012	1	לְ דָוִ֨ד ׀
36	1	tvtms	190360010011	190360010042	4	לַ מְנַצֵּ֬חַ ׀ לְ עֶֽבֶד־ יְהוָ֬ה לְ דָוִֽד
37	1	macula-clauses	190370010011	190370010012	1	לְ דָוִ֨ד ׀
38	1	tvtms	190380010011	190380010032	3	מִזְמ֖וֹר לְ דָוִ֣ד לְ הַזְכִּֽיר
39	1	tvtms	190390010011	190390010052	4	לַ מְנַצֵּ֥חַ לִֽ ידוּת֗וּן מִזְמ֥וֹר לְ דָוִֽד
40	1	tvtms	190400010011	190400010031	3	לַ֝ מְנַצֵּ֗חַ לְ דָוִ֥ד מִזְמֽוֹר
41	1	tvtms	190410010011	190410010032	3	לַ מְנַצֵּ֗חַ מִזְמ֥וֹר לְ דָוִֽד
42	1	tvtms	190420010011	190420010041	4	לַ מְנַצֵּ֗חַ מַשְׂכִּ֥יל לִ בְנֵי־ קֹֽרַח
44	1	tvtms	190440010011	190440010041	4	לַ מְנַצֵּ֬חַ לִ בְנֵי־ קֹ֬רַח מַשְׂכִּֽיל
45	1	tvtms	190450010011	190450010081	8	לַ מְנַצֵּ֣חַ עַל־ שֹׁ֭שַׁנִּים לִ בְנֵי־ קֹ֑רַח מַ֝שְׂכִּ֗יל שִׁ֣יר יְדִידֹֽת
46	1	tvtms	190460010011	190460010061	6	לַ מְנַצֵּ֥חַ לִ בְנֵי־ קֹ֑רַח עַֽל־ עֲלָמ֥וֹת שִֽׁיר
47	1	tvtms	190470010011	190470010041	4	לַ מְנַצֵּ֬חַ ׀ לִ בְנֵי־ קֹ֬רַח מִזְמֽוֹר
48	1	tvtms	190480010011	190480010041	4	שִׁ֥יר מִ֝זְמוֹר לִ בְנֵי־ קֹֽרַח
49	1	tvtms	190490010011	190490010041	4	לַ מְנַצֵּ֬חַ ׀ לִ בְנֵי־ קֹ֬רַח מִזְמֽוֹר
50	1	macula-clauses	190500010011	190500010022	2	מִזְמ֗וֹר לְ אָ֫סָ֥ף
51	1+2	tvtms	190510010011	190510020091	12	לַ מְנַצֵּ֗חַ מִזְמ֥וֹר לְ דָוִֽד בְּֽ בוֹא־ אֵ֭לָי ו נָתָ֣ן הַ נָּבִ֑יא כַּֽ אֲשֶׁר־ בָּ֝֗א אֶל־ בַּת־שָֽׁבַע בַּת־שָֽׁבַע
52	1+2	tvtms	190520010011	190520020121	15	לַ מְנַצֵּ֗חַ מַשְׂכִּ֥יל לְ דָוִֽד בְּ ב֤וֹא ׀ דּוֹאֵ֣ג הָ אֲדֹמִי֮ וַ יַּגֵּ֪ד לְ שָׁ֫א֥וּל וַ יֹּ֥אמֶר ל ֑וֹ בָּ֥א דָ֝וִ֗ד אֶל־ בֵּ֥ית אֲחִימֶֽלֶךְ
53	1	tvtms	190530010011	190530010052	5	לַ מְנַצֵּ֥חַ עַֽל־ מָחֲלַ֗ת מַשְׂכִּ֥יל לְ דָוִֽד
54	1+2	tvtms	190540010011	190540020082	12	לַ מְנַצֵּ֥חַ בִּ נְגִינֹ֗ת מַשְׂכִּ֥יל לְ דָוִֽד בְּ ב֣וֹא הַ֭ זִּיפִים וַ יֹּאמְר֣וּ לְ שָׁא֑וּל הֲ לֹ֥א דָ֝וִ֗ד מִסְתַּתֵּ֥ר עִמּ ָֽנוּ
55	1	tvtms	190550010011	190550010042	4	לַ מְנַצֵּ֥חַ בִּ נְגִינֹ֗ת מַשְׂכִּ֥יל לְ דָוִֽד
56	1	tvtms	190560010011	190560010112	11	לַ מְנַצֵּ֤חַ ׀ עַל־ י֬וֹנַת אֵ֣לֶם רְ֭חֹקִים לְ דָוִ֣ד מִכְתָּ֑ם בֶּֽ אֱחֹ֨ז אֹת ֖וֹ פְלִשְׁתִּ֣ים בְּ גַֽת
57	1	tvtms	190570010011	190570010092	9	לַ מְנַצֵּ֣חַ אַל־ תַּ֭שְׁחֵת לְ דָוִ֣ד מִכְתָּ֑ם בְּ בָרְח ֥וֹ מִ פְּנֵי־ שָׁ֝א֗וּל בַּ מְּעָרָֽה
58	1	tvtms	190580010011	190580010051	5	לַ מְנַצֵּ֥חַ אַל־ תַּשְׁחֵ֗ת לְ דָוִ֥ד מִכְתָּֽם
59	1	tvtms	190590010011	190590010113	11	לַ מְנַצֵּ֣חַ אַל־ תַּשְׁחֵת֮ לְ דָוִ֪ד מִ֫כְתָּ֥ם בִּ שְׁלֹ֥חַ שָׁא֑וּל וַֽ יִּשְׁמְר֥וּ אֶת־ הַ֝ בַּ֗יִת לַ הֲמִית ֽוֹ
60	1+2	tvtms	190600010011	190600020171	24	לַ֭ מְנַצֵּחַ עַל־ שׁוּשַׁ֣ן עֵד֑וּת מִכְתָּ֖ם לְ דָוִ֣ד לְ לַמֵּֽד בְּ הַצּוֹת ֨וֹ ׀ אֶ֥ת אֲרַ֣מ נַהֲרַיִם֮ אֲרַ֣מ נַהֲרַיִם֮ וְ אֶת־ אֲרַ֪מ צ֫וֹבָ֥ה אֲרַ֪מ צ֫וֹבָ֥ה וַ יָּ֤שָׁב יוֹאָ֗ב וַ יַּ֣ךְ אֶת־ אֱד֣וֹם בְּ גֵיא־מֶ֑לַח גֵיא־מֶ֑לַח שְׁנֵ֖ים עָשָׂ֣ר אָֽלֶף
61	1	tvtms	190610010011	190610010042	4	לַ מְנַצֵּ֬חַ ׀ עַֽל־ נְגִינַ֬ת לְ דָוִֽד
62	1	tvtms	190620010011	190620010052	5	לַ מְנַצֵּ֥חַ עַֽל־ יְדוּת֗וּן מִזְמ֥וֹר לְ דָוִֽד
63	1	tvtms	190630010011	190630010051	5	מִזְמ֥וֹר לְ דָוִ֑ד בִּ֝ הְיוֹת ֗וֹ בְּ מִדְבַּ֥ר יְהוּדָֽה
64	1	tvtms	190640010011	190640010032	3	לַ מְנַצֵּ֗חַ מִזְמ֥וֹר לְ דָוִֽד
65	1	tvtms	190650010011	190650010041	4	לַ מְנַצֵּ֥חַ מִזְמ֗וֹר לְ דָוִ֥ד שִֽׁיר
66	1	macula-clauses	190660010011	190660010031	3	לַ֭ מְנַצֵּחַ שִׁ֣יר מִזְמ֑וֹר
67	1	tvtms	190670010011	190670010041	4	לַ מְנַצֵּ֥ח בִּ נְגִינֹ֗ת מִזְמ֥וֹר שִֽׁיר
68	1	tvtms	190680010011	190680010041	4	לַ מְנַצֵּ֥חַ לְ דָוִ֗ד מִזְמ֥וֹר שִֽׁיר
69	1	tvtms	190690010011	190690010042	4	לַ מְנַצֵּ֬חַ עַֽל־ שׁוֹשַׁנִּ֬ים לְ דָוִֽד
70	1	tvtms	190700010011	190700010032	3	לַ֝ מְנַצֵּ֗חַ לְ דָוִ֥ד לְ הַזְכִּֽיר
72	1	macula-clauses	190720010011	190720010012	1	לִ שְׁלֹמֹ֨ה ׀
73	1	macula-clauses	190730010011	190730010022	2	מִזְמ֗וֹר לְ אָ֫סָ֥ף
74	1	macula-clauses	190740010011	190740010022	2	מַשְׂכִּ֗יל לְ אָ֫סָ֥ף
75	1	tvtms	190750010011	190750010061	6	לַ מְנַצֵּ֥חַ אַל־ תַּשְׁחֵ֑ת מִזְמ֖וֹר לְ אָסָ֣ף שִֽׁיר
76	1	tvtms	190760010011	190760010051	5	לַ מְנַצֵּ֥חַ בִּ נְגִינֹ֑ת מִזְמ֖וֹר לְ אָסָ֣ף שִֽׁיר
77	1	tvtms	190770010011	190770010061	5	לַ מְנַצֵּ֥חַ עַֽל־ יְדוּת֗וּן לְ אָסָ֥ף מִזְמֽוֹר
78	1	macula-clauses	190780010011	190780010022	2	מַשְׂכִּ֗יל לְ אָ֫סָ֥ף
79	1	macula-clauses	190790010011	190790010022	2	מִזְמ֗וֹר לְ אָ֫סָ֥ף
80	1	tvtms	190800010011	190800010061	6	לַ מְנַצֵּ֥חַ אֶל־ שֹׁשַׁנִּ֑ים עֵד֖וּת לְ אָסָ֣ף מִזְמֽוֹר
81	1	tvtms	190810010011	190810010042	4	לַ מְנַצֵּ֬חַ ׀ עַֽל־ הַ גִּתִּ֬ית לְ אָסָֽף
82	1	macula-clauses	190820010011	190820010022	2	מִזְמ֗וֹר לְ אָ֫סָ֥ף
83	1	tvtms	190830010011	190830010032	3	שִׁ֖יר מִזְמ֣וֹר לְ אָסָֽף
84	1	tvtms	190840010011	190840010061	6	לַ מְנַצֵּ֥חַ עַֽל־ הַ גִּתִּ֑ית לִ בְנֵי־ קֹ֥רַח מִזְמֽוֹר
85	1	tvtms	190850010011	190850010041	4	לַ מְנַצֵּ֬חַ ׀ לִ בְנֵי־ קֹ֬רַח מִזְמֽוֹר
86	1	macula-clauses	190860010011	190860010022	2	תְּפִלָּ֗ה לְ דָ֫וִ֥ד
87	1	macula-clauses	190870010011	190870010041	4	לִ בְנֵי־ קֹ֭רַח מִזְמ֣וֹר שִׁ֑יר
88	1	tvtms	190880010011	190880010112	11	שִׁ֥יר מִזְמ֗וֹר לִ בְנֵ֫י קֹ֥רַח לַ מְנַצֵּ֣חַ עַל־ מָחֲלַ֣ת לְ עַנּ֑וֹת מַ֝שְׂכִּ֗יל לְ הֵימָ֥ן הָ אֶזְרָחִֽי
89	1	tvtms	190890010011	190890010032	3	מַ֝שְׂכִּ֗יל לְ אֵיתָ֥ן הָֽ אֶזְרָחִֽי
90	1	manual	190900010011	190900010042	4	תְּפִלָּה֮ לְ מֹשֶׁ֪ה אִֽישׁ־ הָ אֱלֹ֫הִ֥ים
92	1	tvtms	190920010011	190920010042	4	מִזְמ֥וֹר שִׁ֗יר לְ י֣וֹם הַ שַּׁבָּֽת
98	1	macula-clauses	190980010011	190980010011	1	מִזְמ֡וֹר
100	1	macula-clauses	191000010011	191000010022	2	מִזְמ֥וֹר לְ תוֹדָ֑ה
101	1	macula-clauses	191010010011	191010010021	2	לְ דָוִ֗ד מִ֫זְמ֥וֹר
102	1	tvtms	191020010011	191020010082	8	תְּ֭פִלָּה לְ עָנִ֣י כִֽי־ יַעֲטֹ֑ף וְ לִ פְנֵ֥י יְ֝הוָ֗ה יִשְׁפֹּ֥ךְ שִׂיח ֽוֹ
103	1	macula-clauses	191030010011	191030010012	1	לְ דָוִ֨ד ׀
108	1	tvtms	191080010011	191080010032	3	שִׁ֖יר מִזְמ֣וֹר לְ דָוִֽד
109	1	macula-clauses	191090010011	191090010031	3	לַ֭ מְנַצֵּחַ לְ דָוִ֣ד מִזְמ֑וֹר
110	1	macula-clauses	191100010011	191100010021	2	לְ דָוִ֗ד מִ֫זְמ֥וֹר
120	1	macula-clauses	191200010011	191200010022	2	שִׁ֗יר הַֽ מַּ֫עֲל֥וֹת
121	1	macula-clauses	191210010011	191210010022	2	שִׁ֗יר לַֽ מַּ֫עֲל֥וֹת
122	1	macula-clauses	191220010011	191220010032	3	שִׁ֥יר הַֽ מַּעֲל֗וֹת לְ דָ֫וִ֥ד
123	1	macula-clauses	191230010011	191230010022	2	שִׁ֗יר הַֽ מַּ֫עֲל֥וֹת
124	1	macula-clauses	191240010011	191240010032	3	שִׁ֥יר הַֽ מַּעֲל֗וֹת לְ דָ֫וִ֥ד
125	1	macula-clauses	191250010011	191250010022	2	שִׁ֗יר הַֽ מַּ֫עֲל֥וֹת
126	1	macula-clauses	191260010011	191260010022	2	שִׁ֗יר הַֽ מַּ֫עֲל֥וֹת
127	1	macula-clauses	191270010011	191270010032	3	שִׁ֥יר הַֽ מַּֽעֲל֗וֹת לִ שְׁלֹ֫מֹ֥ה
128	1	macula-clauses	191280010011	191280010022	2	שִׁ֗יר הַֽ מַּ֫עֲל֥וֹת
129	1	macula-clauses	191290010011	191290010022	2	שִׁ֗יר הַֽ מַּ֫עֲל֥וֹת
130	1	macula-clauses	191300010011	191300010022	2	שִׁ֥יר הַֽ מַּעֲל֑וֹת
131	1	macula-clauses	191310010011	191310010032	3	שִׁ֥יר הַֽ מַּֽעֲל֗וֹת לְ דָ֫וִ֥ד
132	1	macula-clauses	191320010011	191320010022	2	שִׁ֗יר הַֽ מַּ֫עֲל֥וֹת
133	1	macula-clauses	191330010011	191330010032	3	שִׁ֥יר הַֽ מַּעֲל֗וֹת לְ דָ֫וִ֥ד
134	1	macula-clauses	191340010011	191340010022	2	שִׁ֗יר הַֽ מַּ֫עֲל֥וֹת
138	1	macula-clauses	191380010011	191380010012	1	לְ דָוִ֨ד ׀
139	1	macula-clauses	191390010011	191390010031	3	לַ֭ מְנַצֵּחַ לְ דָוִ֣ד מִזְמ֑וֹר
140	1	tvtms	191400010011	191400010032	3	לַ מְנַצֵּ֗חַ מִזְמ֥וֹר לְ דָוִֽד
141	1	macula-clauses	191410010011	191410010022	2	מִזְמ֗וֹר לְ דָ֫וִ֥ד
142	1	tvtms	191420010011	191420010051	5	מַשְׂכִּ֥יל לְ דָוִ֑ד בִּ הְיוֹת ֖וֹ בַ מְּעָרָ֣ה תְפִלָּֽה
143	1	macula-clauses	191430010011	191430010022	2	מִזְמ֗וֹר לְ דָ֫וִ֥ד
144	1	macula-clauses	191440010011	191440010012	1	לְ דָוִ֨ד ׀
145	1	macula-clauses	191450010011	191450010022	2	תְּהִלָּ֗ה לְ דָ֫וִ֥ד
