# Leningrad Codex paragraph marks (petucha = open, setuma = closed), each closing the paragraph
# after book chapter:verse. Source: Open Scriptures Hebrew Bible wlc/ (CC BY 4.0).
# Built by shoresh/macula/build_parashot.py.
book	chapter	verse	mark
GEN	1	5	petucha
GEN	1	8	petucha
GEN	1	13	petucha
GEN	1	19	petucha
GEN	1	23	petucha
GEN	1	31	petucha
GEN	2	3	petucha
GEN	3	15	setuma
GEN	3	16	setuma
GEN	3	21	petucha
GEN	3	24	setuma
GEN	4	26	petucha
GEN	5	2	setuma
GEN	5	5	setuma
GEN	5	8	setuma
GEN	5	11	setuma
GEN	5	14	setuma
GEN	5	17	setuma
GEN	5	20	petucha
GEN	5	24	petucha
GEN	5	27	petucha
GEN	5	31	setuma
GEN	6	4	petucha
GEN	6	8	petucha
GEN	6	12	setuma
GEN	6	22	setuma
GEN	8	14	setuma
GEN	9	7	setuma
GEN	9	17	petucha
GEN	9	29	petucha
GEN	10	14	setuma
GEN	10	20	setuma
GEN	10	32	petucha
GEN	11	9	petucha
GEN	11	11	setuma
GEN	11	13	setuma
GEN	11	15	setuma
GEN	11	17	setuma
GEN	11	19	setuma
GEN	11	21	setuma
GEN	11	23	setuma
GEN	11	25	setuma
GEN	11	32	setuma
GEN	12	9	petucha
GEN	13	18	petucha
GEN	14	24	setuma
GEN	15	21	setuma
GEN	16	16	setuma
GEN	17	14	setuma
GEN	17	27	petucha
GEN	19	38	setuma
GEN	20	18	setuma
GEN	21	21	petucha
GEN	21	34	petucha
GEN	22	19	petucha
GEN	22	24	setuma
GEN	23	20	setuma
GEN	24	67	petucha
GEN	25	11	setuma
GEN	25	18	petucha
GEN	25	34	setuma
GEN	26	33	setuma
GEN	26	35	setuma
GEN	28	9	setuma
GEN	32	3	petucha
GEN	33	17	setuma
GEN	33	20	setuma
GEN	34	31	petucha
GEN	35	8	petucha
GEN	35	22	petucha
GEN	35	29	petucha
GEN	36	19	setuma
GEN	36	30	petucha
GEN	36	43	petucha
GEN	37	36	petucha
GEN	38	30	setuma
GEN	39	23	setuma
GEN	40	23	petucha
GEN	44	17	petucha
GEN	46	7	setuma
GEN	46	27	petucha
GEN	47	31	petucha
GEN	48	22	petucha
GEN	49	4	petucha
GEN	49	7	setuma
GEN	49	12	petucha
GEN	49	13	setuma
GEN	49	15	setuma
GEN	49	19	setuma
GEN	49	20	setuma
GEN	49	21	setuma
GEN	49	26	petucha
EXO	1	7	petucha
EXO	1	22	setuma
EXO	2	22	petucha
EXO	2	25	setuma
EXO	4	17	petucha
EXO	4	26	petucha
EXO	6	1	setuma
EXO	6	9	petucha
EXO	6	12	petucha
EXO	6	13	setuma
EXO	6	28	petucha
EXO	6	30	petucha
EXO	7	7	petucha
EXO	7	13	petucha
EXO	7	18	setuma
EXO	7	25	petucha
EXO	8	11	setuma
EXO	8	15	setuma
EXO	8	28	petucha
EXO	9	7	petucha
EXO	9	12	setuma
EXO	9	21	petucha
EXO	9	35	petucha
EXO	10	11	petucha
EXO	10	20	petucha
EXO	10	29	petucha
EXO	11	3	setuma
EXO	11	8	setuma
EXO	11	10	petucha
EXO	12	20	petucha
EXO	12	28	setuma
EXO	12	36	petucha
EXO	12	42	petucha
EXO	12	50	setuma
EXO	12	51	petucha
EXO	13	10	setuma
EXO	13	16	setuma
EXO	13	22	petucha
EXO	14	14	petucha
EXO	14	25	petucha
EXO	14	31	petucha
EXO	15	19	petucha
EXO	15	21	setuma
EXO	15	26	setuma
EXO	16	3	setuma
EXO	16	5	setuma
EXO	16	10	petucha
EXO	16	27	setuma
EXO	16	36	petucha
EXO	17	7	petucha
EXO	17	13	petucha
EXO	17	16	petucha
EXO	18	27	petucha
EXO	19	25	setuma
EXO	20	1	setuma
EXO	20	6	setuma
EXO	20	7	petucha
EXO	20	11	setuma
EXO	20	12	setuma
EXO	20	13	setuma
EXO	20	14	setuma
EXO	20	15	setuma
EXO	20	16	setuma
EXO	20	17	petucha
EXO	20	21	petucha
EXO	20	26	petucha
EXO	21	6	setuma
EXO	21	11	setuma
EXO	21	13	setuma
EXO	21	14	setuma
EXO	21	16	setuma
EXO	21	17	setuma
EXO	21	19	setuma
EXO	21	21	setuma
EXO	21	25	setuma
EXO	21	26	setuma
EXO	21	27	petucha
EXO	21	32	setuma
EXO	21	34	setuma
EXO	21	36	setuma
EXO	22	3	setuma
EXO	22	4	setuma
EXO	22	5	setuma
EXO	22	8	setuma
EXO	22	12	petucha
EXO	22	14	setuma
EXO	22	16	setuma
EXO	22	17	setuma
EXO	22	18	setuma
EXO	22	23	petucha
EXO	22	26	setuma
EXO	22	30	setuma
EXO	23	1	setuma
EXO	23	3	setuma
EXO	23	4	setuma
EXO	23	5	setuma
EXO	23	19	setuma
EXO	23	33	petucha
EXO	24	11	setuma
EXO	24	18	petucha
EXO	25	9	setuma
EXO	25	22	petucha
EXO	25	30	petucha
EXO	25	40	setuma
EXO	26	6	petucha
EXO	26	14	petucha
EXO	26	30	setuma
EXO	26	37	setuma
EXO	27	8	setuma
EXO	27	19	setuma
EXO	27	21	setuma
EXO	28	5	petucha
EXO	28	12	setuma
EXO	28	14	setuma
EXO	28	30	setuma
EXO	28	35	setuma
EXO	28	43	setuma
EXO	29	37	setuma
EXO	29	46	petucha
EXO	30	10	petucha
EXO	30	16	petucha
EXO	30	21	petucha
EXO	30	33	setuma
EXO	30	38	setuma
EXO	31	11	petucha
EXO	31	17	setuma
EXO	32	6	petucha
EXO	32	14	petucha
EXO	32	35	setuma
EXO	33	11	setuma
EXO	33	16	petucha
EXO	33	23	setuma
EXO	34	26	petucha
EXO	34	35	setuma
EXO	35	3	petucha
EXO	35	29	petucha
EXO	36	7	setuma
EXO	36	13	setuma
EXO	36	19	setuma
EXO	36	38	petucha
EXO	37	9	petucha
EXO	37	16	petucha
EXO	37	24	petucha
EXO	37	29	petucha
EXO	38	7	setuma
EXO	38	8	setuma
EXO	38	20	setuma
EXO	38	23	setuma
EXO	39	1	petucha
EXO	39	7	petucha
EXO	39	26	setuma
EXO	39	29	setuma
EXO	39	31	setuma
EXO	39	32	petucha
EXO	39	43	petucha
EXO	40	16	setuma
EXO	40	19	setuma
EXO	40	21	setuma
EXO	40	23	setuma
EXO	40	25	setuma
EXO	40	27	petucha
EXO	40	29	setuma
EXO	40	32	setuma
EXO	40	33	petucha
LEV	1	9	setuma
LEV	1	13	petucha
LEV	1	17	setuma
LEV	2	3	setuma
LEV	2	4	setuma
LEV	2	6	setuma
LEV	2	13	setuma
LEV	2	16	petucha
LEV	3	5	petucha
LEV	3	11	petucha
LEV	3	17	petucha
LEV	4	12	petucha
LEV	4	21	petucha
LEV	4	26	petucha
LEV	4	31	petucha
LEV	4	35	petucha
LEV	5	10	setuma
LEV	5	13	setuma
LEV	5	16	petucha
LEV	5	19	petucha
LEV	5	26	petucha
LEV	6	6	setuma
LEV	6	11	petucha
LEV	6	16	petucha
LEV	6	23	petucha
LEV	7	10	petucha
LEV	7	21	petucha
LEV	7	27	petucha
LEV	7	38	petucha
LEV	8	36	setuma
LEV	10	7	petucha
LEV	10	11	petucha
LEV	10	20	petucha
LEV	11	20	setuma
LEV	11	28	setuma
LEV	11	38	setuma
LEV	11	47	petucha
LEV	12	8	petucha
LEV	13	8	petucha
LEV	13	17	petucha
LEV	13	23	setuma
LEV	13	28	petucha
LEV	13	37	setuma
LEV	13	39	setuma
LEV	13	46	setuma
LEV	13	59	petucha
LEV	14	20	setuma
LEV	14	32	petucha
LEV	14	57	setuma
LEV	15	15	setuma
LEV	15	17	petucha
LEV	15	24	petucha
LEV	15	33	petucha
LEV	16	34	petucha
LEV	17	12	setuma
LEV	17	16	petucha
LEV	18	5	setuma
LEV	18	6	setuma
LEV	18	7	setuma
LEV	18	8	setuma
LEV	18	9	setuma
LEV	18	10	setuma
LEV	18	11	setuma
LEV	18	12	setuma
LEV	18	13	setuma
LEV	18	14	setuma
LEV	18	15	setuma
LEV	18	16	setuma
LEV	18	30	petucha
LEV	19	19	petucha
LEV	19	22	petucha
LEV	19	32	petucha
LEV	19	37	petucha
LEV	20	27	petucha
LEV	21	9	setuma
LEV	21	15	petucha
LEV	21	24	petucha
LEV	22	13	setuma
LEV	22	16	petucha
LEV	22	25	petucha
LEV	22	33	petucha
LEV	23	3	petucha
LEV	23	8	petucha
LEV	23	14	setuma
LEV	23	22	setuma
LEV	23	25	setuma
LEV	23	32	petucha
LEV	23	44	petucha
LEV	24	4	petucha
LEV	24	9	setuma
LEV	24	12	petucha
LEV	24	23	petucha
LEV	25	7	setuma
LEV	25	24	setuma
LEV	25	34	setuma
LEV	25	38	setuma
LEV	25	46	setuma
LEV	26	2	setuma
LEV	26	13	petucha
LEV	26	17	setuma
LEV	26	26	setuma
LEV	26	46	petucha
LEV	27	8	setuma
LEV	27	25	setuma
NUM	1	19	petucha
NUM	1	21	petucha
NUM	1	23	petucha
NUM	1	25	petucha
NUM	1	27	petucha
NUM	1	29	petucha
NUM	1	31	petucha
NUM	1	33	petucha
NUM	1	35	petucha
NUM	1	37	petucha
NUM	1	39	petucha
NUM	1	41	petucha
NUM	1	43	petucha
NUM	1	47	petucha
NUM	1	54	petucha
NUM	2	6	setuma
NUM	2	9	setuma
NUM	2	16	setuma
NUM	2	17	setuma
NUM	2	24	setuma
NUM	2	31	petucha
NUM	3	4	petucha
NUM	3	10	petucha
NUM	3	13	setuma
NUM	3	39	setuma
NUM	3	43	petucha
NUM	3	51	petucha
NUM	4	16	setuma
NUM	4	20	petucha
NUM	4	28	petucha
NUM	4	37	setuma
NUM	4	49	petucha
NUM	5	4	petucha
NUM	5	10	petucha
NUM	5	31	petucha
NUM	6	21	petucha
NUM	6	23	setuma
NUM	6	24	setuma
NUM	6	25	setuma
NUM	6	26	setuma
NUM	6	27	petucha
NUM	7	11	setuma
NUM	7	17	petucha
NUM	7	23	petucha
NUM	7	29	petucha
NUM	7	35	petucha
NUM	7	41	petucha
NUM	7	47	petucha
NUM	7	53	petucha
NUM	7	59	petucha
NUM	7	65	petucha
NUM	7	71	petucha
NUM	7	77	petucha
NUM	7	83	petucha
NUM	7	89	petucha
NUM	8	4	petucha
NUM	8	22	setuma
NUM	8	26	petucha
NUM	9	8	petucha
NUM	9	14	petucha
NUM	9	23	petucha
NUM	10	10	petucha
NUM	10	17	setuma
NUM	10	21	setuma
NUM	10	24	setuma
NUM	10	28	setuma
NUM	10	34	setuma
NUM	10	36	setuma
NUM	11	15	petucha
NUM	11	22	petucha
NUM	11	35	petucha
NUM	12	3	setuma
NUM	12	13	petucha
NUM	12	16	petucha
NUM	14	10	petucha
NUM	14	25	petucha
NUM	14	45	petucha
NUM	15	16	petucha
NUM	15	21	setuma
NUM	15	26	setuma
NUM	15	31	petucha
NUM	15	34	setuma
NUM	15	36	petucha
NUM	15	41	petucha
NUM	16	19	petucha
NUM	16	22	petucha
NUM	16	35	petucha
NUM	17	8	petucha
NUM	17	15	petucha
NUM	17	24	setuma
NUM	17	26	setuma
NUM	17	28	setuma
NUM	18	7	setuma
NUM	18	20	setuma
NUM	18	24	petucha
NUM	18	32	petucha
NUM	19	22	petucha
NUM	20	6	petucha
NUM	20	11	setuma
NUM	20	13	setuma
NUM	20	21	petucha
NUM	20	29	setuma
NUM	21	3	petucha
NUM	21	16	setuma
NUM	21	20	petucha
NUM	22	1	setuma
NUM	24	25	petucha
NUM	25	9	petucha
NUM	25	15	petucha
NUM	25	19	petucha
NUM	26	11	setuma
NUM	26	14	setuma
NUM	26	18	setuma
NUM	26	22	setuma
NUM	26	25	setuma
NUM	26	27	setuma
NUM	26	34	setuma
NUM	26	37	setuma
NUM	26	41	setuma
NUM	26	43	setuma
NUM	26	47	setuma
NUM	26	51	petucha
NUM	26	56	setuma
NUM	26	65	setuma
NUM	27	5	setuma
NUM	27	11	setuma
NUM	27	14	petucha
NUM	27	23	petucha
NUM	28	8	petucha
NUM	28	10	setuma
NUM	28	15	setuma
NUM	28	25	setuma
NUM	28	31	petucha
NUM	29	6	setuma
NUM	29	11	petucha
NUM	29	16	setuma
NUM	29	19	setuma
NUM	29	22	setuma
NUM	29	25	setuma
NUM	29	28	setuma
NUM	29	31	petucha
NUM	29	34	petucha
NUM	30	1	petucha
NUM	30	17	petucha
NUM	31	12	setuma
NUM	31	20	setuma
NUM	31	24	petucha
NUM	31	54	petucha
NUM	32	4	setuma
NUM	32	15	setuma
NUM	32	19	petucha
NUM	32	42	petucha
NUM	33	39	setuma
NUM	33	49	setuma
NUM	33	56	petucha
NUM	34	15	petucha
NUM	34	29	petucha
NUM	35	8	petucha
NUM	35	34	petucha
DEU	2	1	setuma
DEU	2	8	setuma
DEU	2	16	setuma
DEU	2	30	setuma
DEU	3	22	setuma
DEU	3	29	petucha
DEU	4	24	petucha
DEU	4	40	petucha
DEU	4	49	petucha
DEU	5	5	setuma
DEU	5	10	setuma
DEU	5	11	setuma
DEU	5	15	setuma
DEU	5	16	setuma
DEU	5	17	setuma
DEU	5	18	setuma
DEU	5	19	setuma
DEU	5	20	setuma
DEU	5	21	setuma
DEU	5	21	setuma
DEU	6	3	petucha
DEU	6	9	setuma
DEU	6	15	setuma
DEU	6	19	setuma
DEU	6	25	setuma
DEU	7	6	setuma
DEU	7	11	petucha
DEU	7	16	setuma
DEU	7	26	petucha
DEU	8	18	petucha
DEU	8	20	petucha
DEU	9	29	petucha
DEU	10	11	petucha
DEU	11	9	setuma
DEU	11	12	setuma
DEU	11	21	setuma
DEU	11	25	setuma
DEU	11	28	setuma
DEU	12	19	setuma
DEU	12	28	setuma
DEU	13	1	petucha
DEU	13	12	setuma
DEU	13	19	setuma
DEU	14	2	setuma
DEU	14	8	setuma
DEU	14	10	setuma
DEU	14	21	petucha
DEU	14	27	setuma
DEU	14	29	setuma
DEU	15	6	setuma
DEU	15	11	setuma
DEU	15	18	petucha
DEU	15	23	petucha
DEU	16	8	setuma
DEU	16	12	petucha
DEU	16	17	setuma
DEU	16	20	setuma
DEU	16	21	setuma
DEU	16	22	setuma
DEU	17	1	setuma
DEU	17	7	petucha
DEU	17	13	setuma
DEU	17	20	setuma
DEU	18	2	setuma
DEU	18	5	setuma
DEU	18	8	setuma
DEU	18	13	setuma
DEU	18	22	setuma
DEU	19	7	setuma
DEU	19	10	setuma
DEU	19	13	setuma
DEU	19	14	setuma
DEU	19	21	setuma
DEU	20	9	setuma
DEU	20	18	setuma
DEU	20	20	petucha
DEU	21	9	setuma
DEU	21	14	setuma
DEU	21	17	setuma
DEU	21	21	setuma
DEU	21	23	setuma
DEU	22	3	setuma
DEU	22	4	setuma
DEU	22	5	petucha
DEU	22	7	setuma
DEU	22	8	setuma
DEU	22	9	setuma
DEU	22	10	setuma
DEU	22	11	setuma
DEU	22	12	setuma
DEU	22	19	setuma
DEU	22	21	setuma
DEU	22	22	setuma
DEU	22	24	setuma
DEU	22	27	setuma
DEU	22	29	setuma
DEU	23	1	setuma
DEU	23	2	setuma
DEU	23	3	setuma
DEU	23	7	setuma
DEU	23	8	setuma
DEU	23	9	setuma
DEU	23	15	setuma
DEU	23	17	setuma
DEU	23	21	setuma
DEU	23	24	setuma
DEU	23	25	setuma
DEU	23	26	setuma
DEU	24	4	setuma
DEU	24	5	setuma
DEU	24	6	setuma
DEU	24	8	setuma
DEU	24	9	setuma
DEU	24	13	setuma
DEU	24	15	setuma
DEU	24	16	setuma
DEU	24	18	setuma
DEU	24	20	setuma
DEU	24	22	setuma
DEU	25	3	setuma
DEU	25	4	setuma
DEU	25	10	setuma
DEU	25	12	setuma
DEU	25	13	setuma
DEU	25	16	petucha
DEU	25	19	petucha
DEU	26	11	setuma
DEU	26	15	setuma
DEU	26	19	setuma
DEU	27	8	setuma
DEU	27	10	setuma
DEU	27	14	setuma
DEU	27	15	setuma
DEU	27	16	setuma
DEU	27	17	setuma
DEU	27	18	setuma
DEU	27	19	setuma
DEU	27	20	setuma
DEU	27	21	setuma
DEU	27	22	setuma
DEU	27	23	setuma
DEU	27	24	setuma
DEU	27	25	setuma
DEU	27	26	petucha
DEU	28	14	setuma
DEU	28	68	setuma
DEU	28	69	petucha
DEU	29	8	petucha
DEU	29	28	setuma
DEU	30	10	petucha
DEU	30	14	setuma
DEU	30	20	petucha
DEU	31	6	petucha
DEU	31	13	petucha
DEU	31	15	setuma
DEU	31	30	petucha
DEU	32	43	petucha
DEU	32	47	petucha
DEU	32	52	petucha
DEU	33	6	setuma
DEU	33	7	setuma
DEU	33	11	setuma
DEU	33	12	setuma
DEU	33	17	setuma
DEU	33	19	setuma
DEU	33	21	setuma
DEU	33	23	setuma
DEU	33	29	setuma
JOS	1	9	petucha
JOS	1	11	setuma
JOS	1	18	petucha
JOS	2	24	setuma
JOS	3	4	setuma
JOS	3	6	setuma
JOS	3	8	petucha
JOS	4	1	petucha
JOS	4	3	setuma
JOS	4	13	setuma
JOS	4	14	petucha
JOS	4	24	setuma
JOS	5	1	setuma
JOS	5	8	petucha
JOS	5	12	setuma
JOS	6	1	setuma
JOS	6	11	petucha
JOS	6	25	petucha
JOS	7	9	setuma
JOS	7	26	petucha
JOS	8	17	petucha
JOS	8	29	petucha
JOS	8	35	petucha
JOS	9	2	petucha
JOS	9	27	petucha
JOS	10	7	petucha
JOS	10	11	setuma
JOS	10	14	petucha
JOS	10	27	petucha
JOS	10	30	setuma
JOS	10	32	petucha
JOS	10	35	petucha
JOS	10	37	setuma
JOS	10	43	petucha
JOS	11	5	petucha
JOS	11	9	setuma
JOS	11	20	setuma
JOS	11	23	petucha
JOS	12	6	setuma
JOS	12	8	petucha
JOS	12	24	petucha
JOS	13	14	setuma
JOS	13	23	petucha
JOS	13	32	setuma
JOS	14	5	petucha
JOS	14	15	petucha
JOS	15	19	petucha
JOS	15	32	setuma
JOS	15	41	setuma
JOS	15	47	setuma
JOS	15	54	setuma
JOS	15	60	setuma
JOS	15	63	petucha
JOS	16	10	petucha
JOS	17	13	setuma
JOS	17	18	petucha
JOS	18	10	petucha
JOS	18	28	petucha
JOS	19	9	petucha
JOS	19	16	petucha
JOS	19	23	petucha
JOS	19	31	petucha
JOS	19	39	petucha
JOS	19	48	petucha
JOS	19	51	petucha
JOS	20	9	petucha
JOS	21	4	setuma
JOS	21	5	setuma
JOS	21	6	setuma
JOS	21	8	petucha
JOS	21	12	setuma
JOS	21	16	petucha
JOS	21	19	setuma
JOS	21	22	setuma
JOS	21	24	setuma
JOS	21	26	setuma
JOS	21	27	setuma
JOS	21	29	setuma
JOS	21	31	setuma
JOS	21	33	setuma
JOS	21	37	setuma
JOS	21	42	setuma
JOS	21	45	petucha
JOS	22	6	setuma
JOS	22	8	petucha
JOS	22	12	petucha
JOS	22	20	petucha
JOS	22	29	petucha
JOS	22	34	petucha
JOS	23	16	petucha
JOS	24	15	petucha
JOS	24	18	setuma
JOS	24	26	setuma
JOS	24	28	petucha
JDG	1	7	petucha
JDG	1	15	petucha
JDG	1	21	setuma
JDG	1	26	petucha
JDG	1	28	setuma
JDG	1	29	petucha
JDG	1	30	setuma
JDG	1	32	setuma
JDG	1	33	setuma
JDG	1	36	petucha
JDG	2	1	petucha
JDG	2	5	petucha
JDG	2	10	setuma
JDG	2	23	petucha
JDG	3	6	petucha
JDG	3	11	petucha
JDG	3	14	setuma
JDG	3	30	setuma
JDG	3	31	setuma
JDG	4	3	setuma
JDG	4	12	setuma
JDG	4	24	petucha
JDG	5	31	petucha
JDG	6	6	petucha
JDG	6	10	petucha
JDG	6	19	setuma
JDG	6	22	setuma
JDG	6	24	petucha
JDG	6	32	petucha
JDG	6	40	petucha
JDG	7	3	setuma
JDG	7	5	setuma
JDG	7	6	setuma
JDG	7	8	petucha
JDG	7	14	petucha
JDG	7	18	petucha
JDG	8	9	petucha
JDG	8	28	petucha
JDG	8	32	petucha
JDG	8	35	petucha
JDG	9	5	setuma
JDG	9	21	petucha
JDG	9	25	petucha
JDG	9	33	setuma
JDG	9	36	setuma
JDG	9	38	setuma
JDG	9	45	petucha
JDG	9	49	petucha
JDG	9	57	petucha
JDG	10	2	petucha
JDG	10	5	petucha
JDG	10	10	petucha
JDG	10	16	petucha
JDG	10	18	petucha
JDG	11	3	petucha
JDG	11	11	petucha
JDG	11	28	petucha
JDG	11	31	petucha
JDG	11	33	petucha
JDG	11	40	setuma
JDG	12	7	petucha
JDG	12	10	petucha
JDG	12	12	petucha
JDG	12	15	petucha
JDG	13	1	petucha
JDG	13	7	petucha
JDG	13	18	setuma
JDG	13	25	petucha
JDG	14	4	petucha
JDG	14	19	petucha
JDG	15	8	setuma
JDG	15	20	petucha
JDG	16	3	petucha
JDG	16	22	petucha
JDG	16	31	petucha
JDG	17	6	petucha
JDG	18	1	setuma
JDG	18	6	petucha
JDG	18	31	petucha
JDG	19	30	petucha
JDG	20	2	petucha
JDG	20	11	petucha
JDG	20	16	petucha
JDG	20	19	petucha
JDG	20	23	petucha
JDG	20	29	petucha
JDG	20	34	petucha
JDG	20	48	petucha
JDG	21	4	petucha
JDG	21	12	setuma
JDG	21	18	setuma
JDG	21	22	setuma
RUT	4	17	petucha
1SA	1	28	petucha
1SA	2	10	petucha
1SA	2	21	setuma
1SA	2	26	setuma
1SA	2	36	setuma
1SA	3	1	setuma
1SA	3	3	petucha
1SA	3	5	setuma
1SA	3	10	petucha
1SA	3	18	petucha
1SA	3	21	petucha
1SA	4	17	petucha
1SA	4	22	petucha
1SA	5	5	setuma
1SA	5	8	setuma
1SA	6	14	setuma
1SA	6	16	setuma
1SA	6	17	setuma
1SA	6	20	setuma
1SA	7	1	petucha
1SA	7	2	setuma
1SA	7	4	petucha
1SA	7	17	petucha
1SA	8	3	petucha
1SA	8	6	petucha
1SA	8	9	setuma
1SA	8	10	setuma
1SA	8	21	petucha
1SA	8	22	petucha
1SA	9	14	setuma
1SA	9	20	setuma
1SA	9	21	setuma
1SA	9	27	petucha
1SA	10	9	setuma
1SA	10	16	petucha
1SA	10	18	petucha
1SA	10	22	setuma
1SA	10	24	petucha
1SA	10	27	petucha
1SA	11	10	setuma
1SA	11	13	setuma
1SA	11	15	petucha
1SA	12	5	petucha
1SA	12	17	setuma
1SA	12	19	setuma
1SA	12	25	petucha
1SA	13	12	setuma
1SA	13	14	petucha
1SA	13	18	setuma
1SA	13	23	setuma
1SA	14	5	setuma
1SA	14	7	setuma
1SA	14	12	petucha
1SA	14	16	petucha
1SA	14	19	petucha
1SA	14	24	setuma
1SA	14	35	petucha
1SA	14	36	setuma
1SA	14	40	setuma
1SA	14	45	setuma
1SA	14	48	setuma
1SA	14	51	setuma
1SA	14	52	setuma
1SA	15	1	setuma
1SA	15	3	setuma
1SA	15	9	petucha
1SA	15	15	setuma
1SA	15	16	setuma
1SA	15	19	setuma
1SA	15	23	setuma
1SA	15	26	setuma
1SA	15	31	setuma
1SA	15	32	setuma
1SA	15	33	setuma
1SA	15	35	petucha
1SA	16	2	setuma
1SA	16	12	petucha
1SA	16	13	setuma
1SA	16	16	petucha
1SA	16	23	petucha
1SA	17	11	petucha
1SA	17	14	setuma
1SA	17	16	petucha
1SA	17	33	setuma
1SA	17	36	setuma
1SA	17	37	setuma
1SA	17	44	setuma
1SA	17	54	setuma
1SA	17	56	setuma
1SA	18	5	petucha
1SA	18	9	setuma
1SA	18	13	petucha
1SA	18	16	petucha
1SA	18	17	setuma
1SA	18	24	petucha
1SA	18	27	setuma
1SA	18	29	setuma
1SA	18	30	setuma
1SA	19	3	setuma
1SA	19	7	setuma
1SA	19	10	petucha
1SA	19	13	setuma
1SA	19	14	petucha
1SA	19	24	petucha
1SA	20	4	petucha
1SA	20	8	petucha
1SA	20	9	setuma
1SA	20	10	setuma
1SA	20	11	setuma
1SA	20	17	setuma
1SA	20	23	setuma
1SA	20	26	setuma
1SA	20	27	setuma
1SA	20	29	setuma
1SA	20	31	setuma
1SA	20	33	setuma
1SA	20	34	setuma
1SA	20	42	petucha
1SA	21	5	petucha
1SA	21	9	setuma
1SA	21	16	setuma
1SA	22	4	setuma
1SA	22	5	setuma
1SA	22	8	setuma
1SA	22	11	setuma
1SA	22	13	setuma
1SA	22	17	setuma
1SA	23	2	setuma
1SA	23	3	setuma
1SA	23	4	setuma
1SA	23	5	setuma
1SA	23	9	setuma
1SA	23	11	setuma
1SA	23	12	setuma
1SA	23	15	setuma
1SA	23	18	setuma
1SA	24	2	setuma
1SA	24	6	setuma
1SA	24	8	setuma
1SA	24	9	setuma
1SA	24	16	petucha
1SA	24	23	petucha
1SA	25	1	setuma
1SA	25	31	setuma
1SA	25	43	setuma
1SA	26	7	setuma
1SA	26	9	petucha
1SA	26	14	petucha
1SA	26	24	petucha
1SA	26	25	petucha
1SA	27	4	setuma
1SA	27	6	petucha
1SA	27	12	petucha
1SA	28	2	petucha
1SA	28	14	setuma
1SA	28	15	setuma
1SA	28	25	petucha
1SA	29	3	petucha
1SA	29	5	setuma
1SA	29	7	setuma
1SA	29	11	setuma
1SA	30	6	setuma
1SA	30	12	setuma
1SA	30	21	setuma
1SA	30	22	setuma
1SA	30	24	setuma
1SA	30	25	petucha
1SA	30	28	setuma
1SA	30	31	petucha
1SA	31	7	setuma
1SA	31	13	petucha
2SA	1	12	setuma
2SA	1	16	setuma
2SA	1	27	petucha
2SA	2	4	setuma
2SA	2	7	petucha
2SA	2	9	petucha
2SA	2	11	setuma
2SA	3	1	setuma
2SA	3	5	petucha
2SA	3	11	setuma
2SA	3	13	setuma
2SA	3	30	petucha
2SA	3	32	petucha
2SA	3	37	petucha
2SA	3	39	petucha
2SA	4	3	setuma
2SA	4	8	setuma
2SA	4	12	petucha
2SA	5	3	petucha
2SA	5	10	petucha
2SA	5	12	setuma
2SA	5	16	petucha
2SA	5	21	petucha
2SA	5	25	petucha
2SA	6	23	petucha
2SA	7	3	setuma
2SA	7	17	setuma
2SA	7	24	setuma
2SA	7	29	petucha
2SA	8	8	setuma
2SA	8	18	petucha
2SA	9	13	petucha
2SA	10	17	setuma
2SA	10	19	petucha
2SA	11	1	setuma
2SA	11	15	setuma
2SA	11	24	setuma
2SA	11	27	petucha
2SA	12	10	setuma
2SA	12	12	setuma
2SA	12	13	setuma
2SA	12	25	petucha
2SA	12	31	petucha
2SA	13	22	petucha
2SA	13	27	setuma
2SA	13	30	setuma
2SA	13	31	setuma
2SA	13	33	petucha
2SA	13	39	setuma
2SA	14	4	setuma
2SA	14	7	petucha
2SA	14	9	setuma
2SA	14	12	setuma
2SA	14	17	petucha
2SA	14	20	setuma
2SA	14	23	petucha
2SA	14	24	setuma
2SA	14	27	petucha
2SA	14	30	petucha
2SA	14	33	petucha
2SA	15	6	petucha
2SA	15	9	petucha
2SA	15	26	setuma
2SA	16	9	setuma
2SA	16	10	setuma
2SA	16	13	setuma
2SA	16	13	petucha
2SA	16	19	petucha
2SA	16	23	setuma
2SA	17	4	setuma
2SA	17	6	setuma
2SA	17	13	petucha
2SA	17	14	setuma
2SA	17	20	setuma
2SA	17	23	setuma
2SA	17	26	setuma
2SA	18	2	setuma
2SA	18	3	setuma
2SA	18	17	setuma
2SA	18	18	setuma
2SA	18	28	setuma
2SA	18	31	setuma
2SA	18	32	setuma
2SA	19	5	setuma
2SA	19	8	setuma
2SA	19	9	setuma
2SA	19	11	setuma
2SA	19	21	setuma
2SA	19	22	setuma
2SA	19	24	setuma
2SA	19	29	petucha
2SA	19	31	setuma
2SA	19	38	setuma
2SA	19	40	setuma
2SA	19	42	setuma
2SA	19	43	setuma
2SA	19	44	setuma
2SA	20	3	setuma
2SA	20	5	setuma
2SA	20	8	setuma
2SA	20	10	setuma
2SA	20	14	setuma
2SA	20	19	petucha
2SA	20	22	setuma
2SA	20	26	setuma
2SA	21	1	setuma
2SA	21	6	setuma
2SA	21	14	petucha
2SA	21	17	petucha
2SA	21	18	petucha
2SA	21	19	setuma
2SA	21	22	petucha
2SA	22	51	petucha
2SA	23	7	petucha
2SA	23	8	setuma
2SA	23	10	setuma
2SA	23	12	setuma
2SA	23	17	setuma
2SA	23	19	setuma
2SA	23	23	setuma
2SA	23	25	setuma
2SA	23	26	setuma
2SA	23	27	setuma
2SA	23	28	setuma
2SA	23	29	setuma
2SA	23	29	setuma
2SA	23	30	setuma
2SA	23	31	setuma
2SA	23	32	setuma
2SA	23	33	setuma
2SA	23	34	setuma
2SA	23	34	setuma
2SA	23	35	setuma
2SA	23	36	setuma
2SA	23	36	setuma
2SA	23	37	setuma
2SA	23	37	setuma
2SA	23	38	setuma
2SA	23	39	petucha
2SA	24	2	setuma
2SA	24	10	setuma
2SA	24	11	petucha
2SA	24	13	setuma
2SA	24	16	setuma
2SA	24	17	petucha
2SA	24	23	setuma
1KI	1	27	setuma
1KI	1	31	petucha
1KI	1	53	petucha
1KI	2	6	setuma
1KI	2	10	petucha
1KI	2	22	petucha
1KI	2	25	setuma
1KI	2	27	petucha
1KI	2	38	setuma
1KI	3	2	petucha
1KI	3	14	setuma
1KI	3	15	petucha
1KI	3	23	petucha
1KI	3	28	setuma
1KI	4	1	setuma
1KI	4	2	setuma
1KI	4	4	setuma
1KI	4	6	setuma
1KI	4	7	setuma
1KI	4	8	setuma
1KI	4	9	setuma
1KI	4	10	setuma
1KI	4	11	setuma
1KI	4	12	setuma
1KI	4	13	setuma
1KI	4	16	setuma
1KI	4	17	setuma
1KI	4	18	setuma
1KI	5	1	petucha
1KI	5	5	setuma
1KI	5	8	setuma
1KI	5	14	setuma
1KI	5	15	setuma
1KI	5	25	petucha
1KI	5	28	setuma
1KI	5	32	petucha
1KI	6	10	petucha
1KI	6	13	setuma
1KI	7	12	petucha
1KI	7	26	petucha
1KI	7	37	setuma
1KI	7	39	setuma
1KI	7	50	petucha
1KI	7	51	petucha
1KI	8	11	petucha
1KI	8	21	setuma
1KI	8	32	setuma
1KI	8	34	setuma
1KI	8	36	setuma
1KI	8	53	petucha
1KI	9	1	petucha
1KI	9	9	petucha
1KI	9	13	petucha
1KI	9	22	setuma
1KI	9	28	petucha
1KI	10	13	setuma
1KI	10	17	petucha
1KI	10	25	setuma
1KI	10	29	petucha
1KI	11	6	setuma
1KI	11	10	petucha
1KI	11	25	petucha
1KI	11	28	setuma
1KI	11	39	setuma
1KI	11	43	setuma
1KI	12	17	petucha
1KI	12	19	setuma
1KI	12	21	petucha
1KI	12	24	setuma
1KI	12	33	petucha
1KI	13	10	petucha
1KI	13	20	petucha
1KI	13	32	petucha
1KI	13	34	petucha
1KI	14	4	setuma
1KI	14	9	setuma
1KI	14	20	petucha
1KI	14	24	petucha
1KI	14	31	petucha
1KI	15	8	petucha
1KI	15	24	petucha
1KI	15	32	petucha
1KI	15	34	setuma
1KI	16	7	petucha
1KI	16	14	petucha
1KI	16	20	petucha
1KI	16	22	petucha
1KI	16	28	petucha
1KI	16	34	setuma
1KI	17	1	setuma
1KI	17	7	setuma
1KI	17	13	setuma
1KI	17	16	petucha
1KI	17	24	petucha
1KI	18	14	setuma
1KI	19	14	setuma
1KI	19	21	petucha
1KI	20	22	setuma
1KI	20	25	petucha
1KI	20	30	setuma
1KI	20	34	setuma
1KI	20	43	petucha
1KI	21	16	setuma
1KI	21	26	setuma
1KI	21	27	setuma
1KI	22	1	petucha
1KI	22	40	petucha
1KI	22	51	setuma
2KI	1	2	setuma
2KI	1	14	setuma
2KI	1	17	petucha
2KI	1	18	petucha
2KI	2	22	petucha
2KI	2	25	petucha
2KI	3	3	setuma
2KI	3	27	petucha
2KI	4	7	petucha
2KI	4	37	petucha
2KI	4	41	setuma
2KI	4	44	petucha
2KI	5	19	setuma
2KI	5	27	setuma
2KI	6	7	petucha
2KI	6	23	petucha
2KI	6	33	setuma
2KI	7	2	setuma
2KI	7	20	setuma
2KI	8	6	petucha
2KI	8	15	petucha
2KI	8	24	petucha
2KI	8	29	petucha
2KI	9	28	petucha
2KI	9	37	petucha
2KI	10	14	setuma
2KI	10	17	petucha
2KI	10	29	setuma
2KI	10	36	petucha
2KI	11	3	petucha
2KI	11	12	setuma
2KI	11	14	setuma
2KI	11	16	setuma
2KI	11	20	setuma
2KI	12	1	petucha
2KI	12	6	petucha
2KI	12	17	petucha
2KI	12	22	petucha
2KI	13	9	petucha
2KI	13	13	petucha
2KI	13	19	setuma
2KI	13	21	petucha
2KI	13	25	petucha
2KI	14	7	petucha
2KI	14	16	petucha
2KI	14	22	petucha
2KI	14	29	petucha
2KI	15	7	petucha
2KI	15	12	petucha
2KI	15	15	setuma
2KI	15	16	petucha
2KI	15	22	petucha
2KI	15	26	petucha
2KI	15	31	petucha
2KI	15	38	petucha
2KI	16	6	petucha
2KI	16	20	petucha
2KI	17	6	petucha
2KI	17	23	petucha
2KI	17	41	petucha
2KI	18	8	petucha
2KI	18	12	petucha
2KI	18	16	petucha
2KI	19	14	petucha
2KI	19	19	setuma
2KI	19	31	setuma
2KI	19	37	petucha
2KI	20	3	setuma
2KI	20	11	petucha
2KI	20	21	petucha
2KI	21	11	petucha
2KI	21	18	petucha
2KI	21	26	petucha
2KI	22	2	petucha
2KI	23	30	petucha
2KI	23	35	setuma
2KI	24	7	petucha
2KI	24	17	petucha
2KI	24	20	setuma
2KI	25	7	setuma
2KI	25	22	petucha
2KI	25	24	setuma
2KI	25	26	petucha
1CH	1	4	setuma
1CH	1	5	setuma
1CH	1	7	setuma
1CH	1	9	setuma
1CH	1	10	setuma
1CH	1	12	setuma
1CH	1	16	setuma
1CH	1	17	setuma
1CH	1	23	setuma
1CH	1	27	setuma
1CH	1	28	setuma
1CH	1	31	setuma
1CH	1	32	setuma
1CH	1	33	setuma
1CH	1	34	setuma
1CH	1	34	setuma
1CH	1	35	setuma
1CH	1	36	setuma
1CH	1	37	setuma
1CH	1	39	setuma
1CH	1	40	setuma
1CH	1	41	setuma
1CH	1	41	setuma
1CH	1	42	petucha
1CH	1	51	setuma
1CH	1	54	petucha
1CH	2	2	setuma
1CH	2	3	setuma
1CH	2	4	setuma
1CH	2	5	setuma
1CH	2	6	setuma
1CH	2	7	setuma
1CH	2	20	setuma
1CH	2	26	setuma
1CH	2	30	setuma
1CH	2	32	setuma
1CH	2	46	setuma
1CH	2	49	setuma
1CH	2	53	setuma
1CH	2	55	setuma
1CH	3	4	setuma
1CH	3	9	petucha
1CH	3	21	setuma
1CH	3	24	setuma
1CH	4	2	setuma
1CH	4	12	setuma
1CH	4	14	petucha
1CH	4	18	setuma
1CH	4	23	setuma
1CH	4	27	setuma
1CH	5	2	setuma
1CH	5	10	petucha
1CH	5	13	setuma
1CH	5	17	petucha
1CH	5	22	petucha
1CH	5	26	petucha
1CH	5	28	setuma
1CH	5	29	setuma
1CH	5	29	setuma
1CH	5	41	setuma
1CH	6	13	setuma
1CH	6	15	petucha
1CH	6	28	setuma
1CH	6	32	setuma
1CH	6	34	petucha
1CH	6	38	setuma
1CH	6	41	setuma
1CH	6	44	setuma
1CH	6	45	setuma
1CH	6	46	setuma
1CH	6	47	setuma
1CH	6	50	setuma
1CH	6	54	petucha
1CH	6	55	petucha
1CH	6	56	setuma
1CH	6	58	setuma
1CH	6	61	setuma
1CH	6	66	setuma
1CH	7	1	setuma
1CH	7	2	setuma
1CH	7	5	petucha
1CH	7	7	setuma
1CH	7	9	setuma
1CH	7	13	petucha
1CH	7	19	petucha
1CH	7	29	petucha
1CH	7	40	setuma
1CH	8	2	setuma
1CH	8	28	setuma
1CH	8	32	setuma
1CH	8	34	setuma
1CH	8	40	petucha
1CH	9	1	setuma
1CH	9	9	setuma
1CH	9	11	setuma
1CH	9	32	setuma
1CH	9	34	petucha
1CH	9	38	setuma
1CH	9	44	petucha
1CH	10	4	setuma
1CH	10	5	setuma
1CH	10	7	setuma
1CH	10	10	setuma
1CH	10	14	petucha
1CH	11	3	setuma
1CH	11	9	petucha
1CH	11	10	setuma
1CH	11	21	setuma
1CH	11	25	setuma
1CH	11	26	setuma
1CH	11	27	setuma
1CH	11	28	setuma
1CH	11	29	setuma
1CH	11	30	setuma
1CH	11	31	setuma
1CH	11	32	setuma
1CH	11	32	setuma
1CH	11	33	setuma
1CH	11	34	setuma
1CH	11	35	setuma
1CH	11	36	setuma
1CH	11	37	setuma
1CH	11	38	setuma
1CH	11	39	setuma
1CH	11	40	setuma
1CH	11	41	setuma
1CH	11	42	setuma
1CH	11	43	setuma
1CH	11	44	setuma
1CH	11	44	setuma
1CH	11	45	setuma
1CH	11	47	petucha
1CH	12	9	setuma
1CH	12	14	setuma
1CH	12	16	setuma
1CH	12	18	setuma
1CH	12	19	petucha
1CH	12	23	petucha
1CH	12	24	setuma
1CH	12	25	setuma
1CH	12	26	setuma
1CH	12	27	setuma
1CH	12	28	setuma
1CH	12	29	setuma
1CH	12	30	setuma
1CH	12	31	setuma
1CH	12	32	setuma
1CH	12	33	setuma
1CH	12	34	setuma
1CH	12	35	setuma
1CH	12	36	setuma
1CH	12	37	setuma
1CH	12	41	petucha
1CH	13	14	petucha
1CH	14	2	petucha
1CH	14	12	petucha
1CH	15	2	setuma
1CH	15	5	setuma
1CH	15	6	setuma
1CH	15	7	setuma
1CH	15	8	setuma
1CH	15	9	setuma
1CH	15	10	setuma
1CH	15	15	petucha
1CH	15	16	petucha
1CH	15	17	setuma
1CH	15	25	setuma
1CH	15	29	petucha
1CH	16	4	petucha
1CH	16	7	petucha
1CH	16	22	petucha
1CH	16	36	petucha
1CH	16	43	petucha
1CH	17	2	setuma
1CH	17	7	setuma
1CH	17	15	petucha
1CH	17	27	petucha
1CH	18	8	petucha
1CH	18	17	petucha
1CH	19	3	petucha
1CH	19	7	petucha
1CH	19	12	setuma
1CH	19	15	petucha
1CH	19	19	petucha
1CH	20	3	petucha
1CH	20	8	petucha
1CH	21	7	petucha
1CH	21	8	petucha
1CH	21	12	petucha
1CH	21	15	setuma
1CH	21	17	setuma
1CH	21	26	petucha
1CH	21	30	setuma
1CH	22	1	setuma
1CH	22	4	petucha
1CH	22	6	setuma
1CH	22	19	petucha
1CH	23	6	setuma
1CH	23	6	setuma
1CH	23	7	setuma
1CH	23	8	setuma
1CH	23	9	setuma
1CH	23	11	setuma
1CH	23	12	setuma
1CH	23	18	setuma
1CH	23	20	setuma
1CH	23	32	petucha
1CH	24	5	setuma
1CH	24	6	petucha
1CH	24	18	petucha
1CH	24	19	petucha
1CH	24	31	setuma
1CH	25	3	setuma
1CH	25	6	setuma
1CH	25	8	petucha
1CH	25	31	petucha
1CH	26	5	petucha
1CH	26	9	setuma
1CH	26	13	petucha
1CH	26	14	setuma
1CH	26	28	petucha
1CH	26	32	petucha
1CH	27	1	setuma
1CH	27	4	setuma
1CH	27	6	setuma
1CH	27	7	setuma
1CH	27	8	setuma
1CH	27	9	setuma
1CH	27	10	setuma
1CH	27	11	setuma
1CH	27	12	setuma
1CH	27	13	setuma
1CH	27	14	setuma
1CH	27	15	petucha
1CH	27	16	setuma
1CH	27	16	setuma
1CH	27	17	setuma
1CH	27	18	setuma
1CH	27	19	setuma
1CH	27	20	setuma
1CH	27	21	setuma
1CH	27	21	setuma
1CH	27	24	setuma
1CH	27	25	setuma
1CH	27	25	setuma
1CH	27	27	setuma
1CH	27	28	setuma
1CH	27	28	setuma
1CH	27	29	setuma
1CH	27	30	setuma
1CH	27	33	setuma
1CH	27	34	petucha
1CH	28	8	petucha
1CH	28	10	petucha
1CH	28	19	petucha
1CH	28	21	petucha
1CH	29	9	petucha
1CH	29	19	petucha
1CH	29	25	petucha
1CH	29	30	petucha
2CH	1	10	setuma
2CH	1	13	petucha
2CH	2	1	petucha
2CH	2	9	petucha
2CH	2	15	petucha
2CH	3	7	setuma
2CH	3	13	setuma
2CH	3	14	setuma
2CH	3	15	setuma
2CH	3	17	setuma
2CH	4	1	setuma
2CH	4	5	setuma
2CH	4	6	setuma
2CH	4	7	setuma
2CH	4	11	setuma
2CH	4	18	petucha
2CH	5	1	setuma
2CH	5	1	petucha
2CH	5	10	petucha
2CH	5	14	petucha
2CH	6	23	setuma
2CH	6	25	petucha
2CH	6	27	setuma
2CH	6	31	setuma
2CH	6	40	setuma
2CH	6	42	petucha
2CH	7	4	setuma
2CH	7	6	setuma
2CH	7	11	petucha
2CH	7	22	petucha
2CH	8	9	petucha
2CH	8	11	petucha
2CH	8	16	setuma
2CH	8	18	petucha
2CH	9	12	petucha
2CH	9	16	petucha
2CH	9	21	petucha
2CH	9	24	petucha
2CH	9	31	petucha
2CH	10	5	setuma
2CH	10	11	setuma
2CH	10	16	setuma
2CH	10	18	setuma
2CH	10	19	setuma
2CH	11	1	petucha
2CH	11	4	petucha
2CH	11	12	setuma
2CH	12	1	petucha
2CH	12	4	setuma
2CH	12	8	setuma
2CH	12	12	setuma
2CH	12	14	setuma
2CH	12	16	petucha
2CH	13	3	setuma
2CH	13	3	setuma
2CH	13	5	setuma
2CH	13	9	setuma
2CH	13	20	petucha
2CH	13	21	setuma
2CH	13	23	petucha
2CH	14	6	petucha
2CH	14	7	setuma
2CH	14	10	setuma
2CH	14	14	setuma
2CH	15	2	setuma
2CH	15	7	setuma
2CH	15	9	petucha
2CH	15	19	setuma
2CH	16	5	setuma
2CH	16	6	setuma
2CH	16	14	petucha
2CH	17	6	petucha
2CH	17	11	petucha
2CH	17	14	setuma
2CH	17	15	setuma
2CH	17	16	setuma
2CH	17	17	setuma
2CH	17	18	setuma
2CH	17	19	petucha
2CH	18	17	setuma
2CH	18	22	setuma
2CH	18	27	petucha
2CH	19	4	setuma
2CH	19	11	petucha
2CH	20	13	petucha
2CH	20	30	petucha
2CH	21	3	petucha
2CH	21	11	petucha
2CH	22	1	petucha
2CH	22	12	petucha
2CH	23	11	setuma
2CH	23	13	setuma
2CH	23	15	petucha
2CH	23	21	setuma
2CH	24	14	petucha
2CH	24	16	setuma
2CH	24	19	setuma
2CH	24	22	petucha
2CH	24	25	setuma
2CH	24	27	petucha
2CH	25	4	petucha
2CH	25	10	petucha
2CH	25	12	setuma
2CH	25	13	setuma
2CH	25	16	petucha
2CH	25	24	petucha
2CH	26	2	petucha
2CH	26	5	setuma
2CH	26	10	setuma
2CH	26	23	petucha
2CH	27	5	setuma
2CH	27	9	petucha
2CH	28	5	setuma
2CH	28	7	setuma
2CH	28	8	setuma
2CH	28	11	setuma
2CH	28	13	setuma
2CH	28	15	petucha
2CH	28	27	petucha
2CH	29	11	setuma
2CH	29	13	setuma
2CH	29	14	setuma
2CH	29	17	setuma
2CH	29	19	setuma
2CH	29	25	setuma
2CH	29	26	setuma
2CH	29	30	petucha
2CH	29	36	petucha
2CH	30	9	petucha
2CH	30	19	setuma
2CH	30	20	setuma
2CH	30	21	setuma
2CH	30	22	setuma
2CH	30	24	setuma
2CH	30	26	setuma
2CH	30	27	petucha
2CH	31	1	setuma
2CH	31	2	setuma
2CH	31	6	setuma
2CH	31	7	setuma
2CH	31	8	petucha
2CH	31	10	setuma
2CH	31	21	petucha
2CH	32	8	petucha
2CH	32	19	setuma
2CH	32	20	petucha
2CH	32	23	setuma
2CH	32	33	petucha
2CH	33	9	petucha
2CH	33	20	petucha
2CH	33	25	petucha
2CH	34	7	setuma
2CH	34	21	petucha
2CH	34	22	setuma
2CH	34	23	setuma
2CH	34	26	setuma
2CH	34	28	petucha
2CH	34	33	petucha
2CH	35	6	petucha
2CH	35	7	setuma
2CH	35	18	setuma
2CH	35	24	petucha
2CH	36	4	petucha
2CH	36	8	petucha
2CH	36	10	petucha
2CH	36	19	setuma
2CH	36	21	petucha
2CH	36	22	setuma
EZR	1	6	setuma
EZR	1	9	setuma
EZR	1	10	setuma
EZR	1	11	petucha
EZR	2	2	setuma
EZR	2	3	setuma
EZR	2	4	setuma
EZR	2	5	setuma
EZR	2	6	setuma
EZR	2	7	setuma
EZR	2	8	setuma
EZR	2	9	setuma
EZR	2	10	setuma
EZR	2	11	setuma
EZR	2	12	setuma
EZR	2	13	setuma
EZR	2	14	setuma
EZR	2	15	setuma
EZR	2	16	setuma
EZR	2	17	setuma
EZR	2	18	setuma
EZR	2	19	setuma
EZR	2	20	setuma
EZR	2	21	setuma
EZR	2	23	setuma
EZR	2	24	setuma
EZR	2	25	setuma
EZR	2	26	setuma
EZR	2	27	setuma
EZR	2	28	setuma
EZR	2	29	setuma
EZR	2	30	setuma
EZR	2	31	setuma
EZR	2	32	setuma
EZR	2	33	setuma
EZR	2	34	setuma
EZR	2	35	setuma
EZR	2	36	setuma
EZR	2	37	setuma
EZR	2	38	setuma
EZR	2	39	setuma
EZR	2	40	setuma
EZR	2	41	petucha
EZR	2	42	petucha
EZR	2	58	setuma
EZR	2	60	setuma
EZR	2	67	petucha
EZR	2	69	setuma
EZR	2	69	setuma
EZR	2	70	setuma
EZR	3	1	setuma
EZR	3	1	setuma
EZR	3	7	petucha
EZR	3	8	petucha
EZR	3	9	setuma
EZR	3	11	setuma
EZR	3	13	petucha
EZR	4	6	setuma
EZR	4	7	petucha
EZR	4	11	petucha
EZR	4	16	petucha
EZR	4	17	setuma
EZR	4	22	setuma
EZR	4	23	setuma
EZR	4	24	petucha
EZR	5	1	setuma
EZR	5	2	petucha
EZR	5	3	setuma
EZR	5	5	petucha
EZR	5	7	setuma
EZR	5	8	setuma
EZR	5	10	setuma
EZR	5	12	setuma
EZR	5	15	setuma
EZR	5	17	setuma
EZR	6	2	petucha
EZR	6	5	setuma
EZR	6	12	petucha
EZR	6	15	petucha
EZR	6	18	petucha
EZR	6	22	petucha
EZR	7	6	petucha
EZR	7	10	setuma
EZR	7	11	petucha
EZR	7	26	petucha
EZR	7	28	petucha
EZR	8	1	setuma
EZR	8	2	setuma
EZR	8	2	setuma
EZR	8	2	setuma
EZR	8	3	setuma
EZR	8	3	setuma
EZR	8	4	setuma
EZR	8	5	setuma
EZR	8	6	setuma
EZR	8	7	setuma
EZR	8	8	setuma
EZR	8	9	setuma
EZR	8	10	setuma
EZR	8	11	setuma
EZR	8	12	setuma
EZR	8	13	setuma
EZR	8	14	petucha
EZR	8	19	setuma
EZR	8	30	petucha
EZR	8	34	petucha
EZR	8	35	petucha
EZR	8	36	setuma
EZR	9	2	setuma
EZR	9	9	setuma
EZR	9	14	petucha
EZR	9	15	petucha
EZR	10	1	setuma
EZR	10	4	petucha
EZR	10	6	setuma
EZR	10	8	setuma
EZR	10	9	petucha
EZR	10	14	petucha
EZR	10	17	petucha
EZR	10	19	setuma
EZR	10	20	setuma
EZR	10	22	setuma
EZR	10	23	setuma
EZR	10	24	setuma
EZR	10	25	setuma
EZR	10	26	setuma
EZR	10	27	setuma
EZR	10	28	setuma
EZR	10	29	setuma
EZR	10	30	setuma
EZR	10	32	setuma
EZR	10	33	setuma
EZR	10	34	setuma
EZR	10	42	setuma
EZR	10	44	petucha
NEH	1	11	petucha
NEH	2	3	setuma
NEH	2	9	petucha
NEH	2	18	petucha
NEH	3	1	setuma
NEH	3	2	setuma
NEH	3	2	setuma
NEH	3	3	setuma
NEH	3	4	setuma
NEH	3	4	setuma
NEH	3	4	setuma
NEH	3	5	setuma
NEH	3	6	setuma
NEH	3	7	setuma
NEH	3	8	setuma
NEH	3	8	setuma
NEH	3	9	setuma
NEH	3	10	setuma
NEH	3	11	setuma
NEH	3	12	setuma
NEH	3	14	setuma
NEH	3	15	setuma
NEH	3	16	setuma
NEH	3	17	setuma
NEH	3	18	setuma
NEH	3	19	setuma
NEH	3	20	setuma
NEH	3	21	setuma
NEH	3	23	setuma
NEH	3	23	setuma
NEH	3	25	setuma
NEH	3	26	setuma
NEH	3	28	setuma
NEH	3	29	setuma
NEH	3	29	setuma
NEH	3	30	setuma
NEH	3	30	setuma
NEH	3	32	petucha
NEH	3	35	petucha
NEH	3	38	petucha
NEH	4	8	petucha
NEH	4	17	setuma
NEH	5	8	setuma
NEH	5	19	petucha
NEH	6	4	setuma
NEH	6	7	setuma
NEH	6	13	petucha
NEH	6	15	petucha
NEH	7	5	petucha
NEH	7	7	setuma
NEH	7	8	setuma
NEH	7	9	setuma
NEH	7	10	setuma
NEH	7	11	setuma
NEH	7	12	setuma
NEH	7	13	setuma
NEH	7	14	setuma
NEH	7	15	setuma
NEH	7	16	setuma
NEH	7	17	setuma
NEH	7	18	setuma
NEH	7	19	setuma
NEH	7	20	setuma
NEH	7	21	setuma
NEH	7	22	setuma
NEH	7	23	setuma
NEH	7	24	setuma
NEH	7	25	setuma
NEH	7	26	setuma
NEH	7	27	setuma
NEH	7	28	setuma
NEH	7	29	setuma
NEH	7	30	setuma
NEH	7	31	setuma
NEH	7	32	setuma
NEH	7	33	setuma
NEH	7	34	setuma
NEH	7	35	setuma
NEH	7	36	setuma
NEH	7	37	setuma
NEH	7	38	petucha
NEH	7	39	setuma
NEH	7	40	setuma
NEH	7	41	setuma
NEH	7	42	petucha
NEH	7	43	setuma
NEH	7	44	setuma
NEH	7	45	setuma
NEH	7	60	petucha
NEH	7	62	setuma
NEH	7	67	setuma
NEH	7	68	setuma
NEH	7	71	petucha
NEH	8	4	petucha
NEH	8	8	setuma
NEH	8	12	setuma
NEH	8	15	petucha
NEH	8	18	petucha
NEH	9	3	petucha
NEH	9	37	petucha
NEH	10	9	setuma
NEH	10	14	setuma
NEH	10	34	setuma
NEH	11	2	petucha
NEH	11	6	setuma
NEH	11	9	petucha
NEH	11	14	setuma
NEH	11	18	petucha
NEH	11	21	petucha
NEH	11	36	petucha
NEH	12	7	petucha
NEH	12	22	petucha
NEH	12	26	petucha
NEH	12	34	setuma
NEH	12	47	petucha
NEH	13	9	petucha
NEH	13	13	petucha
NEH	13	18	petucha
NEH	13	21	setuma
NEH	13	22	petucha
EST	1	9	setuma
EST	1	15	setuma
EST	1	22	petucha
EST	2	4	setuma
EST	2	20	setuma
EST	2	23	petucha
EST	3	7	setuma
EST	3	15	petucha
EST	4	12	petucha
EST	4	17	setuma
EST	5	2	setuma
EST	5	14	petucha
EST	7	4	setuma
EST	7	8	setuma
EST	7	10	petucha
EST	8	2	petucha
EST	8	6	setuma
EST	8	14	petucha
EST	9	4	petucha
EST	9	11	setuma
EST	9	19	petucha
EST	9	28	setuma
EST	9	32	petucha
JOB	1	5	petucha
JOB	1	22	petucha
JOB	2	10	petucha
JOB	3	1	petucha
JOB	3	26	petucha
JOB	5	27	petucha
JOB	7	21	petucha
JOB	8	22	petucha
JOB	10	22	petucha
JOB	11	20	petucha
JOB	14	22	petucha
JOB	15	35	setuma
JOB	17	16	setuma
JOB	18	21	setuma
JOB	19	29	setuma
JOB	20	29	petucha
JOB	21	34	setuma
JOB	22	30	petucha
JOB	24	25	setuma
JOB	25	6	petucha
JOB	26	14	setuma
JOB	28	11	petucha
JOB	28	19	petucha
JOB	28	28	setuma
JOB	31	7	petucha
JOB	31	40	petucha
JOB	32	1	petucha
JOB	32	5	petucha
JOB	33	33	setuma
JOB	34	37	setuma
JOB	35	16	petucha
JOB	37	24	petucha
JOB	39	30	petucha
JOB	40	2	petucha
JOB	40	5	petucha
JOB	41	26	setuma
JOB	42	6	petucha
JOB	42	11	setuma
JOB	42	15	setuma
PRO	1	7	petucha
PRO	1	19	petucha
PRO	1	33	petucha
PRO	2	22	petucha
PRO	3	4	petucha
PRO	3	10	petucha
PRO	3	18	petucha
PRO	3	35	petucha
PRO	4	19	petucha
PRO	5	6	petucha
PRO	5	23	petucha
PRO	6	5	petucha
PRO	6	11	petucha
PRO	6	15	petucha
PRO	6	19	petucha
PRO	6	26	petucha
PRO	6	35	petucha
PRO	7	23	petucha
PRO	7	27	petucha
PRO	8	21	petucha
PRO	8	31	petucha
PRO	8	36	petucha
PRO	9	9	petucha
PRO	9	18	petucha
PRO	10	1	petucha
PRO	13	25	petucha
PRO	19	9	petucha
PRO	21	30	petucha
PRO	22	21	petucha
PRO	22	29	petucha
PRO	23	5	petucha
PRO	24	14	petucha
PRO	24	22	setuma
PRO	24	27	petucha
PRO	24	34	petucha
PRO	25	13	petucha
PRO	25	20	petucha
PRO	26	21	petucha
PRO	27	22	petucha
PRO	28	4	petucha
PRO	28	16	petucha
PRO	29	17	petucha
PRO	29	27	petucha
PRO	30	6	petucha
PRO	30	9	petucha
PRO	30	14	petucha
PRO	30	17	petucha
PRO	30	20	petucha
PRO	30	23	petucha
PRO	30	28	petucha
PRO	30	33	petucha
PRO	31	9	petucha
ECC	1	11	petucha
ECC	3	1	setuma
ECC	3	8	setuma
ECC	9	10	setuma
SNG	1	4	setuma
SNG	1	8	setuma
SNG	1	14	setuma
SNG	2	7	setuma
SNG	2	13	setuma
SNG	2	14	setuma
SNG	2	17	setuma
SNG	3	5	setuma
SNG	3	8	setuma
SNG	3	11	setuma
SNG	4	7	setuma
SNG	4	11	setuma
SNG	5	1	setuma
SNG	6	3	setuma
SNG	6	9	setuma
SNG	6	10	setuma
SNG	7	11	setuma
SNG	8	4	setuma
SNG	8	7	setuma
SNG	8	10	petucha
ISA	1	9	setuma
ISA	1	17	setuma
ISA	1	20	setuma
ISA	1	23	petucha
ISA	1	31	setuma
ISA	2	4	petucha
ISA	2	11	setuma
ISA	2	22	petucha
ISA	3	12	setuma
ISA	3	15	setuma
ISA	3	17	setuma
ISA	4	1	setuma
ISA	4	6	petucha
ISA	5	7	setuma
ISA	5	10	petucha
ISA	5	19	setuma
ISA	5	20	setuma
ISA	5	23	setuma
ISA	5	30	petucha
ISA	6	13	petucha
ISA	7	6	setuma
ISA	7	9	setuma
ISA	7	17	petucha
ISA	7	20	setuma
ISA	7	25	petucha
ISA	8	4	setuma
ISA	8	8	setuma
ISA	8	10	setuma
ISA	8	15	setuma
ISA	8	18	setuma
ISA	9	6	setuma
ISA	9	12	setuma
ISA	9	20	setuma
ISA	10	4	setuma
ISA	10	11	setuma
ISA	10	19	petucha
ISA	10	23	setuma
ISA	10	32	setuma
ISA	10	34	setuma
ISA	11	9	petucha
ISA	11	10	petucha
ISA	12	6	petucha
ISA	14	2	setuma
ISA	14	23	petucha
ISA	14	27	petucha
ISA	14	32	setuma
ISA	16	6	setuma
ISA	16	14	setuma
ISA	17	3	setuma
ISA	17	6	setuma
ISA	17	11	setuma
ISA	17	14	setuma
ISA	18	3	setuma
ISA	18	7	setuma
ISA	19	15	setuma
ISA	19	17	setuma
ISA	19	18	setuma
ISA	19	23	setuma
ISA	19	25	setuma
ISA	20	2	setuma
ISA	20	6	setuma
ISA	21	5	petucha
ISA	21	10	setuma
ISA	21	12	setuma
ISA	21	15	setuma
ISA	21	17	setuma
ISA	22	14	petucha
ISA	22	25	setuma
ISA	23	14	setuma
ISA	23	18	petucha
ISA	24	15	setuma
ISA	24	20	setuma
ISA	24	23	petucha
ISA	25	5	petucha
ISA	25	8	petucha
ISA	25	12	setuma
ISA	26	10	setuma
ISA	26	11	setuma
ISA	26	19	setuma
ISA	26	21	setuma
ISA	27	1	setuma
ISA	27	6	setuma
ISA	27	11	setuma
ISA	27	12	setuma
ISA	28	4	setuma
ISA	28	6	setuma
ISA	28	8	setuma
ISA	28	13	petucha
ISA	28	15	setuma
ISA	28	29	setuma
ISA	29	8	setuma
ISA	29	12	setuma
ISA	29	14	setuma
ISA	29	21	setuma
ISA	30	5	setuma
ISA	30	11	setuma
ISA	30	14	petucha
ISA	30	18	setuma
ISA	30	26	setuma
ISA	30	33	setuma
ISA	31	3	setuma
ISA	31	9	setuma
ISA	32	8	petucha
ISA	32	20	setuma
ISA	33	1	setuma
ISA	33	6	setuma
ISA	33	12	setuma
ISA	34	17	setuma
ISA	35	2	setuma
ISA	35	10	petucha
ISA	36	16	setuma
ISA	36	22	setuma
ISA	37	32	setuma
ISA	37	35	setuma
ISA	37	38	setuma
ISA	38	3	setuma
ISA	38	8	setuma
ISA	38	22	setuma
ISA	39	8	petucha
ISA	40	2	setuma
ISA	40	5	setuma
ISA	40	8	setuma
ISA	40	11	setuma
ISA	40	16	setuma
ISA	40	24	setuma
ISA	40	26	setuma
ISA	40	31	petucha
ISA	41	7	setuma
ISA	41	13	setuma
ISA	41	16	petucha
ISA	41	20	petucha
ISA	41	29	petucha
ISA	42	4	petucha
ISA	42	9	petucha
ISA	42	13	setuma
ISA	42	17	setuma
ISA	42	25	petucha
ISA	43	10	setuma
ISA	43	13	setuma
ISA	43	15	setuma
ISA	43	21	setuma
ISA	43	24	setuma
ISA	43	28	setuma
ISA	44	5	petucha
ISA	44	20	setuma
ISA	44	23	petucha
ISA	44	28	setuma
ISA	45	7	setuma
ISA	45	8	setuma
ISA	45	9	setuma
ISA	45	10	setuma
ISA	45	13	petucha
ISA	45	17	petucha
ISA	46	2	setuma
ISA	46	4	setuma
ISA	46	7	setuma
ISA	46	11	setuma
ISA	46	13	setuma
ISA	47	3	setuma
ISA	47	7	setuma
ISA	47	15	setuma
ISA	48	2	setuma
ISA	48	11	setuma
ISA	48	16	petucha
ISA	48	22	setuma
ISA	49	6	setuma
ISA	49	13	setuma
ISA	49	21	petucha
ISA	49	23	setuma
ISA	49	26	setuma
ISA	50	3	setuma
ISA	50	11	petucha
ISA	51	2	setuma
ISA	51	3	setuma
ISA	51	6	setuma
ISA	51	8	setuma
ISA	51	11	setuma
ISA	51	16	setuma
ISA	51	21	setuma
ISA	51	23	setuma
ISA	52	2	setuma
ISA	52	10	setuma
ISA	52	12	setuma
ISA	53	12	setuma
ISA	54	8	setuma
ISA	54	10	setuma
ISA	54	17	setuma
ISA	55	5	setuma
ISA	55	13	setuma
ISA	56	2	setuma
ISA	56	3	setuma
ISA	56	5	setuma
ISA	56	9	setuma
ISA	57	14	setuma
ISA	57	21	setuma
ISA	58	14	setuma
ISA	59	21	setuma
ISA	60	22	setuma
ISA	61	9	setuma
ISA	62	9	setuma
ISA	62	12	setuma
ISA	63	6	setuma
ISA	64	11	setuma
ISA	65	7	setuma
ISA	65	12	petucha
ISA	65	25	setuma
ISA	66	4	setuma
ISA	66	9	setuma
ISA	66	11	setuma
JER	1	3	setuma
JER	1	6	petucha
JER	1	10	petucha
JER	1	12	petucha
JER	1	19	petucha
JER	2	3	petucha
JER	2	28	setuma
JER	3	5	petucha
JER	3	10	petucha
JER	3	17	setuma
JER	3	25	setuma
JER	4	2	setuma
JER	4	8	petucha
JER	4	18	setuma
JER	4	21	setuma
JER	4	26	setuma
JER	4	31	petucha
JER	5	9	setuma
JER	5	13	setuma
JER	5	19	setuma
JER	5	29	setuma
JER	6	5	setuma
JER	6	8	petucha
JER	6	15	setuma
JER	6	20	setuma
JER	6	21	petucha
JER	6	30	petucha
JER	7	2	setuma
JER	7	11	setuma
JER	7	15	setuma
JER	7	19	setuma
JER	7	20	setuma
JER	7	28	setuma
JER	7	31	setuma
JER	8	3	setuma
JER	8	9	setuma
JER	8	12	setuma
JER	8	16	setuma
JER	8	17	setuma
JER	9	2	setuma
JER	9	5	setuma
JER	9	8	setuma
JER	9	10	setuma
JER	9	11	setuma
JER	9	13	setuma
JER	9	15	petucha
JER	9	18	setuma
JER	9	21	setuma
JER	9	23	setuma
JER	9	25	setuma
JER	10	5	setuma
JER	10	10	setuma
JER	10	11	setuma
JER	10	16	setuma
JER	10	17	setuma
JER	10	18	setuma
JER	10	21	setuma
JER	10	22	setuma
JER	10	25	petucha
JER	11	5	setuma
JER	11	8	setuma
JER	11	10	setuma
JER	11	13	setuma
JER	11	14	setuma
JER	11	17	setuma
JER	11	20	setuma
JER	11	21	setuma
JER	11	23	setuma
JER	12	3	setuma
JER	12	6	setuma
JER	12	12	setuma
JER	12	13	setuma
JER	12	17	setuma
JER	13	2	setuma
JER	13	7	petucha
JER	13	12	setuma
JER	13	14	setuma
JER	13	17	setuma
JER	13	19	setuma
JER	13	27	petucha
JER	14	9	setuma
JER	14	10	setuma
JER	14	12	setuma
JER	14	13	setuma
JER	14	14	setuma
JER	14	18	setuma
JER	14	22	petucha
JER	15	9	setuma
JER	15	10	setuma
JER	15	14	setuma
JER	15	16	setuma
JER	15	17	setuma
JER	15	18	setuma
JER	15	21	petucha
JER	16	4	setuma
JER	16	8	setuma
JER	16	13	setuma
JER	16	15	setuma
JER	16	18	setuma
JER	16	21	setuma
JER	17	4	setuma
JER	17	6	setuma
JER	17	10	setuma
JER	17	13	setuma
JER	17	18	setuma
JER	17	20	setuma
JER	17	27	petucha
JER	18	4	petucha
JER	18	6	setuma
JER	18	8	setuma
JER	18	10	setuma
JER	18	12	setuma
JER	18	17	setuma
JER	18	23	setuma
JER	19	5	petucha
JER	19	13	petucha
JER	19	14	setuma
JER	20	3	petucha
JER	20	6	setuma
JER	20	12	setuma
JER	20	13	setuma
JER	20	18	petucha
JER	21	2	setuma
JER	21	10	setuma
JER	21	14	setuma
JER	22	2	setuma
JER	22	5	setuma
JER	22	9	setuma
JER	22	10	setuma
JER	22	12	setuma
JER	22	17	setuma
JER	22	19	setuma
JER	22	27	setuma
JER	22	29	setuma
JER	23	4	setuma
JER	23	6	setuma
JER	23	8	setuma
JER	23	13	setuma
JER	23	14	setuma
JER	23	15	petucha
JER	23	18	setuma
JER	23	22	setuma
JER	23	29	setuma
JER	23	40	setuma
JER	24	2	setuma
JER	24	3	petucha
JER	24	7	setuma
JER	24	10	petucha
JER	25	7	setuma
JER	25	14	setuma
JER	25	27	setuma
JER	25	31	setuma
JER	25	38	petucha
JER	26	6	setuma
JER	26	10	setuma
JER	26	15	setuma
JER	26	24	petucha
JER	27	18	petucha
JER	27	20	setuma
JER	27	22	petucha
JER	28	11	petucha
JER	28	17	petucha
JER	29	3	setuma
JER	29	7	petucha
JER	29	9	setuma
JER	29	15	setuma
JER	29	20	setuma
JER	29	23	setuma
JER	29	29	petucha
JER	29	32	setuma
JER	30	3	petucha
JER	30	9	setuma
JER	30	11	petucha
JER	30	17	setuma
JER	30	22	setuma
JER	31	1	setuma
JER	31	6	petucha
JER	31	9	setuma
JER	31	14	setuma
JER	31	15	setuma
JER	31	17	setuma
JER	31	20	setuma
JER	31	22	setuma
JER	31	26	setuma
JER	31	30	setuma
JER	31	34	setuma
JER	31	36	setuma
JER	31	37	setuma
JER	31	40	setuma
JER	32	5	petucha
JER	32	14	setuma
JER	32	15	petucha
JER	32	35	setuma
JER	32	41	setuma
JER	32	44	petucha
JER	33	3	setuma
JER	33	9	setuma
JER	33	11	setuma
JER	33	13	setuma
JER	33	16	setuma
JER	33	18	setuma
JER	33	22	setuma
JER	33	24	setuma
JER	33	26	setuma
JER	34	5	setuma
JER	34	7	petucha
JER	34	11	setuma
JER	34	16	setuma
JER	34	22	petucha
JER	35	11	petucha
JER	35	16	setuma
JER	35	18	setuma
JER	35	19	petucha
JER	36	3	setuma
JER	36	8	setuma
JER	36	18	petucha
JER	36	26	setuma
JER	36	29	setuma
JER	36	31	setuma
JER	36	32	setuma
JER	37	5	petucha
JER	37	8	setuma
JER	37	11	setuma
JER	37	16	petucha
JER	37	17	setuma
JER	38	1	setuma
JER	38	2	setuma
JER	38	6	setuma
JER	38	13	setuma
JER	38	16	setuma
JER	38	18	setuma
JER	38	19	petucha
JER	38	23	petucha
JER	38	26	petucha
JER	38	27	petucha
JER	38	28	setuma
JER	38	28	petucha
JER	39	1	setuma
JER	39	14	setuma
JER	39	18	setuma
JER	40	6	setuma
JER	40	12	petucha
JER	40	16	setuma
JER	41	6	setuma
JER	41	10	setuma
JER	41	15	setuma
JER	41	18	setuma
JER	42	6	setuma
JER	42	17	setuma
JER	42	22	setuma
JER	43	1	setuma
JER	43	7	setuma
JER	43	13	setuma
JER	44	1	setuma
JER	44	6	setuma
JER	44	10	setuma
JER	44	14	setuma
JER	44	19	petucha
JER	44	23	setuma
JER	44	24	setuma
JER	44	25	petucha
JER	44	29	setuma
JER	44	30	setuma
JER	45	1	setuma
JER	45	3	setuma
JER	45	5	setuma
JER	46	12	petucha
JER	46	19	setuma
JER	46	26	setuma
JER	46	27	setuma
JER	46	28	setuma
JER	47	1	setuma
JER	47	5	setuma
JER	47	7	setuma
JER	48	11	setuma
JER	48	39	setuma
JER	48	47	setuma
JER	49	6	setuma
JER	49	11	setuma
JER	49	19	setuma
JER	49	22	setuma
JER	49	27	setuma
JER	49	33	setuma
JER	49	39	setuma
JER	50	5	setuma
JER	50	7	setuma
JER	50	16	setuma
JER	50	17	setuma
JER	50	21	setuma
JER	50	27	setuma
JER	50	30	setuma
JER	50	32	setuma
JER	50	46	setuma
JER	51	14	setuma
JER	51	19	setuma
JER	51	24	setuma
JER	51	32	setuma
JER	51	35	setuma
JER	51	51	setuma
JER	51	53	setuma
JER	51	57	setuma
JER	51	58	setuma
JER	51	64	setuma
JER	52	30	petucha
LAM	1	1	setuma
LAM	1	2	setuma
LAM	1	3	setuma
LAM	1	4	setuma
LAM	1	5	setuma
LAM	1	6	setuma
LAM	1	7	setuma
LAM	1	8	setuma
LAM	1	9	setuma
LAM	1	10	setuma
LAM	1	11	setuma
LAM	1	12	setuma
LAM	1	13	setuma
LAM	1	14	setuma
LAM	1	15	setuma
LAM	1	16	setuma
LAM	1	17	setuma
LAM	1	18	setuma
LAM	1	19	setuma
LAM	1	20	setuma
LAM	1	21	setuma
LAM	1	22	petucha
LAM	2	1	setuma
LAM	2	2	setuma
LAM	2	3	setuma
LAM	2	4	setuma
LAM	2	5	setuma
LAM	2	6	setuma
LAM	2	7	setuma
LAM	2	8	setuma
LAM	2	9	setuma
LAM	2	10	setuma
LAM	2	11	setuma
LAM	2	12	setuma
LAM	2	13	setuma
LAM	2	14	setuma
LAM	2	15	setuma
LAM	2	16	setuma
LAM	2	17	setuma
LAM	2	18	setuma
LAM	2	19	setuma
LAM	2	20	setuma
LAM	2	21	setuma
LAM	2	22	petucha
LAM	3	3	setuma
LAM	3	6	setuma
LAM	3	9	setuma
LAM	3	12	setuma
LAM	3	15	setuma
LAM	3	18	setuma
LAM	3	21	setuma
LAM	3	24	setuma
LAM	3	27	setuma
LAM	3	30	setuma
LAM	3	33	setuma
LAM	3	36	setuma
LAM	3	39	setuma
LAM	3	42	setuma
LAM	3	45	setuma
LAM	3	48	setuma
LAM	3	51	setuma
LAM	3	54	setuma
LAM	3	57	setuma
LAM	3	60	setuma
LAM	3	63	setuma
LAM	3	66	petucha
LAM	4	1	setuma
LAM	4	2	setuma
LAM	4	3	setuma
LAM	4	4	setuma
LAM	4	5	setuma
LAM	4	6	setuma
LAM	4	7	setuma
LAM	4	8	setuma
LAM	4	9	setuma
LAM	4	10	setuma
LAM	4	11	setuma
LAM	4	12	setuma
LAM	4	13	setuma
LAM	4	14	setuma
LAM	4	15	setuma
LAM	4	16	setuma
LAM	4	17	setuma
LAM	4	18	setuma
LAM	4	19	setuma
LAM	4	20	setuma
LAM	4	21	setuma
LAM	4	22	petucha
LAM	5	18	petucha
EZK	1	28	setuma
EZK	2	2	petucha
EZK	2	5	petucha
EZK	2	7	petucha
EZK	2	10	setuma
EZK	3	3	petucha
EZK	3	9	petucha
EZK	3	16	petucha
EZK	3	19	setuma
EZK	3	21	setuma
EZK	3	27	setuma
EZK	4	3	setuma
EZK	4	12	setuma
EZK	4	14	setuma
EZK	4	15	setuma
EZK	4	17	petucha
EZK	5	4	petucha
EZK	5	6	setuma
EZK	5	7	setuma
EZK	5	9	setuma
EZK	5	10	petucha
EZK	5	17	petucha
EZK	6	10	petucha
EZK	6	14	petucha
EZK	7	4	petucha
EZK	7	22	petucha
EZK	7	27	petucha
EZK	8	6	setuma
EZK	8	14	setuma
EZK	9	3	setuma
EZK	9	11	setuma
EZK	11	1	petucha
EZK	11	6	petucha
EZK	11	13	petucha
EZK	11	15	setuma
EZK	11	16	setuma
EZK	11	25	petucha
EZK	12	7	petucha
EZK	12	16	petucha
EZK	12	20	petucha
EZK	12	25	petucha
EZK	12	28	setuma
EZK	13	7	setuma
EZK	13	12	setuma
EZK	13	16	petucha
EZK	13	19	setuma
EZK	14	1	petucha
EZK	14	3	setuma
EZK	14	5	setuma
EZK	14	8	setuma
EZK	14	11	petucha
EZK	14	20	petucha
EZK	14	23	petucha
EZK	15	5	setuma
EZK	15	8	petucha
EZK	16	35	petucha
EZK	16	50	setuma
EZK	16	58	setuma
EZK	16	63	setuma
EZK	17	8	setuma
EZK	17	10	petucha
EZK	17	18	setuma
EZK	17	21	setuma
EZK	17	24	petucha
EZK	18	4	setuma
EZK	18	20	setuma
EZK	18	23	setuma
EZK	18	26	setuma
EZK	18	32	petucha
EZK	19	9	petucha
EZK	19	14	petucha
EZK	20	1	setuma
EZK	20	26	setuma
EZK	20	44	petucha
EZK	21	5	petucha
EZK	21	10	setuma
EZK	21	12	petucha
EZK	21	18	petucha
EZK	21	22	petucha
EZK	21	28	petucha
EZK	21	29	petucha
EZK	21	30	setuma
EZK	21	32	petucha
EZK	21	37	petucha
EZK	22	16	petucha
EZK	22	18	setuma
EZK	22	22	petucha
EZK	22	31	petucha
EZK	23	10	setuma
EZK	23	21	setuma
EZK	23	27	setuma
EZK	23	31	setuma
EZK	23	34	setuma
EZK	23	35	setuma
EZK	23	45	setuma
EZK	23	49	petucha
EZK	24	5	setuma
EZK	24	8	petucha
EZK	24	14	petucha
EZK	24	24	setuma
EZK	24	27	setuma
EZK	25	5	setuma
EZK	25	7	setuma
EZK	25	11	setuma
EZK	25	14	petucha
EZK	25	17	setuma
EZK	26	6	petucha
EZK	26	14	setuma
EZK	26	18	setuma
EZK	26	21	setuma
EZK	27	36	setuma
EZK	28	5	setuma
EZK	28	10	setuma
EZK	28	19	petucha
EZK	28	24	setuma
EZK	28	26	setuma
EZK	29	7	setuma
EZK	29	12	petucha
EZK	29	16	petucha
EZK	29	18	setuma
EZK	29	20	setuma
EZK	29	21	petucha
EZK	30	5	petucha
EZK	30	9	setuma
EZK	30	12	setuma
EZK	30	19	petucha
EZK	30	21	setuma
EZK	30	26	setuma
EZK	31	9	setuma
EZK	31	14	setuma
EZK	31	18	setuma
EZK	32	10	setuma
EZK	32	16	petucha
EZK	32	32	petucha
EZK	33	6	setuma
EZK	33	9	setuma
EZK	33	11	petucha
EZK	33	20	petucha
EZK	33	22	petucha
EZK	33	24	setuma
EZK	33	26	setuma
EZK	33	29	setuma
EZK	33	33	setuma
EZK	34	8	setuma
EZK	34	10	setuma
EZK	34	19	setuma
EZK	34	31	petucha
EZK	35	13	setuma
EZK	35	15	petucha
EZK	36	4	setuma
EZK	36	12	setuma
EZK	36	15	setuma
EZK	36	21	setuma
EZK	36	32	setuma
EZK	36	36	setuma
EZK	36	38	setuma
EZK	37	10	setuma
EZK	37	12	setuma
EZK	37	14	petucha
EZK	37	28	setuma
EZK	38	9	setuma
EZK	38	13	setuma
EZK	38	16	setuma
EZK	38	17	setuma
EZK	38	23	setuma
EZK	39	10	setuma
EZK	39	16	setuma
EZK	39	24	setuma
EZK	39	29	petucha
EZK	43	9	setuma
EZK	43	27	setuma
EZK	43	27	setuma
EZK	44	14	petucha
EZK	44	31	petucha
EZK	45	8	setuma
EZK	45	17	setuma
EZK	45	25	setuma
EZK	46	11	setuma
EZK	46	15	petucha
EZK	46	19	setuma
EZK	47	12	setuma
EZK	47	23	setuma
EZK	48	11	setuma
EZK	48	29	petucha
DAN	1	21	petucha
DAN	2	13	petucha
DAN	2	16	petucha
DAN	2	24	setuma
DAN	2	28	petucha
DAN	2	45	petucha
DAN	2	49	petucha
DAN	3	12	setuma
DAN	3	18	setuma
DAN	3	23	petucha
DAN	3	25	setuma
DAN	3	30	petucha
DAN	4	25	petucha
DAN	4	34	petucha
DAN	5	7	setuma
DAN	5	12	petucha
DAN	5	16	petucha
DAN	5	30	petucha
DAN	6	6	setuma
DAN	6	11	setuma
DAN	6	29	petucha
DAN	7	14	petucha
DAN	7	28	petucha
DAN	8	27	petucha
DAN	9	27	petucha
DAN	10	3	petucha
DAN	10	21	petucha
DAN	12	2	setuma
DAN	12	3	petucha
DAN	12	8	petucha
HOS	1	2	petucha
HOS	1	9	setuma
HOS	2	15	petucha
HOS	2	17	setuma
HOS	2	22	setuma
HOS	2	25	petucha
HOS	3	5	petucha
HOS	4	19	setuma
HOS	5	7	setuma
HOS	6	11	petucha
HOS	7	12	setuma
HOS	8	14	setuma
HOS	9	9	setuma
HOS	9	16	setuma
HOS	9	17	setuma
HOS	10	8	setuma
HOS	11	11	setuma
HOS	13	11	setuma
HOS	14	1	petucha
HOS	14	8	setuma
JOL	1	12	setuma
JOL	1	20	petucha
JOL	2	14	petucha
JOL	2	27	setuma
JOL	4	8	setuma
JOL	4	17	setuma
AMO	1	2	petucha
AMO	1	5	petucha
AMO	1	8	petucha
AMO	1	10	petucha
AMO	1	12	petucha
AMO	1	15	petucha
AMO	2	3	petucha
AMO	2	5	petucha
AMO	2	16	petucha
AMO	3	10	petucha
AMO	3	15	setuma
AMO	4	9	setuma
AMO	4	11	setuma
AMO	4	13	setuma
AMO	5	3	setuma
AMO	5	8	setuma
AMO	5	15	setuma
AMO	5	17	setuma
AMO	5	27	petucha
AMO	6	7	petucha
AMO	6	14	setuma
AMO	7	6	setuma
AMO	7	9	petucha
AMO	7	11	setuma
AMO	7	13	setuma
AMO	7	17	setuma
AMO	8	3	petucha
AMO	8	8	setuma
AMO	8	14	setuma
AMO	9	12	petucha
JON	2	10	setuma
JON	2	11	petucha
JON	4	3	setuma
MIC	1	16	setuma
MIC	2	2	petucha
MIC	2	13	petucha
MIC	3	4	petucha
MIC	3	8	setuma
MIC	3	12	petucha
MIC	4	5	petucha
MIC	4	7	petucha
MIC	4	14	setuma
MIC	5	5	setuma
MIC	5	8	petucha
MIC	5	14	setuma
MIC	6	8	petucha
MIC	6	16	petucha
MIC	7	8	setuma
MIC	7	13	setuma
NAM	1	11	setuma
NAM	1	14	petucha
NAM	2	14	setuma
HAB	1	17	setuma
HAB	2	8	petucha
HAB	2	11	petucha
HAB	2	14	setuma
HAB	2	17	setuma
HAB	2	18	setuma
HAB	2	20	petucha
HAB	3	7	setuma
HAB	3	13	petucha
ZEP	1	9	setuma
ZEP	1	18	setuma
ZEP	2	4	setuma
ZEP	2	15	setuma
ZEP	3	13	setuma
HAG	1	2	petucha
HAG	1	6	petucha
HAG	1	11	setuma
HAG	1	14	petucha
HAG	2	5	setuma
HAG	2	9	petucha
HAG	2	19	setuma
ZEC	1	6	setuma
ZEC	1	17	setuma
ZEC	2	2	setuma
ZEC	2	4	setuma
ZEC	2	9	petucha
ZEC	2	11	setuma
ZEC	2	13	setuma
ZEC	2	17	setuma
ZEC	4	7	petucha
ZEC	5	8	setuma
ZEC	5	11	setuma
ZEC	6	8	setuma
ZEC	6	15	setuma
ZEC	7	3	petucha
ZEC	7	7	petucha
ZEC	7	14	petucha
ZEC	8	3	setuma
ZEC	8	5	setuma
ZEC	8	6	petucha
ZEC	8	8	setuma
ZEC	8	13	setuma
ZEC	8	17	setuma
ZEC	8	19	petucha
ZEC	8	22	setuma
ZEC	8	23	setuma
ZEC	9	8	setuma
ZEC	10	2	petucha
ZEC	10	12	setuma
ZEC	11	3	setuma
ZEC	11	14	setuma
ZEC	11	16	setuma
ZEC	11	17	setuma
ZEC	12	1	petucha
ZEC	12	6	petucha
ZEC	12	14	setuma
ZEC	13	6	setuma
ZEC	13	9	setuma
MAL	1	13	setuma
MAL	2	9	petucha
MAL	2	12	petucha
MAL	2	16	setuma
MAL	3	12	setuma
MAL	3	18	setuma
MAL	3	21	petucha
