# Hebrew Strong's pairs sharing a Wiktionary root category (CC BY-SA, kaikki.org wiktextract extract
# of English Wiktionary's Hebrew entries). Validated 2026-08 at 35.0% SDBH-domain agreement on its
# own — weaker than BDB (50.6%); real value is as a second vote alongside xling (agreement jumps
# to 87.7% on the intersection) — see domain-replacement-roadmap.md. See build_wiktionary_roots.py.
strong_a	strong_b	root
H0009	H0010	א־ב־ד
H0009	H0011	א־ב־ד
H0009	H0012	א־ב־ד
H0009	H0013	א־ב־ד
H0010	H0011	א־ב־ד
H0010	H0012	א־ב־ד
H0010	H0013	א־ב־ד
H0011	H0012	א־ב־ד
H0011	H0013	א־ב־ד
H0012	H0013	א־ב־ד
H0020	H0982	ב־ט־ח
H0034	H0189	א־ב־ה
H0044	H0074	א־ב
H0044	H0087	א־ב
H0044	H5826	ע־ז־ר
H0044	H5828	ע־ז־ר
H0044	H5829	ע־ז־ר
H0046	H0047	א־ב־ר
H0046	H0082	א־ב־ר
H0046	H0083	א־ב־ר
H0046	H0084	א־ב־ר
H0047	H0082	א־ב־ר
H0047	H0083	א־ב־ר
H0047	H0084	א־ב־ר
H0053	H7965	ש־ל־ם
H0053	H7966	ש־ל־ם
H0053	H7967	ש־ל־ם
H0074	H0087	א־ב
H0082	H0083	א־ב־ר
H0082	H0084	א־ב־ר
H0083	H0084	א־ב־ר
H0087	H4791	ר־ו־ם
H0087	H4792	ר־ו־ם
H0087	H7318	ר־ו־ם
H0087	H7410	ר־ו־ם
H0087	H8641	ר־ו־ם
H0092	H5046	נ־ג־ד
H0092	H5047	נ־ג־ד
H0092	H5048	נ־ג־ד
H0092	H5057	נ־ג־ד
H0095	H0104	א־ג־ר
H0117	H0155	א־ד־ר
H0123	H0125	א־ד־ם
H0123	H0126	א־ד־ם
H0123	H0127	א־ד־ם
H0123	H0128	א־ד־ם
H0125	H0126	א־ד־ם
H0125	H0127	א־ד־ם
H0125	H0128	א־ד־ם
H0126	H0127	א־ד־ם
H0126	H0128	א־ד־ם
H0127	H0128	א־ד־ם
H0134	H0135	א־ד־ן
H0157	H0160	א־ה־ב
H0198	H0361	א־ל־ם
H0198	H0362	א־ל־ם
H0198	H0481	א־ל־ם
H0198	H0482	א־ל־ם
H0198	H0483	א־ל־ם
H0198	H0488	א־ל־ם
H0198	H0489	א־ל־ם
H0198	H0490	א־ל־ם
H0198	H0491	א־ל־ם
H0201	H3982	א־מ־ר
H0201	H3983	א־מ־ר
H0214	H0686	א־צ־ר
H0214	H0687	א־צ־ר
H0219	H3974	א־ו־ר
H0225	H0226	א־ו־ת
H0235	H0236	א־ז־ל
H0235	H0237	א־ז־ל
H0236	H0237	א־ז־ל
H0249	H2224	ז־ר־ח
H0249	H2225	ז־ר־ח
H0249	H2226	ז־ר־ח
H0314	H0317	א־ח־ר
H0314	H0319	א־ח־ר
H0314	H0320	א־ח־ר
H0317	H0319	א־ח־ר
H0317	H0320	א־ח־ר
H0319	H0320	א־ח־ר
H0350	H3519	כ־ב־ד
H0361	H0362	א־ל־ם
H0361	H0481	א־ל־ם
H0361	H0482	א־ל־ם
H0361	H0483	א־ל־ם
H0361	H0488	א־ל־ם
H0361	H0489	א־ל־ם
H0361	H0490	א־ל־ם
H0361	H0491	א־ל־ם
H0362	H0481	א־ל־ם
H0362	H0482	א־ל־ם
H0362	H0483	א־ל־ם
H0362	H0488	א־ל־ם
H0362	H0489	א־ל־ם
H0362	H0490	א־ל־ם
H0362	H0491	א־ל־ם
H0367	H0517	א־מ־ם
H0376	H0583	א־נ־שׁ
H0376	H0605	א־נ־שׁ
H0376	H5386	א־נ־שׁ
H0386	H0387	י־ת־ן
H0386	H0388	י־ת־ן
H0387	H0388	י־ת־ן
H0394	H0395	א־כ־ז־ר
H0396	H0402	א־כ־ל
H0396	H3978	א־כ־ל
H0402	H3978	א־כ־ל
H0451	H0452	א־ל־ה
H0472	H1403	א־ל
H0472	H4317	א־ל
H0472	H5741	א־ל
H0472	H6005	א־ל
H0472	H7501	א־ל
H0481	H0482	א־ל־ם
H0481	H0483	א־ל־ם
H0481	H0488	א־ל־ם
H0481	H0489	א־ל־ם
H0481	H0490	א־ל־ם
H0481	H0491	א־ל־ם
H0482	H0483	א־ל־ם
H0482	H0488	א־ל־ם
H0482	H0489	א־ל־ם
H0482	H0490	א־ל־ם
H0482	H0491	א־ל־ם
H0483	H0488	א־ל־ם
H0483	H0489	א־ל־ם
H0483	H0490	א־ל־ם
H0483	H0491	א־ל־ם
H0488	H0489	א־ל־ם
H0488	H0490	א־ל־ם
H0488	H0491	א־ל־ם
H0489	H0490	א־ל־ם
H0489	H0491	א־ל־ם
H0490	H0491	א־ל־ם
H0530	H0571	א־מ־ן
H0533	H3981	א־מ־ץ
H0536	H0537	א־מ־ל־ל
H0583	H0605	א־נ־שׁ
H0583	H5386	א־נ־שׁ
H0597	H0598	א־נ־ס
H0603	H0604	א־נ־ק
H0605	H5386	א־נ־שׁ
H0612	H0613	א־ס־ר
H0612	H0631	א־ס־ר
H0613	H0631	א־ס־ר
H0644	H3989	א־פ־ה
H0650	H0663	א־פ־ק
H0665	H0666	א־פ־ר
H0680	H0682	א־צ־ל
H0686	H0687	א־צ־ר
H0688	H6919	ק־ד־ח
H0688	H6920	ק־ד־ח
H0697	H0698	א־ר־ב
H0697	H0698	ר־ב־ה
H0697	H0699	א־ר־ב
H0697	H0699	ר־ב־ה
H0697	H3993	א־ר־ב
H0697	H7235	ר־ב־ה
H0697	H8635	ר־ב־ה
H0698	H0699	א־ר־ב
H0698	H0699	ר־ב־ה
H0698	H3993	א־ר־ב
H0698	H7235	ר־ב־ה
H0698	H8635	ר־ב־ה
H0699	H3993	א־ר־ב
H0699	H7235	ר־ב־ה
H0699	H8635	ר־ב־ה
H0707	H0708	א־ר־ג
H0707	H3296	א־ר־ג
H0708	H3296	א־ר־ג
H0710	H0711	א־ר־ג־ן
H0825	H0826	א־שׁ־ף
H0825	H0826	נ־שׁ־ף
H0825	H3244	נ־שׁ־ף
H0825	H5398	נ־שׁ־ף
H0825	H5399	נ־שׁ־ף
H0826	H3244	נ־שׁ־ף
H0826	H5398	נ־שׁ־ף
H0826	H5399	נ־שׁ־ף
H0842	H0843	א־שׁ־ר
H0857	H0858	א־ת־א
H0857	H0858	א־ת־ה
H0857	H2978	א־ת־ה
H0858	H2978	א־ת־ה
H0898	H0899	ב־ג־ד
H0905	H0906	ב־ד־ד
H0905	H0906	ב־ד־ה
H0905	H0907	ב־ד־ד
H0905	H0907	ב־ד־ה
H0905	H0909	ב־ד־ד
H0905	H0910	ב־ד־ד
H0905	H0911	ב־ד־ד
H0906	H0907	ב־ד־ד
H0906	H0907	ב־ד־ה
H0906	H0909	ב־ד־ד
H0906	H0910	ב־ד־ד
H0906	H0911	ב־ד־ד
H0907	H0909	ב־ד־ד
H0907	H0910	ב־ד־ד
H0907	H0911	ב־ד־ד
H0909	H0910	ב־ד־ד
H0909	H0911	ב־ד־ד
H0910	H0911	ב־ד־ד
H0913	H0914	ב־ד־ל
H0913	H0915	ב־ד־ל
H0914	H0915	ב־ד־ל
H0918	H0919	ב־ד־ק
H0936	H0937	ב־ו־ז
H0936	H0938	ב־ו־ז
H0936	H0957	ב־ו־ז
H0936	H0959	ב־ו־ז
H0936	H0961	ב־ו־ז
H0936	H5240	ב־ו־ז
H0937	H0938	ב־ו־ז
H0937	H0957	ב־ו־ז
H0937	H0959	ב־ו־ז
H0937	H0961	ב־ו־ז
H0937	H5240	ב־ו־ז
H0938	H0957	ב־ו־ז
H0938	H0959	ב־ו־ז
H0938	H0961	ב־ו־ז
H0938	H5240	ב־ו־ז
H0939	H0959	ב־ז־ה
H0939	H0961	ב־ז־ה
H0939	H5240	ב־ז־ה
H0948	H1000	ב־צ־ץ
H0951	H1230	ב־ק־ר
H0951	H1243	ב־ק־ר
H0952	H1305	ב־ר־ר
H0953	H1001	ב־ו־ר
H0953	H1002	ב־ו־ר
H0953	H5626	ב־ו־ר
H0954	H0955	ב־ו־שׁ
H0954	H3001	י־ב־שׁ
H0954	H3002	י־ב־שׁ
H0954	H3004	י־ב־שׁ
H0954	H3006	י־ב־שׁ
H0954	H3007	י־ב־שׁ
H0954	H4016	ב־ו־שׁ
H0955	H4016	ב־ו־שׁ
H0957	H0959	ב־ו־ז
H0957	H0959	ב־ז־ז
H0957	H0961	ב־ו־ז
H0957	H0961	ב־ז־ז
H0957	H5240	ב־ו־ז
H0957	H5240	ב־ז־ז
H0959	H0961	ב־ו־ז
H0959	H0961	ב־ז־ה
H0959	H0961	ב־ז־ז
H0959	H5240	ב־ו־ז
H0959	H5240	ב־ז־ה
H0959	H5240	ב־ז־ז
H0961	H5240	ב־ו־ז
H0961	H5240	ב־ז־ה
H0961	H5240	ב־ז־ז
H0965	H0966	ב־ז־ק
H0974	H0975	ב־ח־ן
H0974	H0976	ב־ח־ן
H0975	H0976	ב־ח־ן
H0990	H0991	ב־ט־ן
H0998	H0999	ב־י־ן
H1001	H1002	ב־ו־ר
H1001	H5626	ב־ו־ר
H1002	H5626	ב־ו־ר
H1037	H4407	מ־ל־א
H1051	H4832	ר־פ־א
H1051	H7495	ר־פ־א
H1051	H7496	ר־פ־א
H1051	H7497	ר־פ־א
H1051	H7498	ר־פ־א
H1051	H7499	ר־פ־א
H1051	H8644	ר־פ־א
H1058	H1059	ב־כ־ה
H1058	H1065	ב־כ־ה
H1059	H1065	ב־כ־ה
H1090	H1091	ב־ל־הּ
H1098	H1101	ב־ל־ל
H1098	H5034	ב־ל־ל
H1101	H5034	ב־ל־ל
H1116	H1117	ב־י־ם
H1124	H1129	ב־נ־ה
H1172	H1173	ב־ע־ל
H1172	H1175	ב־ע־ל
H1173	H1175	ב־ע־ל
H1197	H1198	ב־ע־ר
H1214	H1215	ב־צ־ע
H1216	H1217	ב־צ־ק
H1225	H4013	ב־צ־ר
H1225	H4014	ב־צ־ר
H1227	H1228	ב־ק־ב־ק
H1230	H1243	ב־ק־ר
H1234	H1235	ב־ק־ע
H1234	H1236	ב־ק־ע
H1234	H1237	ב־ק־ע
H1235	H1236	ב־ק־ע
H1235	H1237	ב־ק־ע
H1236	H1237	ב־ק־ע
H1263	H1293	ב־ר־ך
H1263	H1294	ב־ר־ך
H1263	H1295	ב־ר־ך
H1272	H1280	ב־ר־ח
H1272	H1281	ב־ר־ח
H1272	H1282	ב־ר־ח
H1277	H1278	ב־ר־א
H1280	H1281	ב־ר־ח
H1280	H1282	ב־ר־ח
H1281	H1282	ב־ר־ח
H1285	H1287	ב־ר־ה
H1293	H1294	ב־ר־ך
H1293	H1295	ב־ר־ך
H1294	H1295	ב־ר־ך
H1299	H1300	ב־ר־ק
H1299	H1301	ב־ר־ק
H1300	H1301	ב־ר־ק
H1310	H1311	ב־שׁ־ל
H1319	H1320	ב־שׂ־ר
H1319	H1321	ב־שׂ־ר
H1320	H1321	ב־שׂ־ר
H1334	H1335	ב־ת־ר
H1334	H1336	ב־ת־ר
H1335	H1336	ב־ת־ר
H1347	H1348	ג־א־ה
H1366	H1379	ג־ב־ל
H1366	H1380	ג־ב־ל
H1366	H1381	ג־ב־ל
H1375	H1389	ג־ב־ע
H1375	H1390	ג־ב־ע
H1377	H1403	ג־ב־ר
H1377	H1404	ג־ב־ר
H1379	H1380	ג־ב־ל
H1379	H1381	ג־ב־ל
H1380	H1381	ג־ב־ל
H1389	H1390	ג־ב־ע
H1403	H1404	ג־ב־ר
H1403	H4317	א־ל
H1403	H5741	א־ל
H1403	H6005	א־ל
H1403	H7501	א־ל
H1416	H1417	ג־ד־ד
H1419	H1431	ג־ד־ל
H1419	H1896	ג־ד־ל
H1419	H4024	ג־ד־ל
H1419	H4026	ג־ד־ל
H1431	H1896	ג־ד־ל
H1431	H4024	ג־ד־ל
H1431	H4026	ג־ד־ל
H1448	H1449	ג־ד־ר
H1469	H1497	ג־ז־ל
H1469	H1498	ג־ז־ל
H1469	H1499	ג־ז־ל
H1473	H1525	ג־ל־ה
H1473	H1546	ג־ל־ה
H1488	H1491	ג־ז־ז
H1488	H1492	ג־ז־ז
H1488	H1494	ג־ז־ז
H1488	H1495	ג־ז־ז
H1491	H1492	ג־ז־ז
H1491	H1494	ג־ז־ז
H1491	H1495	ג־ז־ז
H1492	H1494	ג־ז־ז
H1492	H1495	ג־ז־ז
H1494	H1495	ג־ז־ז
H1497	H1498	ג־ז־ל
H1497	H1499	ג־ז־ל
H1498	H1499	ג־ז־ל
H1508	H1509	ג־ז־ר
H1508	H1510	ג־ז־ר
H1509	H1510	ג־ז־ר
H1516	H1996	ג־י־א
H1525	H1546	ג־ל־ה
H1530	H1550	ג־ל־ל
H1530	H1551	ג־ל־ל
H1530	H1561	ג־ל־ל
H1550	H1551	ג־ל־ל
H1550	H1561	ג־ל־ל
H1551	H1561	ג־ל־ל
H1563	H1564	ג־ל־ם
H1580	H1581	ג־מ־ל
H1589	H1590	ג־נ־ב
H1595	H1596	ג־נ־ז
H1595	H1597	ג־נ־ז
H1596	H1597	ג־נ־ז
H1615	H1616	ג־ו־ר
H1615	H1624	ג־ו־ר
H1615	H1625	ג־ו־ר
H1615	H1626	ג־ו־ר
H1615	H4032	ג־ו־ר
H1615	H4033	ג־ו־ר
H1616	H1624	ג־ו־ר
H1616	H1625	ג־ו־ר
H1616	H1626	ג־ו־ר
H1616	H4032	ג־ו־ר
H1616	H4033	ג־ו־ר
H1624	H1625	ג־ו־ר
H1624	H1625	ג־י־ר
H1624	H1625	ג־ר־ר
H1624	H1626	ג־ו־ר
H1624	H1626	ג־י־ר
H1624	H1626	ג־ר־ר
H1624	H1627	ג־ר־ר
H1624	H1641	ג־ר־ר
H1624	H1642	ג־ר־ר
H1624	H4032	ג־ו־ר
H1624	H4033	ג־ו־ר
H1625	H1626	ג־ו־ר
H1625	H1626	ג־י־ר
H1625	H1626	ג־ר־ר
H1625	H1627	ג־ר־ר
H1625	H1641	ג־ר־ר
H1625	H1642	ג־ר־ר
H1625	H4032	ג־ו־ר
H1625	H4033	ג־ו־ר
H1626	H1627	ג־ר־ר
H1626	H1641	ג־ר־ר
H1626	H1642	ג־ר־ר
H1626	H4032	ג־ו־ר
H1626	H4033	ג־ו־ר
H1627	H1641	ג־ר־ר
H1627	H1642	ג־ר־ר
H1633	H1634	ג־ר־ם
H1633	H1635	ג־ר־ם
H1634	H1635	ג־ר־ם
H1641	H1642	ג־ר־ר
H1643	H1644	ג־ר־שׁ
H1643	H1645	ג־ר־שׁ
H1643	H4054	ג־ר־שׁ
H1644	H1645	ג־ר־שׁ
H1644	H4054	ג־ר־שׁ
H1645	H4054	ג־ר־שׁ
H1672	H1673	ד־א־ג
H1672	H1674	ד־א־ג
H1673	H1674	ד־א־ג
H1687	H1688	ד־ב־ר
H1687	H1703	ד־ב־ר
H1687	H1705	ד־ב־ר
H1687	H4057	ד־ב־ר
H1688	H1703	ד־ב־ר
H1688	H1705	ד־ב־ר
H1688	H4057	ד־ב־ר
H1703	H1705	ד־ב־ר
H1703	H4057	ד־ב־ר
H1705	H4057	ד־ב־ר
H1710	H1711	ד־ג
H1730	H1731	ד־ו־ד
H1730	H1732	ד־ו־ד
H1730	H1733	ד־ו־ד
H1731	H1732	ד־ו־ד
H1731	H1733	ד־ו־ד
H1732	H1733	ד־ו־ד
H1770	H1771	ד־ו־ג
H1802	H1803	ד־ל־ה
H1802	H1805	ד־ל־ה
H1803	H1805	ד־ל־ה
H1811	H1812	ד־ל־ף
H1814	H1815	ד־ל־ק
H1814	H1816	ד־ל־ק
H1815	H1816	ד־ל־ק
H1826	H1827	ד־מ־ם
H1830	H1831	ד־מ־ע
H1835	H1842	ד־ו־ן
H1835	H4265	ד־ו־ן
H1842	H3283	י־ע־ן
H1842	H4265	ד־ו־ן
H1844	H1847	י־ד־ע
H1844	H3037	י־ד־ע
H1844	H3045	י־ד־ע
H1844	H3046	י־ד־ע
H1844	H3047	י־ד־ע
H1844	H4093	י־ד־ע
H1844	H4129	י־ד־ע
H1847	H3037	י־ד־ע
H1847	H3045	י־ד־ע
H1847	H3046	י־ד־ע
H1847	H3047	י־ד־ע
H1847	H4093	י־ד־ע
H1847	H4129	י־ד־ע
H1851	H1852	ד־ק־ק
H1851	H1855	ד־ק־ק
H1852	H1855	ד־ק־ק
H1856	H1857	ד־ק־ר
H1858	H1859	ד־ו־ר
H1858	H1859	ד־ר־ר
H1858	H4071	ד־ו־ר
H1859	H4071	ד־ו־ר
H1869	H1870	ד־ר־ך
H1876	H1877	ד־שׁ־א
H1878	H1879	ד־שׁ־ן
H1878	H1880	ד־שׁ־ן
H1879	H1880	ד־שׁ־ן
H1886	H3372	ר־א־ה
H1886	H3374	ר־א־ה
H1886	H4758	ר־א־ה
H1886	H4759	ר־א־ה
H1886	H4760	ר־א־ה
H1886	H7211	ר־א־ה
H1891	H1892	ה־ב־ל
H1891	H1893	ה־ב־ל
H1892	H1893	ה־ב־ל
H1896	H4024	ג־ד־ל
H1896	H4026	ג־ד־ל
H1897	H1898	ה־ג־ה
H1897	H1899	ה־ג־ה
H1898	H1899	ה־ג־ה
H1906	H1935	ה־ו־ד
H1906	H1936	ה־ו־ד
H1935	H1936	ה־ו־ד
H1951	H1952	ה־ו־ן
H1954	H3091	י־שׁ־ע
H1954	H3442	י־שׁ־ע
H1954	H3443	י־שׁ־ע
H1954	H3444	י־שׁ־ע
H1954	H3470	י־שׁ־ע
H1956	H3148	י־ת־ר
H1956	H3504	י־ת־ר
H1956	H4195	י־ת־ר
H1956	H4340	י־ת־ר
H1966	H1984	ה־ל־ל
H1966	H1985	ה־ל־ל
H1966	H8416	ה־ל־ל
H1966	H8417	ה־ל־ל
H1967	H2000	ה־מ־ם
H1971	H4353	נ־כ־ר
H1971	H5237	נ־כ־ר
H1979	H4109	ה־ל־ך
H1984	H1985	ה־ל־ל
H1984	H8416	ה־ל־ל
H1984	H8417	ה־ל־ל
H1985	H8416	ה־ל־ל
H1985	H8417	ה־ל־ל
H1991	H1993	ה־מ־ה
H1991	H1995	ה־מ־ה
H1991	H1996	ה־מ־ה
H1993	H1995	ה־מ־ה
H1993	H1996	ה־מ־ה
H1995	H1996	ה־מ־ה
H2003	H4522	מ־ס־ס
H2003	H4523	מ־ס־ס
H2010	H2680	נ־ו־ח
H2010	H4494	נ־ו־ח
H2010	H4495	נ־ו־ח
H2010	H4496	נ־ו־ח
H2010	H4503	נ־ח־ה
H2010	H4504	נ־ח־ה
H2010	H5117	נ־ו־ח
H2010	H5118	נ־ו־ח
H2010	H5146	נ־ו־ח
H2010	H5208	נ־ו־ח
H2015	H2016	ה־פ־ך
H2015	H2018	ה־פ־ך
H2015	H2019	ה־פ־ך
H2015	H4114	ה־פ־ך
H2016	H2018	ה־פ־ך
H2016	H2019	ה־פ־ך
H2016	H4114	ה־פ־ך
H2018	H2019	ה־פ־ך
H2018	H4114	ה־פ־ך
H2019	H4114	ה־פ־ך
H2022	H2023	ה־ר־ר
H2022	H2043	ה־ר־ר
H2022	H7311	ה־ר־ר
H2023	H2043	ה־ר־ר
H2023	H7311	ה־ר־ר
H2026	H2027	ה־ר־ג
H2034	H2040	ה־ר־ס
H2034	H2041	ה־ר־ס
H2040	H2041	ה־ר־ס
H2043	H7311	ה־ר־ר
H2044	H8034	שׁ־ו־ם
H2044	H8035	שׁ־ו־ם
H2044	H8036	שׁ־ו־ם
H2064	H2065	ז־ב־ד
H2064	H2066	ז־ב־ד
H2065	H2066	ז־ב־ד
H2076	H2077	ז־ב־ח
H2076	H2078	ז־ב־ח
H2076	H4196	ז־ב־ח
H2077	H2078	ז־ב־ח
H2077	H4196	ז־ב־ח
H2078	H4196	ז־ב־ח
H2086	H2087	ז־ו־ד
H2100	H2101	ז־ו־ב
H2114	H2213	ז־ו־ר
H2134	H2137	ז־כ־ך
H2158	H2172	ז־מ־ר
H2158	H2173	ז־מ־ר
H2158	H2176	ז־מ־ר
H2158	H4210	ז־מ־ר
H2158	H4211	ז־מ־ר
H2161	H2162	ז־מ־ם
H2161	H4209	ז־מ־ם
H2162	H4209	ז־מ־ם
H2172	H2173	ז־מ־ר
H2172	H2176	ז־מ־ר
H2172	H4210	ז־מ־ר
H2172	H4211	ז־מ־ר
H2173	H2176	ז־מ־ר
H2173	H4210	ז־מ־ר
H2173	H4211	ז־מ־ר
H2176	H4210	ז־מ־ר
H2176	H4211	ז־מ־ר
H2177	H2178	ז־ו־ן
H2177	H4202	ז־ו־ן
H2177	H4203	ז־ו־ן
H2178	H4202	ז־ו־ן
H2178	H4203	ז־ו־ן
H2179	H2180	ז־נ־ב
H2181	H2184	ז־נ־ה
H2181	H2185	ז־נ־ה
H2184	H2185	ז־נ־ה
H2196	H2197	ז־ע־ף
H2196	H2198	ז־ע־ף
H2197	H2198	ז־ע־ף
H2199	H2200	ז־ע־ק
H2210	H2211	ז־ק־ף
H2220	H2221	ז־ר־ע
H2224	H2225	ז־ר־ח
H2224	H2226	ז־ר־ח
H2225	H2226	ז־ר־ח
H2229	H2230	ז־ר־ם
H2229	H2231	ז־ר־ם
H2230	H2231	ז־ר־ם
H2250	H4225	ח־ב־ר
H2263	H2264	ח־ב־ק
H2282	H2287	ח־ג־ג
H2282	H2291	ח־ג־ג
H2282	H2292	ח־ג־ג
H2282	H2328	ח־ו־ג
H2282	H2329	ח־ו־ג
H2287	H2291	ח־ג־ג
H2287	H2292	ח־ג־ג
H2289	H2290	ח־ג־ר
H2289	H2296	ח־ג־ר
H2290	H2296	ח־ג־ר
H2291	H2292	ח־ג־ג
H2299	H2330	ח־ד־ד
H2300	H3161	י־ח־ד
H2300	H3173	י־ח־ד
H2308	H2309	ח־ד־ל
H2308	H2310	ח־ד־ל
H2309	H2310	ח־ד־ל
H2325	H2326	ח־י־ב
H2325	H2327	ח־י־ב
H2326	H2327	ח־י־ב
H2328	H2329	ח־ו־ג
H2336	H2337	ח־ו־ח
H2342	H2343	ח־ו־ל
H2342	H2343	ח־ל־ל
H2342	H2344	ח־ו־ל
H2342	H2344	ח־ל־ל
H2342	H2455	ח־ו־ל
H2342	H2455	ח־ל־ל
H2342	H2470	ח־ל־ל
H2342	H2471	ח־ל־ל
H2342	H2474	ח־ל־ל
H2342	H2485	ח־ל־ל
H2342	H2490	ח־ל־ל
H2342	H4234	ח־ו־ל
H2342	H4235	ח־ו־ל
H2343	H2344	ח־ו־ל
H2343	H2344	ח־ל־ל
H2343	H2455	ח־ו־ל
H2343	H2455	ח־ל־ל
H2343	H2470	ח־ל־ל
H2343	H2471	ח־ל־ל
H2343	H2474	ח־ל־ל
H2343	H2485	ח־ל־ל
H2343	H2490	ח־ל־ל
H2343	H4234	ח־ו־ל
H2343	H4235	ח־ו־ל
H2344	H2455	ח־ו־ל
H2344	H2455	ח־ל־ל
H2344	H2470	ח־ל־ל
H2344	H2471	ח־ל־ל
H2344	H2474	ח־ל־ל
H2344	H2485	ח־ל־ל
H2344	H2490	ח־ל־ל
H2344	H4234	ח־ו־ל
H2344	H4235	ח־ו־ל
H2345	H2528	ח־מ־ם
H2345	H2534	ח־מ־ם
H2345	H2535	ח־מ־ם
H2351	H2435	ח־ו־ץ
H2377	H2378	ח־ז־ה
H2377	H2379	ח־ז־ה
H2377	H2380	ח־ז־ה
H2377	H4236	ח־ז־ה
H2377	H4237	ח־ז־ה
H2378	H2379	ח־ז־ה
H2378	H2380	ח־ז־ה
H2378	H4236	ח־ז־ה
H2378	H4237	ח־ז־ה
H2379	H2380	ח־ז־ה
H2379	H4236	ח־ז־ה
H2379	H4237	ח־ז־ה
H2380	H4236	ח־ז־ה
H2380	H4237	ח־ז־ה
H2388	H2393	ח־ז־ק
H2388	H2394	ח־ז־ק
H2393	H2394	ח־ז־ק
H2441	H2596	ח־נ־ך
H2449	H2450	ח־כ־ם
H2455	H2470	ח־ל־ל
H2455	H2471	ח־ל־ל
H2455	H2474	ח־ל־ל
H2455	H2485	ח־ל־ל
H2455	H2490	ח־ל־ל
H2455	H4234	ח־ו־ל
H2455	H4235	ח־ו־ל
H2457	H2458	ח־ל־א
H2459	H2460	ח־ל־ב
H2459	H2461	ח־ל־ב
H2459	H2464	ח־ל־ב
H2460	H2461	ח־ל־ב
H2460	H2464	ח־ל־ב
H2461	H2464	ח־ל־ב
H2470	H2471	ח־ל־ה
H2470	H2471	ח־ל־ל
H2470	H2474	ח־ל־ל
H2470	H2481	ח־ל־ה
H2470	H2482	ח־ל־ה
H2470	H2483	ח־ל־ה
H2470	H2485	ח־ל־ל
H2470	H2490	ח־ל־ה
H2470	H2490	ח־ל־ל
H2471	H2474	ח־ל־ל
H2471	H2481	ח־ל־ה
H2471	H2482	ח־ל־ה
H2471	H2483	ח־ל־ה
H2471	H2485	ח־ל־ל
H2471	H2490	ח־ל־ה
H2471	H2490	ח־ל־ל
H2472	H2492	ח־ל־ם
H2472	H2493	ח־ל־ם
H2472	H2494	ח־ל־ם
H2474	H2485	ח־ל־ל
H2474	H2490	ח־ל־ל
H2481	H2482	ח־ל־ה
H2481	H2483	ח־ל־ה
H2481	H2490	ח־ל־ה
H2482	H2483	ח־ל־ה
H2482	H2490	ח־ל־ה
H2483	H2490	ח־ל־ה
H2485	H2490	ח־ל־ל
H2487	H4252	ח־ל־ף
H2492	H2493	ח־ל־ם
H2492	H2494	ח־ל־ם
H2493	H2494	ח־ל־ם
H2516	H2517	ח־ל־ק
H2516	H4255	ח־ל־ק
H2517	H4255	ח־ל־ק
H2522	H2523	ח־ל־שׁ
H2528	H2534	ח־מ־ם
H2528	H2534	י־ח־ם
H2528	H2535	ח־מ־ם
H2528	H2535	י־ח־ם
H2530	H2531	ח־מ־ד
H2530	H4261	ח־מ־ד
H2530	H4262	ח־מ־ד
H2531	H4261	ח־מ־ד
H2531	H4262	ח־מ־ד
H2534	H2535	ח־מ־ם
H2534	H2535	י־ח־ם
H2541	H2556	ח־מ־ץ
H2541	H2557	ח־מ־ץ
H2541	H2558	ח־מ־ץ
H2543	H2544	ח־מ־ר
H2543	H3180	ח־מ־ר
H2544	H3180	ח־מ־ר
H2556	H2557	ח־מ־ץ
H2556	H2558	ח־מ־ץ
H2557	H2558	ח־מ־ץ
H2580	H2581	ח־נ־ן
H2580	H2586	ח־נ־ן
H2580	H2587	ח־נ־ן
H2580	H3110	ח־נ־ן
H2580	H8469	ח־נ־ן
H2581	H2586	ח־נ־ן
H2581	H2587	ח־נ־ן
H2581	H3110	ח־נ־ן
H2581	H8469	ח־נ־ן
H2583	H2584	ח־נ־ה
H2583	H2588	ח־נ־ה
H2583	H2589	ח־נ־ה
H2583	H4264	ח־נ־ה
H2583	H8467	ח־נ־ה
H2583	H8468	ח־נ־ה
H2584	H2588	ח־נ־ה
H2584	H2589	ח־נ־ה
H2584	H4264	ח־נ־ה
H2584	H8467	ח־נ־ה
H2584	H8468	ח־נ־ה
H2586	H2587	ח־נ־ן
H2586	H3110	ח־נ־ן
H2586	H8469	ח־נ־ן
H2587	H3110	ח־נ־ן
H2587	H8469	ח־נ־ן
H2588	H2589	ח־נ־ה
H2588	H4264	ח־נ־ה
H2588	H8467	ח־נ־ה
H2588	H8468	ח־נ־ה
H2589	H4264	ח־נ־ה
H2589	H8467	ח־נ־ה
H2589	H8468	ח־נ־ה
H2616	H2617	ח־ס־ד
H2616	H2618	ח־ס־ד
H2616	H2623	ח־ס־ד
H2617	H2618	ח־ס־ד
H2617	H2623	ח־ס־ד
H2618	H2623	ח־ס־ד
H2620	H2621	ח־ו־ס
H2620	H2621	ח־ס־ה
H2620	H2622	ח־ס־ה
H2621	H2622	ח־ס־ה
H2629	H4269	ח־ס־ם
H2673	H2676	ח־צ־ה
H2673	H2677	ח־צ־ה
H2673	H2678	ח־צ־ה
H2673	H4275	ח־צ־ה
H2673	H4276	ח־צ־ה
H2676	H2677	ח־צ־ה
H2676	H2678	ח־צ־ה
H2676	H4275	ח־צ־ה
H2676	H4276	ח־צ־ה
H2677	H2678	ח־צ־ה
H2677	H4275	ח־צ־ה
H2677	H4276	ח־צ־ה
H2678	H4275	ח־צ־ה
H2678	H4276	ח־צ־ה
H2680	H4494	נ־ו־ח
H2680	H4495	נ־ו־ח
H2680	H4496	נ־ו־ח
H2680	H5117	נ־ו־ח
H2680	H5118	נ־ו־ח
H2680	H5146	נ־ו־ח
H2680	H5208	נ־ו־ח
H2690	H2691	ח־צ־ר
H2690	H2694	ח־צ־ר
H2691	H2694	ח־צ־ר
H2710	H2712	ח־ק־ק
H2713	H2714	ח־ק־ר
H2713	H4278	ח־ק־ר
H2714	H4278	ח־ק־ר
H2719	H2723	ח־ר־ב
H2719	H2724	ח־ר־ב
H2723	H2724	ח־ר־ב
H2731	H2732	ח־ר־ד
H2734	H2740	ח־ר־ה
H2742	H2757	ח־ר־ץ
H2742	H2782	ח־ר־ץ
H2742	H2783	ח־ר־ץ
H2756	H2778	ח־ר־ף
H2756	H2779	ח־ר־ף
H2756	H2780	ח־ר־ף
H2756	H2781	ח־ר־ף
H2757	H2782	ח־ר־ץ
H2757	H2783	ח־ר־ץ
H2758	H4281	ח־ר־שׁ
H2760	H2761	ח־ר־ך
H2778	H2779	ח־ר־ף
H2778	H2780	ח־ר־ף
H2778	H2781	ח־ר־ף
H2779	H2780	ח־ר־ף
H2779	H2781	ח־ר־ף
H2780	H2781	ח־ר־ף
H2782	H2783	ח־ר־ץ
H2801	H2802	ח־ר־ת
H2803	H2804	ח־שׁ־ב
H2803	H2805	ח־שׁ־ב
H2803	H2808	ח־שׁ־ב
H2803	H2809	ח־שׁ־ב
H2803	H2810	ח־שׁ־ב
H2803	H2815	ח־שׁ־ב
H2803	H4284	ח־שׁ־ב
H2804	H2805	ח־שׁ־ב
H2804	H2808	ח־שׁ־ב
H2804	H2809	ח־שׁ־ב
H2804	H2810	ח־שׁ־ב
H2804	H2815	ח־שׁ־ב
H2804	H4284	ח־שׁ־ב
H2805	H2808	ח־שׁ־ב
H2805	H2809	ח־שׁ־ב
H2805	H2810	ח־שׁ־ב
H2805	H2815	ח־שׁ־ב
H2805	H4284	ח־שׁ־ב
H2808	H2809	ח־שׁ־ב
H2808	H2810	ח־שׁ־ב
H2808	H2815	ח־שׁ־ב
H2808	H4284	ח־שׁ־ב
H2809	H2810	ח־שׁ־ב
H2809	H2815	ח־שׁ־ב
H2809	H4284	ח־שׁ־ב
H2810	H2815	ח־שׁ־ב
H2810	H4284	ח־שׁ־ב
H2815	H4284	ח־שׁ־ב
H2834	H2835	ח־שׂ־ף
H2836	H2837	ח־שׁ־ק
H2836	H2839	ח־שׁ־ק
H2837	H2839	ח־שׁ־ק
H2856	H2857	ח־ת־ם
H2859	H2860	ח־ת־ן
H2864	H4290	ח־ת־ר
H2894	H4292	ט־א־ט־א
H2896	H4315	ט־ו־ב
H2911	H2913	ט־ח־ן
H2919	H2920	ט־ל־ל
H2943	H2944	ט־ע־ן
H2946	H2947	ט־פ־ח
H2946	H2948	ט־פ־ח
H2946	H4304	ט־פ־ח
H2947	H2948	ט־פ־ח
H2947	H4304	ט־פ־ח
H2948	H4304	ט־פ־ח
H2963	H2964	ט־ר־ף
H2963	H2965	ט־ר־ף
H2964	H2965	ט־ר־ף
H2981	H2990	י־ב־ל
H2981	H3104	י־ב־ל
H2981	H3105	י־ב־ל
H2981	H3106	י־ב־ל
H2981	H8397	י־ב־ל
H2981	H8398	י־ב־ל
H2981	H8422	י־ב־ל
H2990	H3104	י־ב־ל
H2990	H3105	י־ב־ל
H2990	H3106	י־ב־ל
H2990	H8397	י־ב־ל
H2990	H8398	י־ב־ל
H2990	H8422	י־ב־ל
H2992	H2993	י־ב־ם
H3001	H3002	י־ב־שׁ
H3001	H3004	י־ב־שׁ
H3001	H3006	י־ב־שׁ
H3001	H3007	י־ב־שׁ
H3002	H3004	י־ב־שׁ
H3002	H3006	י־ב־שׁ
H3002	H3007	י־ב־שׁ
H3004	H3006	י־ב־שׁ
H3004	H3007	י־ב־שׁ
H3006	H3007	י־ב־שׁ
H3015	H8424	י־ג־ה
H3027	H3028	י־ד
H3037	H3045	י־ד־ע
H3037	H3046	י־ד־ע
H3037	H3047	י־ד־ע
H3037	H4093	י־ד־ע
H3037	H4129	י־ד־ע
H3045	H3046	י־ד־ע
H3045	H3047	י־ד־ע
H3045	H4093	י־ד־ע
H3045	H4129	י־ד־ע
H3046	H3047	י־ד־ע
H3046	H4093	י־ד־ע
H3046	H4129	י־ד־ע
H3047	H4093	י־ד־ע
H3047	H4129	י־ד־ע
H3091	H3442	י־שׁ־ע
H3091	H3443	י־שׁ־ע
H3091	H3444	י־שׁ־ע
H3091	H3470	י־שׁ־ע
H3104	H3105	י־ב־ל
H3104	H3106	י־ב־ל
H3104	H8397	י־ב־ל
H3104	H8398	י־ב־ל
H3104	H8422	י־ב־ל
H3105	H3106	י־ב־ל
H3105	H8397	י־ב־ל
H3105	H8398	י־ב־ל
H3105	H8422	י־ב־ל
H3106	H8397	י־ב־ל
H3106	H8398	י־ב־ל
H3106	H8422	י־ב־ל
H3110	H8469	ח־נ־ן
H3117	H3118	י־ו־ם
H3123	H3124	י־ו־ן
H3126	H3243	י־נ־ק
H3138	H3139	י־ר־ה
H3138	H8451	י־ר־ה
H3139	H8451	י־ר־ה
H3148	H3504	י־ת־ר
H3148	H4195	י־ת־ר
H3148	H4340	י־ת־ר
H3151	H4201	ז־ו־ז
H3161	H3173	י־ח־ד
H3207	H3208	י־ל־ד
H3207	H3209	י־ל־ד
H3207	H4138	י־ל־ד
H3208	H3209	י־ל־ד
H3208	H4138	י־ל־ד
H3209	H4138	י־ל־ד
H3219	H3950	ל־ק־ט
H3219	H3951	ל־ק־ט
H3220	H3221	י־מ־ם
H3225	H3226	י־מ־ן
H3225	H3233	י־מ־ן
H3225	H4326	י־מ־ן
H3225	H8486	י־מ־ן
H3225	H8487	י־מ־ן
H3226	H3233	י־מ־ן
H3226	H4326	י־מ־ן
H3226	H8486	י־מ־ן
H3226	H8487	י־מ־ן
H3233	H4326	י־מ־ן
H3233	H8486	י־מ־ן
H3233	H8487	י־מ־ן
H3244	H5398	נ־שׁ־ף
H3244	H5399	נ־שׁ־ף
H3247	H4143	י־ס־ד
H3247	H4144	י־ס־ד
H3247	H4527	י־ס־ד
H3254	H5592	ס־פ־ף
H3254	H5593	ס־פ־ף
H3254	H5595	ס־פ־ף
H3259	H4150	י־ע־ד
H3259	H4151	י־ע־ד
H3276	H3277	י־ע־ל
H3276	H3278	י־ע־ל
H3277	H3278	י־ע־ל
H3289	H4156	י־ע־ץ
H3294	H3295	י־ע־ר
H3318	H3319	י־צ־א
H3318	H4161	י־צ־א
H3318	H4162	י־צ־א
H3318	H4672	י־צ־א
H3319	H4161	י־צ־א
H3319	H4162	י־צ־א
H3319	H4672	י־צ־א
H3323	H3324	צ־ה־ר
H3323	H6671	צ־ה־ר
H3323	H6672	צ־ה־ר
H3324	H6671	צ־ה־ר
H3324	H6672	צ־ה־ר
H3326	H4702	י־צ־ע
H3327	H4890	שׂ־ח־ק
H3327	H7832	שׂ־ח־ק
H3327	H7833	שׂ־ח־ק
H3327	H7834	שׂ־ח־ק
H3330	H4673	י־צ־ב
H3330	H4674	י־צ־ב
H3330	H5324	י־צ־ב
H3330	H5325	י־צ־ב
H3332	H4164	י־צ־ק
H3332	H4165	י־צ־ק
H3332	H6694	י־צ־ק
H3335	H3336	י־צ־ר
H3335	H3337	י־צ־ר
H3336	H3337	י־צ־ר
H3351	H6967	ק־ו־ם
H3363	H5361	נ־ק־ע
H3372	H3374	י־ר־א
H3372	H3374	ר־א־ה
H3372	H4172	י־ר־א
H3372	H4758	ר־א־ה
H3372	H4759	ר־א־ה
H3372	H4760	ר־א־ה
H3372	H7211	ר־א־ה
H3374	H4172	י־ר־א
H3374	H4758	ר־א־ה
H3374	H4759	ר־א־ה
H3374	H4760	ר־א־ה
H3374	H7211	ר־א־ה
H3381	H3382	י־ר־ד
H3381	H7286	ר־ד־ה
H3381	H7287	ר־ד־ה
H3401	H3402	ר־ו־ב
H3417	H3418	י־ר־ק
H3417	H3419	י־ר־ק
H3417	H3420	י־ר־ק
H3418	H3419	י־ר־ק
H3418	H3420	י־ר־ק
H3419	H3420	י־ר־ק
H3423	H4181	י־ר־שׁ
H3427	H7617	שׁ־ו־ב
H3427	H7628	שׁ־ו־ב
H3427	H7629	שׁ־ו־ב
H3427	H7630	שׁ־ו־ב
H3427	H7725	שׁ־ו־ב
H3427	H7868	שׁ־ו־ב
H3427	H7870	שׁ־ו־ב
H3427	H7871	שׁ־ו־ב
H3427	H7872	שׁ־ו־ב
H3427	H8666	שׁ־ו־ב
H3442	H3443	י־ש־ע
H3442	H3443	י־שׁ־ע
H3442	H3444	י־שׁ־ע
H3442	H3470	י־שׁ־ע
H3443	H3444	י־שׁ־ע
H3443	H3470	י־שׁ־ע
H3444	H3470	י־שׁ־ע
H3504	H4195	י־ת־ר
H3504	H4340	י־ת־ר
H3527	H3529	כ־ב־ר
H3527	H3530	כ־ב־ר
H3527	H3531	כ־ב־ר
H3529	H3530	כ־ב־ר
H3529	H3531	כ־ב־ר
H3530	H3531	כ־ב־ר
H3532	H3533	כ־ב־שׁ
H3532	H3533	כ־ב־שׂ
H3532	H3534	כ־ב־שׁ
H3532	H3534	כ־ב־שׂ
H3532	H3536	כ־ב־שׁ
H3533	H3534	כ־ב־שׁ
H3533	H3534	כ־ב־שׂ
H3533	H3536	כ־ב־שׁ
H3534	H3536	כ־ב־שׁ
H3559	H3651	כ־ו־ן
H3559	H3653	כ־ו־ן
H3559	H3654	כ־ו־ן
H3559	H4349	כ־ו־ן
H3559	H4350	כ־ו־ן
H3559	H5225	כ־ו־ן
H3563	H3599	כ־ו־ס
H3564	H3595	כ־ו־ר
H3564	H4351	כ־ו־ר
H3595	H4351	כ־ו־ר
H3605	H3606	כ־ל־ל
H3605	H4358	כ־ל־ל
H3606	H4358	כ־ל־ל
H3607	H3608	כ־ל־א
H3607	H3628	כ־ל־א
H3608	H3628	כ־ל־א
H3619	H3620	כ־ל־ב
H3627	H3629	כ־ל־ה
H3651	H3653	כ־ו־ן
H3651	H3653	כ־נ־ן
H3651	H3654	כ־ו־ן
H3651	H3654	כ־נ־ן
H3651	H3655	כ־נ־ן
H3651	H3656	כ־נ־ן
H3651	H3657	כ־נ־ן
H3651	H4349	כ־ו־ן
H3651	H4350	כ־ו־ן
H3651	H5225	כ־ו־ן
H3653	H3654	כ־ו־ן
H3653	H3654	כ־נ־ן
H3653	H3655	כ־נ־ן
H3653	H3656	כ־נ־ן
H3653	H3657	כ־נ־ן
H3653	H4349	כ־ו־ן
H3653	H4350	כ־ו־ן
H3653	H5225	כ־ו־ן
H3654	H3655	כ־נ־ן
H3654	H3656	כ־נ־ן
H3654	H3657	כ־נ־ן
H3654	H4349	כ־ו־ן
H3654	H4350	כ־ו־ן
H3654	H5225	כ־ו־ן
H3655	H3656	כ־נ־ן
H3655	H3657	כ־נ־ן
H3656	H3657	כ־נ־ן
H3670	H3671	כ־נ־ף
H3684	H3685	כ־ס־ל
H3684	H3686	כ־ס־ל
H3685	H3686	כ־ס־ל
H3700	H3701	כ־ס־ף
H3700	H3702	כ־ס־ף
H3701	H3702	כ־ס־ף
H3707	H3708	כ־ע־ס
H3709	H3710	כ־פ־ף
H3709	H3711	כ־ו־ף
H3709	H3711	כ־פ־ה
H3709	H3712	כ־ו־ף
H3709	H3712	כ־פ־ה
H3711	H3712	כ־ו־ף
H3711	H3712	כ־פ־ה
H3717	H3718	כ־פ־ל
H3730	H3731	כ־פ־ת־ר
H3733	H3734	כ־ר־ר
H3742	H3743	כ־ר־ב
H3754	H3755	כ־ר־ם
H3759	H3760	כ־ר־מ־ל
H3782	H4383	כ־שׁ־ל
H3799	H3800	כ־ת־ם
H3803	H3804	כ־ת־ר
H3806	H4388	כ־ת־שׁ
H3806	H4389	כ־ת־שׁ
H3820	H3821	ל־ב־ב
H3820	H3823	ל־ב־ב
H3820	H3824	ל־ב־ב
H3820	H3825	ל־ב־ב
H3821	H3823	ל־ב־ב
H3821	H3824	ל־ב־ב
H3821	H3825	ל־ב־ב
H3823	H3824	ל־ב־ב
H3823	H3825	ל־ב־ב
H3824	H3825	ל־ב־ב
H3830	H3831	ל־ב־שׁ
H3835	H3836	ל־ב־ן
H3835	H3837	ל־ב־ן
H3835	H3844	ל־ב־ן
H3835	H4404	ל־ב־ן
H3836	H3837	ל־ב־ן
H3836	H3844	ל־ב־ן
H3836	H4404	ל־ב־ן
H3837	H3844	ל־ב־ן
H3837	H4404	ל־ב־ן
H3844	H4404	ל־ב־ן
H3857	H3858	ל־ה־ט
H3871	H3872	ל־ו־ח
H3885	H4411	ל־ו־ן
H3905	H3906	ל־ח־ץ
H3907	H3908	ל־ח־שׁ
H3920	H3921	ל־כ־ד
H3925	H3928	ל־מ־ד
H3925	H4451	ל־מ־ד
H3928	H4451	ל־מ־ד
H3950	H3951	ל־ק־ט
H3973	H3988	מ־א־ס
H3982	H3983	א־מ־ר
H4013	H4014	ב־צ־ר
H4024	H4026	ג־ד־ל
H4032	H4033	ג־ו־ר
H4042	H4043	ג־נ־ן
H4058	H4128	מ־ד־ד
H4058	H4461	מ־ד־ד
H4082	H4083	ד־י־ן
H4093	H4129	י־ד־ע
H4128	H4461	מ־ד־ד
H4131	H4132	מ־ו־ט
H4143	H4144	י־ס־ד
H4143	H4527	י־ס־ד
H4144	H4527	י־ס־ד
H4150	H4151	י־ע־ד
H4161	H4162	י־צ־א
H4161	H4672	י־צ־א
H4162	H4672	י־צ־א
H4164	H4165	י־צ־ק
H4164	H6694	י־צ־ק
H4165	H6694	י־צ־ק
H4186	H7617	י־שׁ־ב
H4186	H7628	י־שׁ־ב
H4186	H7629	י־שׁ־ב
H4186	H7630	י־שׁ־ב
H4186	H7868	י־שׁ־ב
H4186	H8453	י־שׁ־ב
H4191	H4193	מ־ו־ת
H4191	H4194	מ־ו־ת
H4191	H4962	מ־ו־ת
H4191	H8546	מ־ו־ת
H4193	H4194	מ־ו־ת
H4193	H4962	מ־ו־ת
H4193	H8546	מ־ו־ת
H4194	H4962	מ־ו־ת
H4194	H8546	מ־ו־ת
H4195	H4340	י־ת־ר
H4202	H4203	ז־ו־ן
H4210	H4211	ז־מ־ר
H4234	H4235	ח־ו־ל
H4236	H4237	ח־ז־ה
H4242	H4243	מ־ח־ר
H4261	H4262	ח־מ־ד
H4264	H8467	ח־נ־ה
H4264	H8468	ח־נ־ה
H4272	H4273	מ־ח־ץ
H4275	H4276	ח־צ־ה
H4302	H5193	נ־ט־ע
H4302	H5194	נ־ט־ע
H4305	H4306	מ־ט־ר
H4313	H4325	מ־י־ם
H4313	H4326	מ־י־ם
H4317	H5741	א־ל
H4317	H6005	א־ל
H4317	H7501	א־ל
H4323	H4324	כ־ו־ל
H4325	H4326	מ־י־ם
H4326	H8486	י־מ־ן
H4326	H8487	י־מ־ן
H4329	H4537	ס־כ־ך
H4329	H4538	ס־כ־ך
H4329	H4539	ס־כ־ך
H4329	H5526	ס־כ־ך
H4329	H5527	ס־כ־ך
H4334	H4339	י־שׁ־ר
H4349	H4350	כ־ו־ן
H4349	H5225	כ־ו־ן
H4350	H5225	כ־ו־ן
H4353	H4379	מ־כ־ר
H4353	H4380	מ־כ־ר
H4353	H5237	נ־כ־ר
H4372	H4373	כ־ס־ה
H4372	H4373	מ־כ־ס
H4372	H4374	כ־ס־ה
H4372	H4374	מ־כ־ס
H4373	H4374	כ־ס־ה
H4373	H4374	מ־כ־ס
H4379	H4380	כ־ר־ה
H4379	H4380	מ־כ־ר
H4388	H4389	כ־ת־שׁ
H4397	H4398	ל־א־ך
H4397	H4399	ל־א־ך
H4398	H4399	ל־א־ך
H4410	H4433	מ־ל־ך
H4410	H4435	מ־ל־ך
H4410	H4436	מ־ל־ך
H4410	H4438	מ־ל־ך
H4410	H4467	מ־ל־ך
H4433	H4435	מ־ל־ך
H4433	H4436	מ־ל־ך
H4433	H4438	מ־ל־ך
H4433	H4467	מ־ל־ך
H4435	H4436	מ־ל־ך
H4435	H4438	מ־ל־ך
H4435	H4467	מ־ל־ך
H4436	H4438	מ־ל־ך
H4436	H4467	מ־ל־ך
H4438	H4467	מ־ל־ך
H4474	H4475	מ־שׁ־ל
H4476	H4943	מ־שׁ־ק
H4476	H4944	מ־שׁ־ק
H4485	H5058	נ־ג־ן
H4485	H5059	נ־ג־ן
H4491	H5090	נ־ה־ג
H4494	H4495	נ־ו־ח
H4494	H4496	נ־ו־ח
H4494	H5117	נ־ו־ח
H4494	H5118	נ־ו־ח
H4494	H5146	נ־ו־ח
H4494	H5208	נ־ו־ח
H4495	H4496	נ־ו־ח
H4495	H5117	נ־ו־ח
H4495	H5118	נ־ו־ח
H4495	H5146	נ־ו־ח
H4495	H5208	נ־ו־ח
H4496	H5117	נ־ו־ח
H4496	H5118	נ־ו־ח
H4496	H5146	נ־ו־ח
H4496	H5208	נ־ו־ח
H4499	H5251	נ־ו־ס
H4500	H4501	נ־י־ר
H4500	H5214	נ־י־ר
H4500	H5215	נ־י־ר
H4500	H5216	נ־י־ר
H4500	H5369	נ־י־ר
H4500	H8574	נ־י־ר
H4501	H5214	נ־י־ר
H4501	H5215	נ־י־ר
H4501	H5216	נ־י־ר
H4501	H5369	נ־י־ר
H4501	H8574	נ־י־ר
H4503	H4504	מ־נ־ח
H4503	H4504	נ־ח־ה
H4514	H5274	נ־ע־ל
H4514	H5275	נ־ע־ל
H4522	H4523	מ־ס־ס
H4525	H4526	ס־ג־ר
H4525	H5462	ס־ג־ר
H4525	H5463	ס־ג־ר
H4525	H5464	ס־ג־ר
H4525	H5474	ס־ג־ר
H4526	H5462	ס־ג־ר
H4526	H5463	ס־ג־ר
H4526	H5464	ס־ג־ר
H4526	H5474	ס־ג־ר
H4536	H5503	ס־ח־ר
H4536	H5504	ס־ח־ר
H4537	H4538	מ־ס־ך
H4537	H4538	ס־כ־ך
H4537	H4539	מ־ס־ך
H4537	H4539	ס־כ־ך
H4537	H4545	מ־ס־ך
H4537	H5526	ס־כ־ך
H4537	H5527	ס־כ־ך
H4538	H4539	מ־ס־ך
H4538	H4539	ס־כ־ך
H4538	H4545	מ־ס־ך
H4538	H5526	ס־כ־ך
H4538	H5527	ס־כ־ך
H4539	H4545	מ־ס־ך
H4539	H5526	ס־כ־ך
H4539	H5527	ס־כ־ך
H4547	H5536	ס־ל־ל
H4547	H5549	ס־ל־ל
H4549	H4885	שׂ־י־שׂ
H4549	H8336	שׂ־י־שׂ
H4549	H8342	שׂ־י־שׂ
H4550	H4551	נ־ס־ע
H4550	H5265	נ־ס־ע
H4551	H5265	נ־ס־ע
H4557	H4558	מ־ס־פ־ר
H4557	H4558	ס־פ־ר
H4557	H5601	ס־פ־ר
H4557	H5612	ס־פ־ר
H4557	H5615	ס־פ־ר
H4558	H5601	ס־פ־ר
H4558	H5612	ס־פ־ר
H4558	H5615	ס־פ־ר
H4566	H4567	ע־ב־ד
H4566	H5744	ע־ב־ד
H4567	H5744	ע־ב־ד
H4569	H5668	ע־ב־ר
H4569	H5669	ע־ב־ר
H4569	H5678	ע־ב־ר
H4569	H5679	ע־ב־ר
H4570	H5695	ע־ג־ל
H4570	H5696	ע־ג־ל
H4574	H5719	ע־ד־ן
H4574	H5720	ע־ד־ן
H4576	H5741	ע־ד־ר
H4583	H4584	ע־ו־ן
H4583	H4585	ע־ו־ן
H4584	H4585	ע־ו־ן
H4588	H5774	ע־ו־ף
H4588	H5775	ע־ו־ף
H4588	H5776	ע־ו־ף
H4608	H4609	ע־ל־ה
H4608	H5766	ע־ל־ה
H4608	H5866	ע־ל־ה
H4608	H5945	ע־ל־ה
H4608	H5946	ע־ל־ה
H4608	H8585	ע־ל־ה
H4609	H5766	ע־ל־ה
H4609	H5866	ע־ל־ה
H4609	H5945	ע־ל־ה
H4609	H5946	ע־ל־ה
H4609	H8585	ע־ל־ה
H4612	H4613	ע־מ־ד
H4612	H5975	ע־מ־ד
H4612	H5976	ע־מ־ד
H4612	H5977	ע־מ־ד
H4612	H5979	ע־מ־ד
H4612	H5982	ע־מ־ד
H4613	H5975	ע־מ־ד
H4613	H5976	ע־מ־ד
H4613	H5977	ע־מ־ד
H4613	H5979	ע־מ־ד
H4613	H5982	ע־מ־ד
H4627	H4628	ע־ר־ב
H4627	H6155	ע־ר־ב
H4627	H6160	ע־ר־ב
H4627	H6161	ע־ר־ב
H4627	H6162	ע־ר־ב
H4628	H6155	ע־ר־ב
H4628	H6160	ע־ר־ב
H4628	H6161	ע־ר־ב
H4628	H6162	ע־ר־ב
H4629	H4631	ע־ו־ר
H4629	H4632	ע־ו־ר
H4631	H4632	ע־ו־ר
H4633	H4635	ע־ר־ך
H4633	H6186	ע־ר־ך
H4633	H6187	ע־ר־ך
H4635	H6186	ע־ר־ך
H4635	H6187	ע־ר־ך
H4643	H6218	ע־שׂ־ר
H4643	H6237	ע־שׂ־ר
H4643	H6238	ע־שׂ־ר
H4643	H6239	ע־שׂ־ר
H4643	H6241	ע־שׂ־ר
H4651	H4654	נ־פ־ל
H4651	H5307	נ־פ־ל
H4651	H5308	נ־פ־ל
H4651	H5309	נ־פ־ל
H4654	H5307	נ־פ־ל
H4654	H5308	נ־פ־ל
H4654	H5309	נ־פ־ל
H4655	H6403	פ־ל־ט
H4655	H6404	פ־ל־ט
H4656	H6427	פ־ל־ץ
H4662	H4663	פ־ק־ד
H4662	H6485	פ־ק־ד
H4662	H6496	פ־ק־ד
H4663	H6485	פ־ק־ד
H4663	H6496	פ־ק־ד
H4664	H6555	פ־ר־ץ
H4664	H6556	פ־ר־ץ
H4664	H6557	פ־ר־ץ
H4668	H4669	פ־ת־ח
H4668	H6603	פ־ת־ח
H4669	H6603	פ־ת־ח
H4673	H4674	י־צ־ב
H4673	H5324	י־צ־ב
H4673	H5325	י־צ־ב
H4674	H5324	י־צ־ב
H4674	H5325	י־צ־ב
H4675	H4676	נ־צ־ב
H4675	H5333	נ־צ־ב
H4675	H5334	נ־צ־ב
H4676	H5333	נ־צ־ב
H4676	H5334	נ־צ־ב
H4691	H6693	צ־ו־ק
H4691	H6694	צ־ו־ק
H4691	H6695	צ־ו־ק
H4692	H4693	צ־ו־ר
H4692	H6699	צ־ו־ר
H4693	H6699	צ־ו־ר
H4703	H6805	צ־ע־ד
H4703	H6806	צ־ע־ד
H4712	H6872	צ־ר־ר
H4726	H5365	נ־ק־ר
H4726	H6979	ק־ו־ר
H4726	H6980	ק־ו־ר
H4730	H7008	ק־ט־ר
H4731	H6963	ק־ל־ל
H4731	H7031	ק־ל־ל
H4731	H7032	ק־ל־ל
H4731	H7039	ק־ל־ל
H4731	H7040	ק־ל־ל
H4731	H7045	ק־ל־ל
H4733	H7038	ק־ל־ט
H4744	H6981	ק־ר־א
H4744	H7148	ק־ר־א
H4744	H7150	ק־ר־א
H4745	H4746	ק־ר־ה
H4745	H4747	ק־ר־ה
H4745	H7135	ק־ר־ה
H4745	H7136	ק־ר־ה
H4745	H7137	ק־ר־ה
H4746	H4747	ק־ר־ה
H4746	H7135	ק־ר־ה
H4746	H7136	ק־ר־ה
H4746	H7137	ק־ר־ה
H4747	H7135	ק־ר־ה
H4747	H7136	ק־ר־ה
H4747	H7137	ק־ר־ה
H4758	H4759	ר־א־ה
H4758	H4760	ר־א־ה
H4758	H7211	ר־א־ה
H4759	H4760	ר־א־ה
H4759	H7211	ר־א־ה
H4760	H7211	ר־א־ה
H4763	H7223	ר־א־שׁ
H4763	H7225	ר־א־שׁ
H4764	H7227	ר־ב־ב
H4764	H7231	ר־ב־ב
H4764	H7232	ר־ב־ב
H4764	H7379	ר־ב־ב
H4771	H7280	ר־ג־ע
H4771	H7281	ר־ג־ע
H4771	H7282	ר־ג־ע
H4791	H4792	ר־ו־ם
H4791	H7318	ר־ו־ם
H4791	H7410	ר־ו־ם
H4791	H8641	ר־ו־ם
H4792	H7318	ר־ו־ם
H4792	H7410	ר־ו־ם
H4792	H8641	ר־ו־ם
H4793	H7518	ר־ו־ץ
H4794	H4835	ר־צ־ה
H4794	H7522	ר־צ־ה
H4803	H4804	מ־ר־ט
H4832	H7495	ר־פ־א
H4832	H7496	ר־פ־א
H4832	H7497	ר־פ־א
H4832	H7498	ר־פ־א
H4832	H7499	ר־פ־א
H4832	H8644	ר־פ־א
H4835	H7522	ר־צ־ה
H4837	H7528	ר־צ־ף
H4837	H7529	ר־צ־ף
H4837	H7530	ר־צ־ף
H4837	H7531	ר־צ־ף
H4837	H7532	ר־צ־ף
H4838	H4839	מ־ר־ק
H4838	H8562	מ־ר־ק
H4839	H8562	מ־ר־ק
H4857	H7579	שׁ־א־ב
H4862	H7585	שׁ־א־ל
H4862	H7586	שׁ־א־ל
H4862	H7592	שׁ־א־ל
H4862	H7593	שׁ־א־ל
H4862	H7594	שׁ־א־ל
H4866	H4867	שׁ־ב־ר
H4866	H7665	שׁ־ב־ר
H4866	H7671	שׁ־ב־ר
H4867	H7665	שׁ־ב־ר
H4867	H7671	שׁ־ב־ר
H4875	H5375	נ־שׂ־א
H4875	H7612	נ־שׂ־א
H4875	H7613	נ־שׂ־א
H4875	H7863	נ־שׂ־א
H4880	H7846	שׁ־ו־ט
H4885	H8336	שׂ־י־שׂ
H4885	H8342	שׂ־י־שׂ
H4886	H4887	מ־שׁ־ח
H4886	H4888	מ־שׁ־ח
H4887	H4888	מ־שׁ־ח
H4890	H7832	שׂ־ח־ק
H4890	H7833	שׂ־ח־ק
H4890	H7834	שׂ־ח־ק
H4894	H7849	שׁ־ט־ח
H4900	H4901	מ־שׁ־ך
H4900	H4902	מ־שׁ־ך
H4901	H4902	מ־שׁ־ך
H4907	H4908	שׁ־כ־ן
H4907	H7931	שׁ־כ־ן
H4907	H7932	שׁ־כ־ן
H4907	H7934	שׁ־כ־ן
H4908	H7931	שׁ־כ־ן
H4908	H7932	שׁ־כ־ן
H4908	H7934	שׁ־כ־ן
H4916	H4917	שׁ־ל־ח
H4926	H4927	מ־שׁ־מ־ע
H4926	H4927	שׁ־מ־ע
H4926	H4928	שׁ־מ־ע
H4926	H8052	שׁ־מ־ע
H4927	H4928	שׁ־מ־ע
H4927	H8052	שׁ־מ־ע
H4928	H8052	שׁ־מ־ע
H4929	H4931	שׁ־מ־ר
H4929	H7763	שׁ־מ־ר
H4929	H8107	שׁ־מ־ר
H4931	H7763	שׁ־מ־ר
H4931	H8107	שׁ־מ־ר
H4940	H8198	שׁ־פ־ח
H4943	H4944	מ־שׁ־ק
H4947	H8259	שׁ־ק־ף
H4947	H8260	שׁ־ק־ף
H4948	H8254	שׁ־ק־ל
H4948	H8255	שׁ־ק־ל
H4958	H8334	שׁ־ר־ת
H4958	H8335	שׁ־ר־ת
H4960	H8354	שׁ־ת־ה
H4960	H8355	שׁ־ת־ה
H4962	H8546	מ־ו־ת
H4964	H4965	מ־ת־ג
H4976	H4977	נ־ת־ן
H4976	H4978	נ־ת־ן
H4976	H4979	נ־ת־ן
H4976	H4980	נ־ת־ן
H4976	H8565	נ־ת־ן
H4977	H4978	נ־ת־ן
H4977	H4979	נ־ת־ן
H4977	H4980	נ־ת־ן
H4977	H8565	נ־ת־ן
H4978	H4979	נ־ת־ן
H4978	H4980	נ־ת־ן
H4978	H8565	נ־ת־ן
H4979	H4980	נ־ת־ן
H4979	H8565	נ־ת־ן
H4980	H8565	נ־ת־ן
H4995	H4996	נ־ו־א
H5012	H5013	נ־ב־א
H5012	H5016	נ־ב־א
H5012	H5017	נ־ב־א
H5012	H5029	נ־ב־א
H5012	H5030	נ־ב־א
H5013	H5016	נ־ב־א
H5013	H5017	נ־ב־א
H5013	H5029	נ־ב־א
H5013	H5030	נ־ב־א
H5016	H5017	נ־ב־א
H5016	H5029	נ־ב־א
H5016	H5030	נ־ב־א
H5017	H5029	נ־ב־א
H5017	H5030	נ־ב־א
H5029	H5030	נ־ב־א
H5038	H5039	נ־ב־ל
H5046	H5047	נ־ג־ד
H5046	H5048	נ־ג־ד
H5046	H5057	נ־ג־ד
H5047	H5048	נ־ג־ד
H5047	H5057	נ־ג־ד
H5048	H5057	נ־ג־ד
H5055	H5056	נ־ג־ח
H5058	H5059	נ־ג־ן
H5060	H5061	נ־ג־ע
H5068	H5069	נ־ד־ב
H5068	H5070	נ־ד־ב
H5068	H5071	נ־ד־ב
H5068	H5081	נ־ד־ב
H5068	H5082	נ־ד־ב
H5068	H5993	נ־ד־ב
H5069	H5070	נ־ד־ב
H5069	H5071	נ־ד־ב
H5069	H5081	נ־ד־ב
H5069	H5082	נ־ד־ב
H5069	H5993	נ־ד־ב
H5070	H5071	נ־ד־ב
H5070	H5081	נ־ד־ב
H5070	H5082	נ־ד־ב
H5070	H5993	נ־ד־ב
H5071	H5081	נ־ד־ב
H5071	H5082	נ־ד־ב
H5071	H5993	נ־ד־ב
H5074	H5075	נ־ד־ד
H5081	H5082	נ־ד־ב
H5081	H5993	נ־ד־ב
H5082	H5993	נ־ד־ב
H5083	H5084	נ־ד־ן
H5117	H5118	נ־ו־ח
H5117	H5146	נ־ו־ח
H5117	H5208	נ־ו־ח
H5118	H5146	נ־ו־ח
H5118	H5208	נ־ו־ח
H5130	H5131	נ־ו־ף
H5146	H5208	נ־ו־ח
H5149	H5151	נ־ח־ם
H5149	H5165	נ־ח־ם
H5149	H5166	נ־ח־ם
H5149	H8575	נ־ח־ם
H5151	H5165	נ־ח־ם
H5151	H5166	נ־ח־ם
H5151	H8575	נ־ח־ם
H5157	H5158	נ־ח־ל
H5157	H5159	נ־ח־ל
H5158	H5159	נ־ח־ל
H5165	H5166	נ־ח־ם
H5165	H8575	נ־ח־ם
H5166	H8575	נ־ח־ם
H5190	H5191	נ־ט־ל
H5190	H5192	נ־ט־ל
H5191	H5192	נ־ט־ל
H5193	H5194	נ־ט־ע
H5197	H5198	נ־ט־ף
H5213	H5322	נ־צ־ץ
H5214	H5215	נ־י־ר
H5214	H5216	נ־י־ר
H5214	H5369	נ־י־ר
H5214	H8574	נ־י־ר
H5215	H5216	נ־י־ר
H5215	H5369	נ־י־ר
H5215	H8574	נ־י־ר
H5216	H5369	נ־י־ר
H5216	H8574	נ־י־ר
H5245	H5246	נ־מ־ר
H5252	H5437	ס־ב־ב
H5255	H5256	נ־ס־ח
H5269	H5270	נ־ו־ע
H5273	H5276	נ־ע־ם
H5273	H5277	נ־ע־ם
H5273	H5278	נ־ע־ם
H5273	H5280	נ־ע־ם
H5273	H5281	נ־ע־ם
H5274	H5275	נ־ע־ל
H5276	H5277	נ־ע־ם
H5276	H5278	נ־ע־ם
H5276	H5280	נ־ע־ם
H5276	H5281	נ־ע־ם
H5277	H5278	נ־ע־ם
H5277	H5280	נ־ע־ם
H5277	H5281	נ־ע־ם
H5278	H5280	נ־ע־ם
H5278	H5281	נ־ע־ם
H5280	H5281	נ־ע־ם
H5301	H5302	נ־פ־ח
H5301	H8598	נ־פ־ח
H5301	H8599	נ־פ־ח
H5302	H8598	נ־פ־ח
H5302	H8599	נ־פ־ח
H5307	H5308	נ־פ־ל
H5307	H5309	נ־פ־ל
H5308	H5309	נ־פ־ל
H5324	H5325	י־צ־ב
H5333	H5334	נ־צ־ב
H5341	H5342	נ־צ־ר
H5358	H5359	נ־ק־ם
H5358	H5360	נ־ק־ם
H5359	H5360	נ־ק־ם
H5367	H5368	נ־ק־שׁ
H5369	H8574	נ־י־ר
H5375	H7612	נ־שׂ־א
H5375	H7613	נ־שׂ־א
H5375	H7863	נ־שׂ־א
H5381	H5472	ס־ו־ג
H5381	H5473	ס־ו־ג
H5391	H5392	נ־שׁ־ך
H5395	H5396	נ־שׁ־ם
H5395	H5397	נ־שׁ־ם
H5395	H8047	שׁ־מ־ם
H5395	H8048	שׁ־מ־ם
H5395	H8074	נ־שׁ־ם
H5395	H8074	שׁ־מ־ם
H5395	H8077	שׁ־מ־ם
H5395	H8580	נ־שׁ־ם
H5396	H5397	נ־שׁ־ם
H5396	H8074	נ־שׁ־ם
H5396	H8580	נ־שׁ־ם
H5397	H8074	נ־שׁ־ם
H5397	H8580	נ־שׁ־ם
H5398	H5399	נ־שׁ־ף
H5403	H5404	נ־שׁ־ר
H5408	H5409	נ־ת־ח
H5440	H5441	ס־ב־ך
H5440	H5442	ס־ב־ך
H5441	H5442	ס־ב־ך
H5456	H5457	ס־ג־ד
H5460	H5461	ס־ג־ן
H5462	H5463	ס־ג־ר
H5462	H5464	ס־ג־ר
H5462	H5474	ס־ג־ר
H5463	H5464	ס־ג־ר
H5463	H5474	ס־ג־ר
H5464	H5474	ס־ג־ר
H5469	H5470	ס־ה־ר
H5472	H5473	ס־ו־ג
H5475	H5476	ס־ו־ד
H5483	H5484	ס־ו־ס
H5493	H5620	ס־ו־ר
H5493	H5620	ס־ר־ר
H5503	H5504	ס־ח־ר
H5519	H5520	ס־ו־ך
H5526	H5527	ס־כ־ך
H5528	H5529	ס־כ־ל
H5528	H5530	ס־כ־ל
H5529	H5530	ס־כ־ל
H5534	H7936	ס־כ־ר
H5536	H5549	ס־ל־ל
H5545	H5546	ס־ל־ח
H5545	H5547	ס־ל־ח
H5546	H5547	ס־ל־ח
H5572	H5573	ס־נ־ה
H5590	H5591	ס־ע־ר
H5592	H5593	ס־פ־ף
H5592	H5595	ס־פ־ף
H5593	H5595	ס־פ־ף
H5596	H5599	ס־פ־ח
H5600	H5603	ס־פ־ן
H5600	H5604	ס־פ־ן
H5601	H5612	ס־פ־ר
H5601	H5615	ס־פ־ר
H5603	H5604	ס־פ־ן
H5612	H5615	ס־פ־ר
H5668	H5669	ע־ב־ר
H5668	H5678	ע־ב־ר
H5668	H5679	ע־ב־ר
H5669	H5678	ע־ב־ר
H5669	H5679	ע־ב־ר
H5678	H5679	ע־ב־ר
H5687	H5688	ע־ב־ת
H5695	H5696	ע־ג־ל
H5697	H7991	שׁ־ל־שׁ
H5703	H5706	ע־ו־ד
H5703	H5707	ע־ו־ד
H5703	H5715	ע־ו־ד
H5703	H5749	ע־ו־ד
H5703	H8584	ע־ו־ד
H5706	H5707	ע־ו־ד
H5706	H5715	ע־ו־ד
H5706	H5749	ע־ו־ד
H5706	H8584	ע־ו־ד
H5707	H5715	ע־ו־ד
H5707	H5749	ע־ו־ד
H5707	H8584	ע־ו־ד
H5715	H5749	ע־ו־ד
H5715	H8584	ע־ו־ד
H5719	H5720	ע־ד־ן
H5741	H6005	א־ל
H5741	H7501	א־ל
H5749	H8584	ע־ו־ד
H5766	H5866	ע־ל־ה
H5766	H5945	ע־ל־ה
H5766	H5946	ע־ל־ה
H5766	H8585	ע־ל־ה
H5768	H5949	ע־ל־ל
H5769	H5956	ע־ל־ם
H5769	H5957	ע־ל־ם
H5769	H5958	ע־ל־ם
H5774	H5775	ע־ו־ף
H5774	H5776	ע־ו־ף
H5775	H5776	ע־ו־ף
H5777	H6084	ע־פ־ר
H5800	H5806	ע־ז־ב
H5826	H5828	ע־ז־ר
H5826	H5829	ע־ז־ר
H5828	H5829	ע־ז־ר
H5842	H5860	ע־ו־ט
H5842	H5861	ע־ו־ט
H5849	H5850	ע־ט־ר
H5849	H5851	ע־ט־ר
H5850	H5851	ע־ט־ר
H5860	H5861	ע־ו־ט
H5866	H5945	ע־ל־ה
H5866	H5946	ע־ל־ה
H5866	H8585	ע־ל־ה
H5886	H8565	ת־נ־ן
H5886	H8577	ת־נ־ן
H5902	H5903	ע־ר־ם
H5902	H6191	ע־ר־ם
H5902	H6192	ע־ר־ם
H5902	H6193	ע־ר־ם
H5902	H6194	ע־ר־ם
H5902	H6195	ע־ר־ם
H5902	H6196	ע־ר־ם
H5903	H6191	ע־ר־ם
H5903	H6192	ע־ר־ם
H5903	H6193	ע־ר־ם
H5903	H6194	ע־ר־ם
H5903	H6195	ע־ר־ם
H5903	H6196	ע־ר־ם
H5937	H5938	ע־ל־ז
H5937	H5947	ע־ל־ז
H5938	H5947	ע־ל־ז
H5945	H5946	ע־ל־ה
H5945	H8585	ע־ל־ה
H5946	H8585	ע־ל־ה
H5956	H5957	ע־ל־ם
H5956	H5958	ע־ל־ם
H5957	H5958	ע־ל־ם
H5975	H5976	ע־מ־ד
H5975	H5977	ע־מ־ד
H5975	H5979	ע־מ־ד
H5975	H5982	ע־מ־ד
H5976	H5977	ע־מ־ד
H5976	H5979	ע־מ־ד
H5976	H5982	ע־מ־ד
H5977	H5979	ע־מ־ד
H5977	H5982	ע־מ־ד
H5979	H5982	ע־מ־ד
H5986	H6006	ע־מ־ס
H6005	H7501	א־ל
H6024	H6025	ע־נ־ב
H6040	H6041	ע־נ־ה
H6040	H6042	ע־נ־ה
H6040	H8589	ע־נ־ה
H6041	H6042	ע־נ־ה
H6041	H8589	ע־נ־ה
H6042	H8589	ע־נ־ה
H6056	H6057	ע־נ־ף
H6056	H6058	ע־נ־ף
H6057	H6058	ע־נ־ף
H6059	H6060	ע־נ־ק
H6059	H6062	ע־נ־ק
H6060	H6062	ע־נ־ק
H6064	H6065	ע־נ־שׁ
H6064	H6066	ע־נ־שׁ
H6065	H6066	ע־נ־שׁ
H6113	H6114	ע־צ־ר
H6113	H6115	ע־צ־ר
H6113	H6116	ע־צ־ר
H6114	H6115	ע־צ־ר
H6114	H6116	ע־צ־ר
H6115	H6116	ע־צ־ר
H6123	H6124	ע־ק־ד
H6155	H6160	ע־ר־ב
H6155	H6161	ע־ר־ב
H6155	H6162	ע־ר־ב
H6160	H6161	ע־ר־ב
H6160	H6162	ע־ר־ב
H6161	H6162	ע־ר־ב
H6172	H6173	ע־ר־ה
H6186	H6187	ע־ר־ך
H6188	H6189	ע־ר־ל
H6191	H6192	ע־ר־ם
H6191	H6193	ע־ר־ם
H6191	H6194	ע־ר־ם
H6191	H6195	ע־ר־ם
H6191	H6196	ע־ר־ם
H6192	H6193	ע־ר־ם
H6192	H6194	ע־ר־ם
H6192	H6195	ע־ר־ם
H6192	H6196	ע־ר־ם
H6193	H6194	ע־ר־ם
H6193	H6195	ע־ר־ם
H6193	H6196	ע־ר־ם
H6194	H6195	ע־ר־ם
H6194	H6196	ע־ר־ם
H6195	H6196	ע־ר־ם
H6218	H6237	ע־שׂ־ר
H6218	H6238	ע־שׂ־ר
H6218	H6239	ע־שׂ־ר
H6218	H6241	ע־שׂ־ר
H6223	H6237	ע־שׁ־ר
H6223	H6238	ע־שׁ־ר
H6223	H6239	ע־שׁ־ר
H6237	H6238	ע־שׁ־ר
H6237	H6238	ע־שׂ־ר
H6237	H6239	ע־שׁ־ר
H6237	H6239	ע־שׂ־ר
H6237	H6241	ע־שׂ־ר
H6238	H6239	ע־שׁ־ר
H6238	H6239	ע־שׂ־ר
H6238	H6241	ע־שׂ־ר
H6239	H6241	ע־שׂ־ר
H6256	H6278	ע־ת־ת
H6266	H6267	ע־ת־ק
H6266	H6268	ע־ת־ק
H6266	H6275	ע־ת־ק
H6266	H6276	ע־ת־ק
H6266	H6277	ע־ת־ק
H6267	H6268	ע־ת־ק
H6267	H6275	ע־ת־ק
H6267	H6276	ע־ת־ק
H6267	H6277	ע־ת־ק
H6268	H6275	ע־ת־ק
H6268	H6276	ע־ת־ק
H6268	H6277	ע־ת־ק
H6275	H6276	ע־ת־ק
H6275	H6277	ע־ת־ק
H6276	H6277	ע־ת־ק
H6278	H7096	ק־צ־ה
H6278	H7097	ק־צ־ה
H6278	H7098	ק־צ־ה
H6278	H7101	ק־צ־ה
H6286	H6287	פ־א־ר
H6286	H8597	פ־א־ר
H6287	H8597	פ־א־ר
H6293	H6294	פ־ג־ע
H6299	H6306	פ־ד־ה
H6341	H6368	פ־ו־ח
H6346	H6347	פ־ח־ה
H6358	H6362	פ־ט־ר
H6358	H6363	פ־ט־ר
H6362	H6363	פ־ט־ר
H6381	H6382	פ־ל־א
H6398	H6399	פ־ל־ח
H6398	H6400	פ־ל־ח
H6399	H6400	פ־ל־ח
H6403	H6404	פ־ל־ט
H6446	H6447	פ־ס־ס
H6458	H6459	פ־ס־ל
H6470	H6471	פ־ע־ם
H6481	H6482	פ־צ־ע
H6485	H6496	פ־ק־ד
H6491	H6492	פ־ק־ח
H6491	H6493	פ־ק־ח
H6492	H6493	פ־ק־ח
H6499	H6517	פ־ר־ר
H6500	H6501	פ־ר־א
H6504	H6505	פ־ר־ד
H6524	H6525	פ־ר־ח
H6527	H6528	פ־ר־ט
H6544	H6545	פ־ר־ע
H6544	H6546	פ־ר־ע
H6545	H6546	פ־ר־ע
H6555	H6556	פ־ר־ץ
H6555	H6557	פ־ר־ץ
H6556	H6557	פ־ר־ץ
H6561	H6562	פ־ר־ק
H6561	H6563	פ־ר־ק
H6562	H6563	פ־ר־ק
H6590	H6591	פ־שׁ־ר
H6590	H6592	פ־שׁ־ר
H6591	H6592	פ־שׁ־ר
H6595	H6596	פ־ו־ת
H6595	H6596	פ־ת־ת
H6599	H6600	פ־ת־ג־ם
H6617	H8602	ת־פ־ל
H6617	H8603	ת־פ־ל
H6622	H6623	פ־ת־ר
H6633	H6635	צ־ב־א
H6633	H6643	צ־ב־א
H6635	H6643	צ־ב־א
H6635	H6643	צ־ב־ה
H6651	H6652	צ־ב־ר
H6654	H6655	צ־ד־ד
H6654	H6655	צ־י־ד
H6654	H6718	צ־י־ד
H6654	H6719	צ־י־ד
H6655	H6718	צ־י־ד
H6655	H6719	צ־י־ד
H6662	H6663	צ־ד־ק
H6662	H6664	צ־ד־ק
H6662	H6665	צ־ד־ק
H6662	H6666	צ־ד־ק
H6663	H6664	צ־ד־ק
H6663	H6665	צ־ד־ק
H6663	H6666	צ־ד־ק
H6664	H6665	צ־ד־ק
H6664	H6666	צ־ד־ק
H6665	H6666	צ־ד־ק
H6671	H6672	צ־ה־ר
H6684	H6685	צ־ו־ם
H6684	H6777	צ־ו־ם
H6685	H6777	צ־ו־ם
H6687	H6688	צ־ו־ף
H6687	H6689	צ־ו־ף
H6688	H6689	צ־ו־ף
H6693	H6694	צ־ו־ק
H6693	H6695	צ־ו־ק
H6694	H6695	צ־ו־ק
H6703	H6706	צ־ח־ח
H6711	H6712	צ־ח־ק
H6718	H6719	צ־י־ד
H6724	H6725	צ־י־ן
H6724	H6726	צ־י־ן
H6725	H6726	צ־י־ן
H6738	H6749	צ־ל־ל
H6738	H6750	צ־ל־ל
H6738	H6751	צ־ל־ל
H6743	H6744	צ־ל־ח
H6749	H6750	צ־ל־ל
H6749	H6751	צ־ל־ל
H6750	H6751	צ־ל־ל
H6770	H6771	צ־מ־א
H6770	H6772	צ־מ־א
H6771	H6772	צ־מ־א
H6775	H6776	צ־מ־ד
H6775	H6781	צ־מ־ד
H6776	H6781	צ־מ־ד
H6779	H6780	צ־מ־ח
H6805	H6806	צ־ע־ד
H6810	H6811	צ־ע־ר
H6810	H6812	צ־ע־ר
H6811	H6812	צ־ע־ר
H6813	H6814	צ־ע־ן
H6830	H6831	צ־פ־ן
H6880	H6881	צ־ר־ע
H6880	H6883	צ־ר־ע
H6881	H6883	צ־ר־ע
H6906	H6959	ק־ב־ע
H6912	H6913	ק־ב־ר
H6919	H6920	ק־ד־ח
H6950	H6951	ק־ה־ל
H6963	H7031	ק־ו־ל
H6963	H7031	ק־ל־ל
H6963	H7032	ק־ו־ל
H6963	H7032	ק־ל־ל
H6963	H7039	ק־ל־ל
H6963	H7040	ק־ל־ל
H6963	H7045	ק־ל־ל
H6979	H6980	ק־ו־ר
H6979	H6980	ק־ר־ר
H6979	H7119	ק־ר־ר
H6979	H7120	ק־ר־ר
H6979	H7135	ק־ר־ר
H6979	H7136	ק־ר־ר
H6979	H7137	ק־ר־ר
H6980	H7119	ק־ר־ר
H6980	H7120	ק־ר־ר
H6980	H7135	ק־ר־ר
H6980	H7136	ק־ר־ר
H6980	H7137	ק־ר־ר
H6981	H7148	ק־ר־א
H6981	H7150	ק־ר־א
H7018	H7064	ק־נ־ן
H7031	H7032	ק־ו־ל
H7031	H7032	ק־ל־ל
H7031	H7039	ק־ל־ל
H7031	H7040	ק־ל־ל
H7031	H7045	ק־ל־ל
H7032	H7039	ק־ל־ל
H7032	H7040	ק־ל־ל
H7032	H7045	ק־ל־ל
H7033	H7034	ק־ל־ה
H7039	H7040	ק־ל־ל
H7039	H7045	ק־ל־ל
H7040	H7045	ק־ל־ל
H7046	H7047	ק־ל־ס
H7049	H7050	ק־ל־ע
H7049	H7051	ק־ל־ע
H7050	H7051	ק־ל־ע
H7061	H7062	ק־מ־ץ
H7065	H7067	ק־נ־א
H7065	H7068	ק־נ־א
H7067	H7068	ק־נ־א
H7080	H7081	ק־ס־ם
H7094	H7095	ק־צ־ב
H7096	H7097	ק־צ־ה
H7096	H7098	ק־צ־ה
H7096	H7101	ק־צ־ה
H7097	H7098	ק־צ־ה
H7097	H7101	ק־צ־ה
H7098	H7101	ק־צ־ה
H7105	H7114	ק־צ־ר
H7105	H7115	ק־צ־ר
H7105	H7116	ק־צ־ר
H7114	H7115	ק־צ־ר
H7114	H7116	ק־צ־ר
H7115	H7116	ק־צ־ר
H7119	H7120	ק־ר־ר
H7119	H7135	ק־ר־ר
H7119	H7136	ק־ר־ר
H7119	H7137	ק־ר־ר
H7120	H7135	ק־ר־ר
H7120	H7136	ק־ר־ר
H7120	H7137	ק־ר־ר
H7135	H7136	ק־ר־ה
H7135	H7136	ק־ר־ר
H7135	H7137	ק־ר־ה
H7135	H7137	ק־ר־ר
H7136	H7137	ק־ר־ה
H7136	H7137	ק־ר־ר
H7148	H7150	ק־ר־א
H7160	H7161	ק־ר־ן
H7160	H7162	ק־ר־ן
H7161	H7162	ק־ר־ן
H7169	H7170	ק־ר־ץ
H7169	H7171	ק־ר־ץ
H7170	H7171	ק־ר־ץ
H7172	H7173	ק־ר־ק־ע
H7181	H7182	ק־שׁ־ב
H7181	H7183	ק־שׁ־ב
H7182	H7183	ק־שׁ־ב
H7185	H7186	ק־שׁ־ה
H7194	H7195	ק־שׁ־ר
H7223	H7225	ר־א־שׁ
H7227	H7231	ר־ב־ב
H7227	H7232	ר־ב־ב
H7227	H7379	ר־ב־ב
H7231	H7232	ר־ב־ב
H7231	H7379	ר־ב־ב
H7232	H7379	ר־ב־ב
H7235	H8635	ר־ב־ה
H7257	H7258	ר־ב־ץ
H7270	H7271	ר־ג־ל
H7270	H7272	ר־ג־ל
H7271	H7272	ר־ג־ל
H7280	H7281	ר־ג־ע
H7280	H7282	ר־ג־ע
H7281	H7282	ר־ג־ע
H7283	H7284	ר־ג־שׁ
H7283	H7285	ר־ג־שׁ
H7284	H7285	ר־ג־שׁ
H7286	H7287	ר־ד־ה
H7318	H7410	ר־ו־ם
H7318	H8641	ר־ו־ם
H7324	H7385	ר־ו־ק
H7324	H7386	ר־ו־ק
H7325	H7388	ר־ו־ר
H7329	H7330	ר־ז־ה
H7348	H7349	ר־ח־ם
H7353	H7354	ר־ח־ל
H7364	H7365	ר־ח־ץ
H7364	H7366	ר־ח־ץ
H7364	H7367	ר־ח־ץ
H7365	H7366	ר־ח־ץ
H7365	H7367	ר־ח־ץ
H7366	H7367	ר־ח־ץ
H7378	H7379	ר־י־ב
H7381	H7382	ר־י־ח
H7385	H7386	ר־ו־ק
H7390	H7391	ר־כ־ך
H7390	H7401	ר־כ־ך
H7391	H7401	ר־כ־ך
H7405	H7406	ר־כ־ס
H7405	H7407	ר־כ־ס
H7406	H7407	ר־כ־ס
H7408	H7409	ר־כ־שׁ
H7410	H8641	ר־ו־ם
H7430	H7431	ר־מ־שׂ
H7456	H7457	ר־ע־ב
H7456	H7458	ר־ע־ב
H7457	H7458	ר־ע־ב
H7460	H7461	ר־ע־ד
H7475	H7476	ר־ע־ה
H7481	H7482	ר־ע־ם
H7481	H7483	ר־ע־ם
H7481	H7484	ר־ע־ם
H7482	H7483	ר־ע־ם
H7482	H7484	ר־ע־ם
H7483	H7484	ר־ע־ם
H7493	H7494	ר־ע־שׁ
H7495	H7496	ר־פ־א
H7495	H7497	ר־פ־א
H7495	H7498	ר־פ־א
H7495	H7499	ר־פ־א
H7495	H8644	ר־פ־א
H7496	H7497	ר־פ־א
H7496	H7498	ר־פ־א
H7496	H7499	ר־פ־א
H7496	H8644	ר־פ־א
H7497	H7498	ר־פ־א
H7497	H7499	ר־פ־א
H7497	H8644	ר־פ־א
H7498	H7499	ר־פ־א
H7498	H8644	ר־פ־א
H7499	H8644	ר־פ־א
H7523	H7524	ר־צ־ח
H7528	H7529	ר־צ־ף
H7528	H7530	ר־צ־ף
H7528	H7531	ר־צ־ף
H7528	H7532	ר־צ־ף
H7529	H7530	ר־צ־ף
H7529	H7531	ר־צ־ף
H7529	H7532	ר־צ־ף
H7530	H7531	ר־צ־ף
H7530	H7532	ר־צ־ף
H7531	H7532	ר־צ־ף
H7549	H7554	ר־ק־ע
H7549	H7555	ר־ק־ע
H7554	H7555	ר־ק־ע
H7561	H7562	ר־שׁ־ע
H7561	H7563	ר־שׁ־ע
H7562	H7563	ר־שׁ־ע
H7565	H7566	ר־שׁ־ף
H7570	H7571	ר־ת־ח
H7573	H7574	ר־ת־ם
H7585	H7586	שׁ־א־ל
H7585	H7592	שׁ־א־ל
H7585	H7593	שׁ־א־ל
H7585	H7594	שׁ־א־ל
H7586	H7592	שׁ־א־ל
H7586	H7593	שׁ־א־ל
H7586	H7594	שׁ־א־ל
H7592	H7593	שׁ־א־ל
H7592	H7594	שׁ־א־ל
H7593	H7594	שׁ־א־ל
H7612	H7613	נ־שׂ־א
H7612	H7863	נ־שׂ־א
H7613	H7863	נ־שׂ־א
H7617	H7628	י־שׁ־ב
H7617	H7628	שׁ־ב־ה
H7617	H7628	שׁ־ו־ב
H7617	H7629	י־שׁ־ב
H7617	H7629	שׁ־ב־ה
H7617	H7629	שׁ־ו־ב
H7617	H7630	י־שׁ־ב
H7617	H7630	שׁ־ב־ה
H7617	H7630	שׁ־ו־ב
H7617	H7725	שׁ־ו־ב
H7617	H7868	י־שׁ־ב
H7617	H7868	שׁ־ו־ב
H7617	H7870	שׁ־ו־ב
H7617	H7871	שׁ־ו־ב
H7617	H7872	שׁ־ו־ב
H7617	H8453	י־שׁ־ב
H7617	H8666	שׁ־ו־ב
H7620	H7621	שׁ־ב־ע
H7620	H7653	שׁ־ב־ע
H7620	H7654	שׁ־ב־ע
H7620	H7656	שׁ־ב־ע
H7621	H7653	שׁ־ב־ע
H7621	H7654	שׁ־ב־ע
H7621	H7656	שׁ־ב־ע
H7623	H7624	שׁ־ב־ח
H7625	H7626	שׁ־ב־ט
H7625	H7627	שׁ־ב־ט
H7626	H7627	שׁ־ב־ט
H7628	H7629	י־שׁ־ב
H7628	H7629	שׁ־ב־ה
H7628	H7629	שׁ־ו־ב
H7628	H7630	י־שׁ־ב
H7628	H7630	שׁ־ב־ה
H7628	H7630	שׁ־ו־ב
H7628	H7725	שׁ־ו־ב
H7628	H7868	י־שׁ־ב
H7628	H7868	שׁ־ו־ב
H7628	H7870	שׁ־ו־ב
H7628	H7871	שׁ־ו־ב
H7628	H7872	שׁ־ו־ב
H7628	H8453	י־שׁ־ב
H7628	H8666	שׁ־ו־ב
H7629	H7630	י־שׁ־ב
H7629	H7630	שׁ־ב־ה
H7629	H7630	שׁ־ו־ב
H7629	H7725	שׁ־ו־ב
H7629	H7868	י־שׁ־ב
H7629	H7868	שׁ־ו־ב
H7629	H7870	שׁ־ו־ב
H7629	H7871	שׁ־ו־ב
H7629	H7872	שׁ־ו־ב
H7629	H8453	י־שׁ־ב
H7629	H8666	שׁ־ו־ב
H7630	H7725	שׁ־ו־ב
H7630	H7868	י־שׁ־ב
H7630	H7868	שׁ־ו־ב
H7630	H7870	שׁ־ו־ב
H7630	H7871	שׁ־ו־ב
H7630	H7872	שׁ־ו־ב
H7630	H8453	י־שׁ־ב
H7630	H8666	שׁ־ו־ב
H7642	H7732	שׁ־ב־ל
H7653	H7654	שׁ־ב־ע
H7653	H7656	שׁ־ב־ע
H7654	H7656	שׁ־ב־ע
H7660	H7661	שׁ־ב־ץ
H7660	H8665	שׁ־ב־ץ
H7661	H8665	שׁ־ב־ץ
H7665	H7671	שׁ־ב־ר
H7694	H7695	שׁ־ג־ל
H7699	H7700	שׁ־ד
H7699	H7700	שׁ־ו־ד
H7699	H7701	שׁ־ד
H7699	H7701	שׁ־ו־ד
H7700	H7701	שׁ־ד
H7700	H7701	שׁ־ו־ד
H7704	H7705	שׁ־ד־ד
H7704	H7705	שׂ־ד־ה
H7712	H7713	שׁ־ד־ר
H7725	H7868	שׁ־ו־ב
H7725	H7870	שׁ־ו־ב
H7725	H7871	שׁ־ו־ב
H7725	H7872	שׁ־ו־ב
H7725	H8666	שׁ־ו־ב
H7730	H7731	שׁ־ב־ך
H7745	H7746	שׁ־ו־ח
H7763	H8107	שׁ־מ־ר
H7764	H7765	שׁ־נ־ה
H7776	H7777	שׁ־ע־ל
H7783	H7784	שׁ־ו־ק
H7783	H7785	שׁ־ו־ק
H7783	H8669	שׁ־ו־ק
H7784	H7785	שׁ־ו־ק
H7784	H8669	שׁ־ו־ק
H7785	H8669	שׁ־ו־ק
H7791	H7795	שׁ־ו־ר
H7799	H7800	שׁ־שׁ־ן
H7811	H7812	שׂ־ח־ה
H7815	H7840	שׁ־ח־ר
H7832	H7833	שׂ־ח־ק
H7832	H7834	שׂ־ח־ק
H7833	H7834	שׂ־ח־ק
H7857	H7858	שׁ־ט־ף
H7868	H7870	שׁ־ו־ב
H7868	H7871	שׁ־ו־ב
H7868	H7872	שׁ־ו־ב
H7868	H8453	י־שׁ־ב
H7868	H8666	שׁ־ו־ב
H7870	H7871	שׁ־ו־ב
H7870	H7871	שׂ־י־ב
H7870	H7872	שׁ־ו־ב
H7870	H7872	שׂ־י־ב
H7870	H8666	שׁ־ו־ב
H7871	H7872	שׁ־ו־ב
H7871	H7872	שׂ־י־ב
H7871	H8666	שׁ־ו־ב
H7872	H8666	שׁ־ו־ב
H7881	H7882	שׂ־י־ח
H7901	H7902	שׁ־כ־ב
H7911	H7912	שׁ־כ־ח
H7911	H7913	שׁ־כ־ח
H7912	H7913	שׁ־כ־ח
H7931	H7932	שׁ־כ־ן
H7931	H7934	שׁ־כ־ן
H7932	H7934	שׁ־כ־ן
H7947	H7948	שׁ־ל־ב
H7965	H7966	ש־ל־ם
H7965	H7967	ש־ל־ם
H7966	H7967	ש־ל־ם
H7983	H7989	שׁ־ל־ט
H7983	H7990	שׁ־ל־ט
H7989	H7990	שׁ־ל־ט
H7997	H7998	שׁ־ל־ל
H8025	H8026	שׁ־ל־ף
H8034	H8035	שׁ־ו־ם
H8034	H8035	שׂ־י־ם
H8034	H8036	שׁ־ו־ם
H8034	H8036	שׂ־י־ם
H8035	H8036	שׁ־ו־ם
H8035	H8036	שׂ־י־ם
H8047	H8048	שׁ־מ־ם
H8047	H8074	שׁ־מ־ם
H8047	H8077	שׁ־מ־ם
H8048	H8074	שׁ־מ־ם
H8048	H8077	שׁ־מ־ם
H8056	H8057	שׂ־מ־ח
H8071	H8072	שׂ־מ־ל
H8074	H8077	שׁ־מ־ם
H8074	H8580	נ־שׁ־ם
H8127	H8128	שׁ־נ־ן
H8127	H8129	שׁ־נ־ן
H8127	H8150	שׁ־נ־ן
H8128	H8129	שׁ־נ־ן
H8128	H8150	שׁ־נ־ן
H8129	H8150	שׁ־נ־ן
H8163	H8164	שׂ־ע־ר
H8163	H8165	שׂ־ע־ר
H8163	H8183	שׂ־ע־ר
H8163	H8184	שׂ־ע־ר
H8163	H8185	שׂ־ע־ר
H8164	H8165	שׂ־ע־ר
H8164	H8183	שׂ־ע־ר
H8164	H8184	שׂ־ע־ר
H8164	H8185	שׂ־ע־ר
H8165	H8183	שׂ־ע־ר
H8165	H8184	שׂ־ע־ר
H8165	H8185	שׂ־ע־ר
H8183	H8184	שׂ־ע־ר
H8183	H8185	שׂ־ע־ר
H8184	H8185	שׂ־ע־ר
H8192	H8193	שׂ־פ־ה
H8210	H8211	שׁ־פ־ך
H8226	H8227	שׁ־פ־ן
H8244	H8245	שׁ־ק־ד
H8244	H8247	שׁ־ק־ד
H8245	H8247	שׁ־ק־ד
H8252	H8253	שׁ־ק־ט
H8254	H8255	שׁ־ק־ל
H8259	H8260	שׁ־ק־ף
H8265	H8266	שׁ־ק־ר
H8265	H8267	שׁ־ק־ר
H8266	H8267	שׁ־ק־ר
H8269	H8270	שׁ־י־ר
H8269	H8270	שׂ־ר־ר
H8269	H8285	שׁ־י־ר
H8269	H8285	שׂ־ר־ר
H8270	H8285	שׁ־י־ר
H8270	H8285	שׂ־ר־ר
H8277	H8278	שׂ־ר־ד
H8277	H8279	שׂ־ר־ד
H8277	H8300	שׂ־ר־ד
H8277	H8301	שׂ־ר־ד
H8278	H8279	שׂ־ר־ד
H8278	H8300	שׂ־ר־ד
H8278	H8301	שׂ־ר־ד
H8279	H8300	שׂ־ר־ד
H8279	H8301	שׂ־ר־ד
H8300	H8301	שׂ־ר־ד
H8313	H8314	שׂ־ר־ף
H8313	H8315	שׂ־ר־ף
H8313	H8316	שׂ־ר־ף
H8314	H8315	שׂ־ר־ף
H8314	H8316	שׂ־ר־ף
H8315	H8316	שׂ־ר־ף
H8317	H8318	שׁ־ר־ץ
H8334	H8335	שׁ־ר־ת
H8336	H8342	שׂ־י־שׂ
H8351	H8352	שׁ־י־ת
H8351	H8357	שׁ־י־ת
H8352	H8357	שׁ־י־ת
H8354	H8355	שׁ־ת־ה
H8362	H8363	שׁ־ת־ל
H8384	H8385	ת־א־ן
H8397	H8398	י־ב־ל
H8397	H8398	ת־ב־ל
H8397	H8422	י־ב־ל
H8397	H8422	ת־ב־ל
H8398	H8422	י־ב־ל
H8398	H8422	ת־ב־ל
H8416	H8417	ה־ל־ל
H8442	H8582	ת־ע־ה
H8467	H8468	ח־נ־ה
H8476	H8477	ת־ח־שׁ
H8480	H8481	ת־ח־ת
H8486	H8487	י־מ־ן
H8498	H8508	ת־כ־ן
H8510	H8524	ת־ל־ל
H8538	H8539	ת־מ־הּ
H8538	H8540	ת־מ־הּ
H8538	H8541	ת־מ־הּ
H8539	H8540	ת־מ־הּ
H8539	H8541	ת־מ־הּ
H8540	H8541	ת־מ־הּ
H8549	H8550	ת־מ־ם
H8565	H8577	ת־נ־ן
H8598	H8599	נ־פ־ח
H8598	H8599	ת־פ־ח
H8602	H8603	ת־פ־ל
H8628	H8629	ת־ק־ע
