# CANDIDATE Hebrew Strong's pairs from Mahberet Menahem (Menahem ben Saruq, 10th c.; Hebrew text Public Domain,
# London 1854, via Sefaria): a cited word and the Hebrew word naming its sense (ענין). Derived data CC0.
# `count` = number of divisions giving the pair. See shoresh/macula/build_mahberet_menahem.py.
strong_a	strong_b	count
H0258	H2219	2
H1098	H4554	2
H5475	H7328	2
H0001	H3138	1
H0014	H3138	1
H0024	H3138	1
H0035	H3138	1
H0068	H8144	1
H0079	H0258	1
H0080	H0258	1
H0084	H3671	1
H0107	H1549	1
H0108	H6205	1
H0109	H3631	1
H0113	H1376	1
H0178	H3138	1
H0202	H3581	1
H0212	H0258	1
H0212	H1534	1
H0212	H1543	1
H0212	H1550	1
H0212	H1556	1
H0212	H1560	1
H0212	H4039	1
H0258	H0270	1
H0258	H0280	1
H0258	H0352	1
H0258	H0525	1
H0258	H0530	1
H0258	H0539	1
H0258	H0545	1
H0258	H0547	1
H0258	H0686	1
H0258	H0691	1
H0258	H0741	1
H0258	H0892	1
H0258	H1323	1
H0258	H1396	1
H0258	H1487	1
H0258	H1573	1
H0258	H1589	1
H0258	H1627	1
H0258	H1672	1
H0258	H1674	1
H0258	H1681	1
H0258	H1717	1
H0258	H1736	1
H0258	H2015	1
H0258	H2016	1
H0258	H2022	1
H0258	H2025	1
H0258	H2029	1
H0258	H2142	1
H0258	H2149	1
H0258	H2151	1
H0258	H2168	1
H0258	H2179	1
H0258	H2180	1
H0258	H2351	1
H0258	H2368	1
H0258	H2398	1
H0258	H2400	1
H0258	H2435	1
H0258	H2708	1
H0258	H2856	1
H0258	H2992	1
H0258	H3033	1
H0258	H3034	1
H0258	H3039	1
H0258	H3045	1
H0258	H3518	1
H0258	H3547	1
H0258	H3548	1
H0258	H3550	1
H0258	H3657	1
H0258	H3739	1
H0258	H3740	1
H0258	H3766	1
H0258	H3767	1
H0258	H3803	1
H0258	H3804	1
H0258	H3805	1
H0258	H3833	1
H0258	H4211	1
H0258	H4214	1
H0258	H4571	1
H0258	H4672	1
H0258	H4834	1
H0258	H4900	1
H0258	H4901	1
H0258	H5066	1
H0258	H5287	1
H0258	H5296	1
H0258	H5331	1
H0258	H5591	1
H0258	H5600	1
H0258	H5603	1
H0258	H5606	1
H0258	H5668	1
H0258	H5703	1
H0258	H5708	1
H0258	H5709	1
H0258	H5710	1
H0258	H6285	1
H0258	H6451	1
H0258	H6581	1
H0258	H6711	1
H0258	H6712	1
H0258	H7722	1
H0258	H7826	1
H0258	H8175	1
H0258	H8178	1
H0258	H8426	1
H0332	H3138	1
H0334	H3138	1
H0343	H6205	1
H0352	H3581	1
H0366	H4172	1
H0367	H4172	1
H0579	H5949	1
H0585	H1674	1
H0590	H5600	1
H0591	H5600	1
H0596	H5949	1
H0602	H2201	1
H0603	H2201	1
H0610	H1288	1
H0610	H1290	1
H0610	H6378	1
H0610	H6379	1
H0648	H4285	1
H0653	H4285	1
H0693	H4362	1
H0698	H4362	1
H0707	H1999	1
H0708	H1999	1
H0821	H5399	1
H0857	H2969	1
H0861	H3536	1
H0866	H4242	1
H0868	H4242	1
H0870	H4725	1
H0909	H7518	1
H0910	H7518	1
H0928	H1765	1
H0928	H2649	1
H0954	H4102	1
H0986	H8159	1
H1082	H3981	1
H1104	H3682	1
H1156	H1246	1
H1158	H1246	1
H1250	H2351	1
H1279	H3834	1
H1317	H1322	1
H1326	H8077	1
H1327	H8077	1
H1335	H1511	1
H1346	H7830	1
H1348	H1466	1
H1348	H1467	1
H1354	H7223	1
H1366	H2372	1
H1366	H2374	1
H1366	H2706	1
H1366	H4231	1
H1377	H7694	1
H1420	H1431	1
H1438	H3045	1
H1456	H3974	1
H1468	H4569	1
H1472	H1479	1
H1472	H6297	1
H1486	H2256	1
H1513	H7529	1
H1513	H7531	1
H1543	H4501	1
H1572	H4041	1
H1600	H6682	1
H1639	H2637	1
H1639	H2639	1
H1727	H3631	1
H1731	H6940	1
H1740	H4072	1
H1743	H1989	1
H1745	H1827	1
H1760	H4072	1
H1763	H4172	1
H1767	H1952	1
H1777	H4941	1
H1790	H1989	1
H1792	H1989	1
H1794	H1989	1
H1795	H1989	1
H1804	H4833	1
H1805	H4857	1
H1811	H7491	1
H1812	H7491	1
H1826	H1827	1
H1827	H8367	1
H1935	H6963	1
H1995	H7588	1
H1995	H8663	1
H2014	H7510	1
H2020	H2502	1
H2020	H6403	1
H2020	H6412	1
H2046	H2212	1
H2085	H4197	1
H2087	H3937	1
H2106	H6438	1
H2111	H6427	1
H2113	H6427	1
H2114	H7499	1
H2131	H5213	1
H2209	H3453	1
H2213	H7223	1
H2219	H7223	1
H2223	H7223	1
H2229	H7588	1
H2230	H7588	1
H2231	H7588	1
H2232	H6623	1
H2233	H6623	1
H2237	H7499	1
H2244	H4525	1
H2254	H6162	1
H2333	H3725	1
H2338	H6616	1
H2339	H6616	1
H2342	H4032	1
H2342	H7225	1
H2344	H7225	1
H2347	H2551	1
H2413	H3138	1
H2416	H2951	1
H2427	H4032	1
H2470	H4032	1
H2471	H7225	1
H2487	H8545	1
H2490	H7225	1
H2498	H4569	1
H2498	H8545	1
H2499	H4569	1
H2502	H8151	1
H2549	H4510	1
H2550	H7356	1
H2551	H7356	1
H2554	H4642	1
H2555	H4642	1
H2567	H4510	1
H2617	H7036	1
H2717	H8077	1
H2720	H8077	1
H2723	H8077	1
H2738	H5636	1
H2775	H6353	1
H2814	H8367	1
H2836	H7522	1
H2837	H7522	1
H2908	H6623	1
H2919	H7491	1
H2935	H5536	1
H2936	H5122	1
H2943	H6006	1
H2944	H6006	1
H2976	H5701	1
H3027	H4725	1
H3176	H7225	1
H3245	H7328	1
H3256	H5337	1
H3322	H7012	1
H3363	H5627	1
H3581	H4581	1
H3581	H5329	1
H3581	H5331	1
H3581	H5794	1
H3581	H5797	1
H3583	H6320	1
H3595	H4071	1
H3595	H8574	1
H3600	H8574	1
H3603	H4334	1
H3607	H4525	1
H3619	H5536	1
H3631	H5486	1
H3631	H5502	1
H3631	H5595	1
H3631	H8373	1
H3631	H8374	1
H3631	H8375	1
H3632	H5145	1
H3665	H8220	1
H3682	H3813	1
H3682	H3874	1
H3682	H4595	1
H3682	H5848	1
H3717	H4932	1
H3718	H4932	1
H3722	H6306	1
H3724	H6306	1
H3797	H7023	1
H3852	H3857	1
H3856	H5531	1
H3867	H4225	1
H3868	H6618	1
H3880	H4225	1
H3882	H8577	1
H3897	H3952	1
H3914	H4225	1
H3915	H5089	1
H3915	H5091	1
H3915	H5092	1
H3939	H4814	1
H3974	H4492	1
H3974	H5050	1
H3974	H5051	1
H3974	H5054	1
H3974	H5094	1
H3974	H5102	1
H3974	H5105	1
H3990	H4285	1
H3990	H4588	1
H3991	H4285	1
H4015	H4498	1
H4015	H5127	1
H4072	H5080	1
H4116	H5531	1
H4127	H8557	1
H4133	H5557	1
H4133	H5558	1
H4157	H8144	1
H4170	H5301	1
H4170	H6315	1
H4170	H6341	1
H4170	H6351	1
H4172	H6342	1
H4181	H5157	1
H4205	H7499	1
H4213	H4705	1
H4213	H6819	1
H4223	H4347	1
H4229	H4347	1
H4239	H4347	1
H4254	H4403	1
H4284	H4593	1
H4284	H5843	1
H4284	H5860	1
H4284	H5861	1
H4284	H6245	1
H4284	H6246	1
H4294	H4731	1
H4296	H6210	1
H4341	H6986	1
H4454	H7821	1
H4475	H7292	1
H4487	H4557	1
H4488	H4557	1
H4491	H5095	1
H4494	H5314	1
H4498	H6207	1
H4503	H7862	1
H4510	H4557	1
H4510	H5608	1
H4510	H7218	1
H4568	H6280	1
H4568	H6282	1
H4570	H5410	1
H4581	H4637	1
H4581	H6184	1
H4581	H6206	1
H4581	H8443	1
H4624	H8144	1
H4639	H8144	1
H4656	H7461	1
H4683	H4808	1
H4688	H5488	1
H4692	H6695	1
H4702	H4837	1
H4702	H7531	1
H4734	H6603	1
H4780	H5621	1
H4780	H6087	1
H4793	H5401	1
H4793	H7751	1
H4793	H7783	1
H4793	H7885	1
H4793	H8264	1
H4800	H6601	1
H4808	H5327	1
H4808	H6229	1
H4832	H7495	1
H4832	H8644	1
H5064	H7223	1
H5105	H6672	1
H5105	H6843	1
H5105	H6852	1
H5301	H5324	1
H5301	H6638	1
H5344	H7045	1
H5361	H5627	1
H5468	H8447	1
H5470	H5474	1
H5490	H8503	1
H5594	H6969	1
H5627	H8102	1
H5627	H8103	1
H5701	H6093	1
H5715	H6030	1
H5781	H8144	1
H5949	H8385	1
H5975	H8144	1
H5982	H8144	1
H6125	H8144	1
H6201	H7491	1
H6213	H8144	1
H6245	H6670	1
H6248	H6670	1
H6313	H7510	1
H6354	H7845	1
H6427	H7461	1
H6478	H7106	1
H6565	H7223	1
H6592	H6623	1
H6603	H7049	1
H6616	H7806	1
H6682	H6818	1
H6704	H6774	1
H6707	H6774	1
H6710	H6774	1
H6873	H7223	1
H6899	H7641	1
H6899	H7642	1
H6899	H8085	1
H6899	H8088	1
H6937	H7839	1
H7225	H8431	1
H7225	H8462	1
H7376	H7578	1
H7611	H8300	1
H7684	H7944	1
H7684	H7960	1
