chapter	strong_sequence
11	H1732,H5329
14	H1732,H5329
15	H1732,H4210
16	H1732,H4387
17	H1732,H8605
23	H1732,H4210
24	H1732,H4210
25	H1732
26	H1732
27	H1732
28	H1732
29	H1732,H4210
32	H1732,H4905
35	H1732
37	H1732
50	H0623,H4210
66	H4210,H5329,H7892
72	H8010
73	H0623,H4210
74	H0623,H4905
78	H0623,H4905
79	H0623,H4210
82	H0623,H4210
86	H1732,H8605
87	H1121,H4210,H7141,H7892
98	H4210
100	H4210,H8426
101	H1732,H4210
103	H1732
109	H1732,H4210,H5329
110	H1732,H4210
120	H4609,H7892
121	H4609,H7892
122	H1732,H4609,H7892
123	H4609,H7892
124	H1732,H4609,H7892
125	H4609,H7892
126	H4609,H7892
127	H4609,H7892,H8010
128	H4609,H7892
129	H4609,H7892
130	H4609,H7892
131	H1732,H4609,H7892
132	H4609,H7892
133	H1732,H4609,H7892
134	H4609,H7892
138	H1732
139	H1732,H4210,H5329
141	H1732,H4210
143	H1732,H4210
144	H1732
145	H1732,H8416
