lexeme,default,qal,niphal,piel,pual,hithpael,hiphil,hophal,hishtaphel,ithpaal,nithpael,hithpaal,poal,poel,peal,peil,pael,haphel,aphel,shaphel,hithpeel,ithpeel
hbo:0001,አባት,,,,,,,,,,,,,,,,,,,,,
hbo:0006,,መጥፋት,,መደምሰስ,,,መወገድ,,,,,,,,,,,,,,,
hbo:0068,ድንጋይ,,,,,,,,,,,,,,,,,,,,,
hbo:0085,አብርሃም,,,,,,,,,,,,,,,,,,,,,
hbo:0113,ጌታ,,,,,,,,,,,,,,,,,,,,,
hbo:0120,"ሰው, ሰው, ሰብአዊ ዘር",,,,,,,,,,,,,,,,,,,,,
hbo:0127,"መሪት, አፈር, ግዛት, አለም",,,,,,,,,,,,,,,,,,,,,
hbo:0136,ጌታ,,,,,,,,,,,,,,,,,,,,,
hbo:0157,,"ወደደ, መውደድ",መወደድ,"መውደድ, ፍቅረኛ",,,,,,,,,,,,,,,,,,
hbo:0168,ድንኳን,,,,,,,,,,,,,,,,,,,,,
hbo:0175,አሮን,,,,,,,,,,,,,,,,,,,,,
hbo:0176,ወይም,,,,,,,,,,,,,,,,,,,,,
hbo:0241,ጆሮ,,,,,,,,,,,,,,,,,,,,,
hbo:0251,ወንድም,,,,,,,,,,,,,,,,,,,,,
hbo:0259,እንድ አንዴ,,,,,,,,,,,,,,,,,,,,,
hbo:0310,በ,,,,,,,,,,,,,,,,,,,,,
hbo:0312,ሌላ,,,,,,,,,,,,,,,,,,,,,
hbo:0341,,"ጠላት, ጠላት መሆን",,,,,,,,,,,,,,,,,,,,
hbo:0369,የለም,,,,,,,,,,,,,,,,,,,,,
hbo:0376,"ሰው እያንዳንዱ, ሰው, ሰብአዊ ፍጡራን, አንድ ሰው, እያንዳንዱ",,,,,,,,,,,,,,,,,,,,,
hbo:0389,በእርግጥ ቢሆንም,,,,,,,,,,,,,,,,,,,,,
hbo:0398,,"በላ, መብላት","ተባላ, መበላት",,"ተበላ, መቃጠል",,"አበላ, ማብላት",,,,,,,,,,,,,,,
hbo:0408,አይደለም፣ አይ,,,,,,,,,,,,,,,,,,,,,
hbo:0413,"ለ ወደ, ወደ, ለ",,,,,,,,,,,,,,,,,,,,,
hbo:0428,እነዚህ,,,,,,,,,,,,,,,,,,,,,
hbo:0430,"እግዚአብሔር, አምላክ, አማልክት",,,,,,,,,,,,,,,,,,,,,
hbo:0505,እልፍ,,,,,,,,,,,,,,,,,,,,,
hbo:0517,እናት,,,,,,,,,,,,,,,,,,,,,
hbo:0518,ከሆነ,,,,,,,,,,,,,,,,,,,,,
hbo:0520,"ክንድ, ክንድ, መለኪያ",,,,,,,,,,,,,,,,,,,,,
hbo:0559,,"አለ አሰበ, መናገር, ማሰብ","ተባለ ተነገረ, መነገር, መጠራት",,,,"ተናገረ, ማወጅ",,,,,,,,,,,,,,,
hbo:0589,እኔ,,,,,,,,,,,,,,,,,,,,,
hbo:0595,እኔ,,,,,,,,,,,,,,,,,,,,,
hbo:0622,,መሰብሰብ ማስገባት,መሰብሰብ,መሰብሰብ,መሰብሰብ,መሰብሰብ,,,,,,,,,,,,,,,,
hbo:0639,አፍንጫ,,,,,,,,,,,,,,,,,,,,,
hbo:0669,ኤፍሬም,,,,,,,,,,,,,,,,,,,,,
hbo:0702,አራት,,,,,,,,,,,,,,,,,,,,,
hbo:0727,"ታቦት, ሳጥን",,,,,,,,,,,,,,,,,,,,,
hbo:0776,"ምድር ግዞታ መሪት, መሬት, ወሰን, አገር, ምድር",,,,,,,,,,,,,,,,,,,,,
hbo:0784,እሳት,,,,,,,,,,,,,,,,,,,,,
hbo:0802,"ሴት, ሴት፣ እያንዳንዱ ሴት",,,,,,,,,,,,,,,,,,,,,
hbo:0804,አሶር,,,,,,,,,,,,,,,,,,,,,
hbo:0834,"'ን', የ, ያ, የሚ",,,,,,,,,,,,,,,,,,,,,
hbo:0853,ን,,,,,,,,,,,,,,,,,,,,,
hbo:0854,"ከ, ጋራ",,,,,,,,,,,,,,,,,,,,,
hbo:0859,አንተ,,,,,,,,,,,,,,,,,,,,,
hbo:0859a,አንተ,,,,,,,,,,,,,,,,,,,,,
hbo:0859b,አንተ,,,,,,,,,,,,,,,,,,,,,
hbo:0859c,አንተ,,,,,,,,,,,,,,,,,,,,,
hbo:0871a,"በ, በ, ውስጥ, ከ... ጋር",,,,,,,,,,,,,,,,,,,,,
hbo:0871b,"በ, በ, ውስጥ, ከ... ጋር",,,,,,,,,,,,,,,,,,,,,
hbo:0894,"ባቢሎን, ባቤል, ባቢሎን",,,,,,,,,,,,,,,,,,,,,
hbo:0899,ልብስ,,,,,,,,,,,,,,,,,,,,,
hbo:0905,"ድርሻ, ከፊል, መሸከሚያ አጠና",,,,,,,,,,,,,,,,,,,,,
hbo:0929,ከብት,,,,,,,,,,,,,,,,,,,,,
hbo:0935,,"መጣ ሄደ, መምጣት, መግባት",,,,,"አመጣ, ማምጣት, ማስገባት","እንዲመጣ ተደረገ, መወሰድ",,,,,,,,,,,,,,
hbo:0977,,"መረጠ, መምረጥ","ተመረጠ, መመረጥ",,,,,,,,,,,,,,,,,,,
hbo:0982,,መታመን,,,,,ማስተማመን,,,,,,,,,,,,,,,
hbo:0995,,"ተረዳ ገባው, ማስተዋል, ማገናዘብ","አስተዋየዕ ሆነ, ማወቅ",መንከባከብ,,"ገባው, ማስተዋል, ትኩረት መስጠት","አስረዳ , ማስተዋል, እንዲስተዋል ማድረግ",,,,,,,,,,,,,,,
hbo:0996,"በመካከል, በመካከል, ርቀት",,,,,,,,,,,,,,,,,,,,,
hbo:1000,እንቁላል,,,,,,,,,,,,,,,,,,,,,
hbo:1004,"ቤት, ቤት, ቤተሰብ, ውስጠኛ ክፍል",,,,,,,,,,,,,,,,,,,,,
hbo:1121,"ልጅ, ወንድ ልጅ",,,,,,,,,,,,,,,,,,,,,
hbo:1129,,"ገነባ, መገንባት","ተገነባ, መገንባት",,,,,,,,,,,,,,,,,,,
hbo:1144,ቢንያም,,,,,,,,,,,,,,,,,,,,,
hbo:1165,ከብት,,,,,,,,,,,,,,,,,,,,,
hbo:1167,ባለቤት በአል,,,,,,,,,,,,,,,,,,,,,
hbo:1241,ከብት,,,,,,,,,,,,,,,,,,,,,
hbo:1242,ማለዳ,,,,,,,,,,,,,,,,,,,,,
hbo:1245,,,,መፈለግ,"ፈለገ, መፈለግ",,,,,,,,,,,,,,,,,
hbo:1285,"ኪዳን, ስምምነት,ኪዳን",,,,,,,,,,,,,,,,,,,,,
hbo:1288,,"ባረከ, መባረክ","ባረከ, ራስን መባረክ","ባረከ, መባረክ","ተባረክ, መባ፟ረክ",ተበራረከ,,,,,,,,,,,,,,,,
hbo:1309,ብስራት,,,,,,,,,,,,,,,,,,,,,
hbo:1320,"ስጋ, ሥጋ, ሰውነት",,,,,,,,,,,,,,,,,,,,,
hbo:1323,ሴት ልጅ,,,,,,,,,,,,,,,,,,,,,
hbo:1366,"ድንበር, ድንበር, ግትዛ",,,,,,,,,,,,,,,,,,,,,
hbo:1368,ተዋጊ,,,,,,,,,,,,,,,,,,,,,
hbo:1419,ትልቅ,,,,,,,,,,,,,,,,,,,,,
hbo:1431,,"ጠንካራ መሆን, ታላቅ መሆን",,ማሳደግ,ማደግ,መመካት,ታላቅ ማድረግ,,,,,,,,,,,,,,,
hbo:1471,"ህዝብ, ሰዎች, ሕዝብ",,,,,,,,,,,,,,,,,,,,,
hbo:1540,,"መግለጥ, መለ፟የት","ራስን መግለጥ, መገለብ","መግለጥ, ስፍራ ለቆ መሄድ, በግዞት መወሰድ",መገ፟ለጥ,ራስን መግለጥ,በግዞት መወሰድ,በግዞት መወሰድ,,,,,,,,,,,,,,
hbo:1571,"እናም, እንደዚሁም, ቢሆንም",,,,,,,,,,,,,,,,,,,,,
hbo:1696,,"ተናገረ, መናገር","ተናገረ, መናገር","ተናገረ, መናገር","ተነገረ, መነገር","ተነጋገረ, መናገር",,,,,,,,,,,,,,,,
hbo:1697,"ቃል ነገር, ቃል, ተግባር, ነገር",,,,,,,,,,,,,,,,,,,,,
hbo:1732,ዳዊት,,,,,,,,,,,,,,,,,,,,,
hbo:1755,ትውልድ እድሜ የህይወት ዘመን,,,,,,,,,,,,,,,,,,,,,
hbo:1807,ደሊላ,,,,,,,,,,,,,,,,,,,,,
hbo:1818,ደም,,,,,,,,,,,,,,,,,,,,,
hbo:1844,እውቀት,,,,,,,,,,,,,,,,,,,,,
hbo:1870,"ምንገድ, መንገድ",,,,,,,,,,,,,,,,,,,,,
hbo:1875,,"መጠየቅ, መፈለግ","መጠ፟የቅ, መፈ፟ለግ",,,,,,,,,,,,,,,,,,,
hbo:1886a,"ው ዋ ኡ, የመጠይቅ ምእላድ",,,,,,,,,,,,,,,,,,,,,
hbo:1886b,"የጥያቄ ምልክት 'ውን', መስተዓምር",,,,,,,,,,,,,,,,,,,,,
hbo:1886f,"የጥያቄ ምልክት 'ውን', መስተዓምር",,,,,,,,,,,,,,,,,,,,,
hbo:1886g,"ው ዋ ኡ, የመጠይቅ ምእላድ",,,,,,,,,,,,,,,,,,,,,
hbo:1931,"እሱ, እርሱ",,,,,,,,,,,,,,,,,,,,,
hbo:1931a,"እሱ, እርሱ",,,,,,,,,,,,,,,,,,,,,
hbo:1931b,"እሱ, እርሱ",,,,,,,,,,,,,,,,,,,,,
hbo:1961,,"ሆነ, መሆን, መከሰት,","ይሆናል, ሆነ",,,,,,,,,,,,,,,,,,,
hbo:1980,,"ሄደ ተራመደ, መሄድ, መራመድ","ሄደ ጠፋ, ስፍራን መልቀቅ","ሄደ ተራመደ, መሄድ, መራመድ",,"ተመላለሰ, መዟዟር","አመጣ, መምራት, ማምጣት, ማስኬድ",,,,,,,,,,,,,,,
hbo:1984a,,,,ማመስገን,መመስገን,"መኩራራት,ራስን ማመስገን",,,,,,,,,,,,,,,,
hbo:1992,እነዚያ,,,,,,,,,,,,,,,,,,,,,
hbo:2009,እነሆ,,,,,,,,,,,,,,,,,,,,,
hbo:2022,"ተራራ, ተራራ, ተራራማ ምድር",,,,,,,,,,,,,,,,,,,,,
hbo:2026,,"ገደለ, መግደል, ማረድ","ተገደለ, መገደል, መታረድ",,"ተገደለ, መገደል, መታረድ",,,,,,,,,,,,,,,,,
hbo:2050b,"እና ወይም, እና",,,,,,,,,,,,,,,,,,,,,
hbo:2050d,"እና ወይም, እና",,,,,,,,,,,,,,,,,,,,,
hbo:2063,"ይህች, ይህቺ",,,,,,,,,,,,,,,,,,,,,
hbo:2076,,"ማረድ, መስዋእት ማቅረብ",,መስዋእት ማቅረብ,,,,,,,,,,,,,,,,,,
hbo:2077,መስዋዕት,,,,,,,,,,,,,,,,,,,,,
hbo:2088,"ይህ, ይህቺ",,,,,,,,,,,,,,,,,,,,,
hbo:2091,ወርቅ,,,,,,,,,,,,,,,,,,,,,
hbo:2142,,"ዘከረ አስታወሰ, ማስታወስ","ተታወሰ ተዘከረ, መታወስ, መጠቀስ",,,,"እንዲታወስ ተደረገ, እንዲታወስ ማድረግ",,,,,,,,,,,,,,,
hbo:2158,መዝሙር,,,,,,,,,,,,,,,,,,,,,
hbo:2205,ሽማግሌ ያረጀ,,,,,,,,,,,,,,,,,,,,,
hbo:2233,"ዘር, ዘር (የተክል), ዘር (ልጅ, የልጅ ልጅ)",,,,,,,,,,,,,,,,,,,,,
hbo:2320,"ወር, አዲስ ጨረቃ, ወር",,,,,,,,,,,,,,,,,,,,,
hbo:2351,ውጪ,,,,,,,,,,,,,,,,,,,,,
hbo:2388,,"መበርታት, መጠንከር",,ማጠንከር,,ራስን ማጠንከር,"መያዝ, መጨበጥ",,,,,,,,,,,,,,,
hbo:2398,,"ኢላማን መሳት, ኃጢአት",,"ማንጻት, የኃጢአት መስዋእት ማቅረብ",,ራስን ማንጻት,ኃጢአት ማሰራት፣ ኢላማን መሳት,,,,,,,,,,,,,,,
hbo:2403,"ሃጥያት, ኀጢአት",,,,,,,,,,,,,,,,,,,,,
hbo:2416,"ነዋሪ የሚኖር, ሕያው",,,,,,,,,,,,,,,,,,,,,
hbo:2421,,"መኖር, መኖር,  በሕይወት መኖር, ማንሰራራት",,"በሕይወት መጠበቅ, ማኖር",,,"ማኖር, በሕይወት መጠበቅ, ማኖር",,,,,,,,,,,,,,,
hbo:2428,"ሀይል ሰራዊት, ጥንካሬ, ችሎታ, ሃብት",,,,,,,,,,,,,,,,,,,,,
hbo:2490,,,"መርከስ,መበ፟ከል","መበከል, ማርከስ","መበከል, ማርከስ",,መጀመር,መጀ፟መር,,,,,,,,,,,,,,
hbo:2568,አምስት,,,,,,,,,,,,,,,,,,,,,
hbo:2583,,"መተው, መስፈር",,,,,,,,,,,,,,,,,,,,
hbo:2617,"ቸርነት ታማኝነት, ጽኑ ፍቅር",,,,,,,,,,,,,,,,,,,,,
hbo:2625,አንበጣ,,,,,,,,,,,,,,,,,,,,,
hbo:2691,ስፍራ,,,,,,,,,,,,,,,,,,,,,
hbo:2719,ሰይፍ,,,,,,,,,,,,,,,,,,,,,
hbo:2779,ክረምት,,,,,,,,,,,,,,,,,,,,,
hbo:2803,,መቅረብ,እንዲቀርብ መደረግ,ማቅረብ,,ማቅረብ,,,,,,,,,,,,,,,,
hbo:2896,መልካም,,,,,,,,,,,,,,,,,,,,,
hbo:2930,,መርከስ,ራስን ማርከስ,ማርከስ,መርከስ,ራስን ማርከስ,,,,,,,,,,,,,,,,
hbo:3027,"እጅ, እጅ, ጎን, ቦታ, ኃይል",,,,,,,,,,,,,,,,,,,,,
hbo:3045,,ማወቅ,መታወቅ,እንዲታወቅ ማድረግ,መታወቅ,ራስን ማሳወቅ,ማሳወቅ,እንዲታወቅ መደረግ,,,,,,,,,,,,,,
hbo:3063,ይሁዳ,,,,,,,,,,,,,,,,,,,,,
hbo:3068,"ጌታ እግዚአብሔር, ጌታ",,,,,,,,,,,,,,,,,,,,,
hbo:3091,"እያሱ, ኢያሱ",,,,,,,,,,,,,,,,,,,,,
hbo:3117,"ቀን, ቀን, በዚያ ቀን",,,,,,,,,,,,,,,,,,,,,
hbo:3130,ዮሴፍ,,,,,,,,,,,,,,,,,,,,,
hbo:3201,,"መቻል, መታገስ, ማሸነፍ",,,,,,,,,,,,,,,,,,,,
hbo:3205,,"ወለደ, ማርገዝ, ማብቀል, መውለድ","ተወለደ, መወለድ","አዋለደ, ማዋለድ","ተወለደ, መወለድ","አስረገዘ, ማዋለድ","አስወለደ, መወለድ","ተወለደ, መወለድ",,,,,,,,,,,,,,
hbo:3220,"ባህር, ባሕር, ምእራብ, ወንዝ",,,,,,,,,,,,,,,,,,,,,
hbo:3254,,"መጨመር, መቀጠል",መጨመር,,,,"መጨመር, መቀጠል",,,,,,,,,,,,,,,
hbo:3290,"ያዐቆብ, ያዕቆብ",,,,,,,,,,,,,,,,,,,,,
hbo:3318,,"ወጣ, መውጣት",,,,,ማምጣት,ወደፊት እንዲመጣ መደረግ,,,,,,,,,,,,,,
hbo:3372,,"ፈራ, መፍራት",ማስፈራት,"አስፈራ, እንዲፈራ ማድረግ",,,,,,,,,,,,,,,,,,
hbo:3381,,መውረድ,,,,,ማውረድ,እንዲወረድ መደረግ,,,,,,,,,,,,,,
hbo:3383,ዮርዳኖስ,,,,,,,,,,,,,,,,,,,,,
hbo:3389,"እየሩሳሌም, ኢየሩሳሌም",,,,,,,,,,,,,,,,,,,,,
hbo:3418,ለምለም,,,,,,,,,,,,,,,,,,,,,
hbo:3423,,"ወረሰ, መግዛት, በጉልበት መያዝ","ተወረሰ, መፈናቀል","ወረሰ, መውረስ",,,መውረስ,,,,,,,,,,,,,,,
hbo:3427,,"ተቀመጠ, መቀመጥ, መኖር, መስፈር",መኖሪያ መሆን,"እንዲቀመጥ ማድረግ, ማግባት",,,"እንዲቀመጥ ማድረግ, ማግባት",መኖርያ መሆን,,,,,,,,,,,,,,
hbo:3467,,,"ዳነ, መዳን",,,,"አዳነ, ማዳን",,,,,,,,,,,,,,,
hbo:3478,እስራኤል,,,,,,,,,,,,,,,,,,,,,
hbo:3509a,"ልክ እንደ, እንደ, ስለ, በዚህ መሰረት",,,,,,,,,,,,,,,,,,,,,
hbo:3509d,"ልክ እንደ, እንደ, ስለ, በዚህ መሰረት",,,,,,,,,,,,,,,,,,,,,
hbo:3511,ህመም,,,,,,,,,,,,,,,,,,,,,
hbo:3519,"ክብር ሃብት, ክብደት, ሃብት, ክብር",,,,,,,,,,,,,,,,,,,,,
hbo:3541,"ስለዚህ, ስለዚህ, እዚህ, አሁን",,,,,,,,,,,,,,,,,,,,,
hbo:3548,ካህን,,,,,,,,,,,,,,,,,,,,,
hbo:3559,,,"መጽናት, መመስረት","ማቋቋም, መቆርቆር","መጽናት, መመስረት",አቋም መውሰድ,"መመስረት,ማዘጋጀት",ማቋቋም,,,,,,,,,,,,,,
hbo:3588,"ምክንያቱም የተነሳ, ምክንያቱም",,,,,,,,,,,,,,,,,,,,,
hbo:3605,"ሁሉም እያንዳንዱ, ሁሉ",,,,,,,,,,,,,,,,,,,,,
hbo:3615,,ማለቅ,,"መጨረስ, ማውደም",መጨረስ,,,,,,,,,,,,,,,,,
hbo:3627,"እቃ, እቃ, መሳሪያ",,,,,,,,,,,,,,,,,,,,,
hbo:3651,"ሆነ, ስለዚህ, ከዚህ የተነሳ",,,,,,,,,,,,,,,,,,,,,
hbo:3680,,"መሸፈን, መደበቅ",መሸ፟ፈን,"መሸፈን, መደበቅ",መሸ፟ፈን,ራስን መሸፈን,,,,,,,,,,,,,,,,
hbo:3701,"ብር, ብር, ገንዘብ",,,,,,,,,,,,,,,,,,,,,
hbo:3709,መዳፍ,,,,,,,,,,,,,,,,,,,,,
hbo:3772,,"መቁረጥ, ኪዳን ማድረግ",መቆረጥ,,መቆረጥ,,መቁረጥ,እንዲቆረጥ መደረግ,,,,,,,,,,,,,,
hbo:3789,,መጻፍ,መጻፍ,ያለማቋረጥ መጻፍ,,,,,,,,,,,,,,,,,,
hbo:3807a,"ለ, ለ, በተመለከተ, ስለ",,,,,,,,,,,,,,,,,,,,,
hbo:3807b,"ለ, ለ, በተመለከተ, ስለ",,,,,,,,,,,,,,,,,,,,,
hbo:3807z,"ለ, ለ, በተመለከተ, ስለ",,,,,,,,,,,,,,,,,,,,,
hbo:3808,"አል, አይደለም, አይ-",,,,,,,,,,,,,,,,,,,,,
hbo:3820,"ልብ, ልብ, ውስጠኛ",,,,,,,,,,,,,,,,,,,,,
hbo:3824,"ልብ, ልብ, ውስጠኛ ክፍል",,,,,,,,,,,,,,,,,,,,,
hbo:3878,ሌዊ,,,,,,,,,,,,,,,,,,,,,
hbo:3899,"ዳቦ ምግብ, ምግብ, ዳቦ",,,,,,,,,,,,,,,,,,,,,
hbo:3915,"ለሊት, ሌሊት, በሌሊት",,,,,,,,,,,,,,,,,,,,,
hbo:3915a,ለሊት,,,,,,,,,,,,,,,,,,,,,
hbo:3920,,"መያዝ, መማረክ",መያዝ፣ መማረክ,,,እርስ በርስ መያያዝ,,,,,,,,,,,,,,,,
hbo:3928,ተማሪ ተከታይ,,,,,,,,,,,,,,,,,,,,,
hbo:3947,,"መያዝ, መማረክ","መያዝ,  መማረክ",,እንዲቀርብ መደረግ,እርስ በርስ መያያዝ,,መወሰድ,,,,,,,,,,,,,,
hbo:3966,"በጣም በሃይል, ኃይል, ጥንካሬ, በጣም",,,,,,,,,,,,,,,,,,,,,
hbo:3967,መቶ,,,,,,,,,,,,,,,,,,,,,
hbo:4057,"ምድረበዳ, ምድረበዳ, በረሃ",,,,,,,,,,,,,,,,,,,,,
hbo:4093,እውቀት,,,,,,,,,,,,,,,,,,,,,
hbo:4100,"ማ, ምን",,,,,,,,,,,,,,,,,,,,,
hbo:4124,ሞአብ,,,,,,,,,,,,,,,,,,,,,
hbo:4150,"የተወሰነ ቦታ, ስብሰባ, የተወሰነ ጊዜ",,,,,,,,,,,,,,,,,,,,,
hbo:4191,,"ሞተ, መሞት",,"ገደለ, መግደል",,,"ገደለ, መግደል","ተገደለ, መገደል",,,,,,,,,,,,,,
hbo:4194,ሞት,,,,,,,,,,,,,,,,,,,,,
hbo:4196,መሰውያ,,,,,,,,,,,,,,,,,,,,,
hbo:4264,"ሰራዊት, የጦር ሰፈር, ሰፈራ",,,,,,,,,,,,,,,,,,,,,
hbo:4294,"በትር, ነገድ,  በትር",,,,,,,,,,,,,,,,,,,,,
hbo:4310,"ማ, ማን",,,,,,,,,,,,,,,,,,,,,
hbo:4325,"ውሃ, ውሃ, ውሆች",,,,,,,,,,,,,,,,,,,,,
hbo:4371,ቀረጥ,,,,,,,,,,,,,,,,,,,,,
hbo:4390,,"ሞላ, መሙላት, መሞላት","ተሞላ,  መሞላት","ሞላ, መሙላት, መሟላት","ተሞላ, መሞላት",ተሞላሉ,,,,,,,,,,,,,,,,
hbo:4397,"መልእክተኝ, መልአክ",,,,,,,,,,,,,,,,,,,,,
hbo:4421,"ጦርነት, ጦርነት, ውጊያ",,,,,,,,,,,,,,,,,,,,,
hbo:4427,,መንገስ,,,,,ማንገስ,ንጉስ መሆን,,,,,,,,,,,,,,
hbo:4428,ንጉስ,,,,,,,,,,,,,,,,,,,,,
hbo:4480,"ከ, ከ, ከ… ውስጥ",,,,,,,,,,,,,,,,,,,,,
hbo:4503,"ስጦታ አጅ መንሻ, ስጦታ, ገጸ በረከት, መባ",,,,,,,,,,,,,,,,,,,,,
hbo:4616,ስለ,,,,,,,,,,,,,,,,,,,,,
hbo:4639,"ስራ, ተግባር, ስራ",,,,,,,,,,,,,,,,,,,,,
hbo:4672,,"አገኘ, ማግኘት","ተገኘ, መገኘት",,,,"ተገኘ, ማቅረብ",,,,,,,,,,,,,,,
hbo:4687,ህግ ትእዛዝ,,,,,,,,,,,,,,,,,,,,,
hbo:4693,ግብጽ,,,,,,,,,,,,,,,,,,,,,
hbo:4714,"ግብ, ግብጽ",,,,,,,,,,,,,,,,,,,,,
hbo:4725,"ቦታ ስፍራ, መቆሚያ ቦታ፣ ቦታ፣ ክልል",,,,,,,,,,,,,,,,,,,,,
hbo:4872,ሙሴ,,,,,,,,,,,,,,,,,,,,,
hbo:4940,ቤተሰብ,,,,,,,,,,,,,,,,,,,,,
hbo:4941,"ፍርድ ውሳኔ, ፍርድ, ውሳኔ, ትእዛዝ",,,,,,,,,,,,,,,,,,,,,
hbo:4994,"አሁን እባክህ, አሁን, እባክህ",,,,,,,,,,,,,,,,,,,,,
hbo:5002,"ተናገረ, ንግግር",,,,,,,,,,,,,,,,,,,,,
hbo:5012,,,ትንቢት መናገር,,,ትንቢት መናገር,,,,,,,,,,,,,,,,
hbo:5030,ነብይ,,,,,,,,,,,,,,,,,,,,,
hbo:5046,,,,,,,"ማሳወቅ, መንገር",እንዲታወቅ መደረግ,,,,,,,,,,,,,,
hbo:5060,,"መንካት, መድረስ, መምጣት",መነካት,መምታት,መመታት,,"መንካት, መድረስ, መምጣት",,,,,,,,,,,,,,,
hbo:5117,,"ማረፍ, መስፈር, ጸጥ ማሰኘት",,,,,ማስቀመጥ,"ወደ ኋላ መቅረት, ጸጥ ያለ",,,,,,,,,,,,,,
hbo:5127,,መሸሽ,,መገፍተር,,,"ማብረር, መሸሽ",,,,,,,,,,,,,,,
hbo:5159,"ንብረት, ውርስ",,,,,,,,,,,,,,,,,,,,,
hbo:5186,,"መዞር, መዘርጋት","መዘርጋት, ራስን መዘርጋት",,,,"መዘርጋት, መዞር",,,,,,,,,,,,,,,
hbo:5221,,,መመታት,,ተመትቶ ውመደቅ,,መምታት,"መደብደብ,መመታት",,,,,,,,,,,,,,
hbo:5265,,መልቀቅ,ተጎትቶ መውጣት,,,,ማስለቀቅ,,,,,,,,,,,,,,,
hbo:5288,"አገልጋይ ብላቴና, ወንድ ልጅ፣ ወጣት ወንድ፣ አገልጋይ",,,,,,,,,,,,,,,,,,,,,
hbo:5307,,"መውደቅ, መጋደም",,መውደቅ,,"ራስን ወደ ምድር መጣል,  በመሬት ላይ መደፋት","ማስወደቅ, ሌላ ሰው እንዲወድቅ ማድረግ",,,,,,,,,,,,,,,
hbo:5315,"ነፍስ, ጉሮሮ, ነፍስ, ሕያው ፍጡር",,,,,,,,,,,,,,,,,,,,,
hbo:5337,,,ነጻ መውጣት,"ነጻ ማውጣት, መግፈፍ",,ራስን መግፈፍ,"መቅደድ, ማስወገድ",ተጎልጉሎ መውጣት,,,,,,,,,,,,,,
hbo:5375,,"አነሳ, ማንሳት፣ መሸከም",መነሳት፣ በሌላ ሰው መሸከም,ማንሳት፣ መሸከም,,ራስን ማንሳት,ሌላን ሰው እንዲሸከም ማድረግ,,,,,,,,,,,,,,,
hbo:5414,,"ሰጠ አኖረ, መስጠት፣ ማስቀመጥ","ተሰጠ, መሰጠት",,,,,"ተሰጠ, መሰጠት",,,,,,,,,,,,,,
hbo:5437,,መዞር,"አቅጣጫ መቀየር, መክበብ",መለወጥ,,,እንዲዞር ማድረግ,መቀየር,,,,,,,,,,,,,,
hbo:5439,"ዙርያ, ዙሪያ, ዙሪያ ገባ",,,,,,,,,,,,,,,,,,,,,
hbo:5493,,መዞር,,መዘበራረቅ,,,"መውሰድ, መወገድ",መወገድ,,,,,,,,,,,,,,
hbo:5612,ጥቅልል,,,,,,,,,,,,,,,,,,,,,
hbo:5647,,"አገለገለ,  ማገልገል",መልማት,,መሰራት,,እንዲሰራ ማድረግ,እንዲገለገል ማድረግ,,,,,,,,,,,,,,
hbo:5650,"አገልጋይ ባርያ, አገልጋይ, ባርያ",,,,,,,,,,,,,,,,,,,,,
hbo:5674,,"አለፈ, ማለፍ, ሕግ መተላለፍ",መታለፍ,ማሳለፍ,,,ማሳለፍ,,,,,,,,,,,,,,,
hbo:5704,"እስከ, እስከ, እስከ.. ድረስ",,,,,,,,,,,,,,,,,,,,,
hbo:5750,"ገና ድጋሚ, እስከ አሁን, እንደገና, በተጨማሪ",,,,,,,,,,,,,,,,,,,,,
hbo:5769,"ዘላለም, በጥንት ጊዜ, ከረዥም ጊዜ በፊት, ዘላለም",,,,,,,,,,,,,,,,,,,,,
hbo:5771,"መተላለፍ, በደል, ቅጣት",,,,,,,,,,,,,,,,,,,,,
hbo:5800,,መተው፣ መክዳት,መተው,,ለብቻ መተው,,,,,,,,,,,,,,,,,
hbo:5869,"ዐይን ምንጭ, ዓይን፣ እይታ፣ ምንጭ",,,,,,,,,,,,,,,,,,,,,
hbo:5892,"ከተማ, ከተማ, የከተማ ክፍል",,,,,,,,,,,,,,,,,,,,,
hbo:5912,አካን,,,,,,,,,,,,,,,,,,,,,
hbo:5921,"ላይ, ላይ, ከላይ, ተቃራኒ",,,,,,,,,,,,,,,,,,,,,
hbo:5921|3963a,"ላይ, ላይ, ከላይ, ተቃራኒ",,,,,,,,,,,,,,,,,,,,,
hbo:5927,,ወደ ላይ መውጣት,"ተነሳ, ወደ ላይ መወሰድ, መክበር",,,"ተነሳ, ራስን ከፍ ማድረግ","አሳረገ,  ማምጣት፤ ሆ፦መስዋእት ሆኖ መቅረብ","ተሰዋ, መስዋእት ሆኖ መቅረብ, መሰዋት",,,,,,,,,,,,,,
hbo:5930,"የሚቃጠል መስዋዕት, የሚቃጠል መስዋእት",,,,,,,,,,,,,,,,,,,,,
hbo:5971,"ህዝብ, ሕዝቦች, ዝምድና, ዘመድ",,,,,,,,,,,,,,,,,,,,,
hbo:5973,"ጋር, ከ… ጋር",,,,,,,,,,,,,,,,,,,,,
hbo:5975,,"ቆመ, መቆም",,,,,ማቆም፣ መሾም,እንዲቆም መደረግ,,,,,,,,,,,,,,
hbo:6030,,መመለስ,መልስ መሰጠት,,,,,,,,,,,,,,,,,,,
hbo:6086,"ዛፍ እፅዋት, ዛፍ, ዛፎች, እንጨት, የእንጨት ቁጭራ",,,,,,,,,,,,,,,,,,,,,
hbo:6163,ዓረብ,,,,,,,,,,,,,,,,,,,,,
hbo:6181,እራቆትነት,,,,,,,,,,,,,,,,,,,,,
hbo:6213,,"ሰራ, ማድረግ, መስራት",መሰራት,"መጫን, መጭመቅ","ተሰራ, መሰራት",,,,,,,,,,,,,,,,,
hbo:6240,አስር,,,,,,,,,,,,,,,,,,,,,
hbo:6242,ሃያ,,,,,,,,,,,,,,,,,,,,,
hbo:6256,"ጊዜ, ጊዜ, ዘመን, የተቀጠረ ጊዜ",,,,,,,,,,,,,,,,,,,,,
hbo:6258,አሁን,,,,,,,,,,,,,,,,,,,,,
hbo:6310,አፍ,,,,,,,,,,,,,,,,,,,,,
hbo:6430,"ፍልስጤም, ፍልስጤማውያን",,,,,,,,,,,,,,,,,,,,,
hbo:6440,"ፊት, ፊት፣ ገጽታ፣ ከፊት",,,,,,,,,,,,,,,,,,,,,
hbo:6485,,መጎብኘት፣ መሾም,መሾም፣ መጎብኘት፤,ማሰባሰብ,መጠራትቃ፦ ፤ ኒ፡- ፒ፦ ፤ ፑ፦፤ ሂት፦ መሰባሰብ፤,መሰባሰብ,መጎብኘት፣ መሾም,መሾም,,,,,,,,,,,,,,
hbo:6547,"ፈርዖን, ፈርኦን",,,,,,,,,,,,,,,,,,,,,
hbo:6607,ክፍተት በር መግብያ,,,,,,,,,,,,,,,,,,,,,
hbo:6629,መንጋ,,,,,,,,,,,,,,,,,,,,,
hbo:6635,"ሰራዊት, ሠራዊት",,,,,,,,,,,,,,,,,,,,,
hbo:6662,"ጽድቅ, ጻዲቅ",,,,,,,,,,,,,,,,,,,,,
hbo:6666,ጽድቅ,,,,,,,,,,,,,,,,,,,,,
hbo:6680,,,,"አዘዘ, ማዘዝ","ታዘዘ, መታዘዝ",,,,,,,,,,,,,,,,,
hbo:6726,ፂዮን,,,,,,,,,,,,,,,,,,,,,
hbo:6828,ሰሜን,,,,,,,,,,,,,,,,,,,,,
hbo:6908,,ማጠራቀም፣ መሰብሰብ,መሰብሰብ,መሰብሰብ፣ መከማቸት,መሰብሰብ,መሰብሰብ,,,,,,,,,,,,,,,,
hbo:6942,,ቅዱስ መሆን,ቅድስናን ማሳየት,መቀደስ,መቀደስ,ራስን ቅዱስ አድርጎ ማቅረብ,መቀደስ፣ አንድን ነገር እንደ ቅዱስ መቁጠር,,,,,,,,,,,,,,,
hbo:6944,"ቅዱስ, ቅድስና, ቅዱስ ነገር, ቅዱስ",,,,,,,,,,,,,,,,,,,,,
hbo:6963,"ድም, ድምጽ",,,,,,,,,,,,,,,,,,,,,
hbo:6965,,"ቆመ, መነሳት",,"ጸና, መመስረት, ማጽናት",,"ተነሳ አመጸ, ማመጽ","አቆመ, ማቆም, መፈጸም","ተተከለ, እንዲነሳ መደረግ",,,,,,,,,,,,,,
hbo:7121,,"ጠራ አነበበ ተገናኘ, መጥራት፣ መገናኘት፤ ድምጽን አውጥቶ ማንበብ ኒ፡-","ተጠራ ተነበበ, መጠራት, መጎብኘት, መጠቀስ፣ መታወጅ",,"ተጠራ, መጠራት",,,,,,,,,,,,,,,,,
hbo:7122,,ማግኘት,በድንገት ማግኘት,,,,እንዲከሰት ማድረግ,,,,,,,,,,,,,,,
hbo:7126,,"ቀረበ, መቅረብ","ቀረበ, መምጣት፣ መቅረብ","ቀረበ, ማቅረብ",,,"አቀረበ, ማቅረብ",,,,,,,,,,,,,,,
hbo:7130,"ውስጥ, ውስጠኛ, መሃከል",,,,,,,,,,,,,,,,,,,,,
hbo:7200,,"አየ, ማየት, መምረጥ","ታየ, መታየት",,"ታየ, መታየት","ተያየ, መተያየት","አሳየ, ማሳየት","እንዲታየዕ ተደረገ, እንዲታይ መደረግ",,,,,,,,,,,,,,
hbo:7218,"ራስ, ራስ, ጫፍ, መጀመሪያ, ምርጥ, አለቃ",,,,,,,,,,,,,,,,,,,,,
hbo:7223,መጀመርያ,,,,,,,,,,,,,,,,,,,,,
hbo:7227,"ብዙ ዋንኛ, ብዙ",,,,,,,,,,,,,,,,,,,,,
hbo:7230,ብዙሃን,,,,,,,,,,,,,,,,,,,,,
hbo:7235,,"በዛ ረባ, ብዙ መሆን፣ ታላቅ መሆን",,ብዙ ማድረግ,,,ማብዛት፣ ማባዛት,,,,,,,,,,,,,,,
hbo:7241,ከባድ ዝናብ,,,,,,,,,,,,,,,,,,,,,
hbo:7272,እግር,,,,,,,,,,,,,,,,,,,,,
hbo:7291,,ማሳደድ,መሳደድ,ማሳደድ,መሳደድ,,ማሳደድ,,,,,,,,,,,,,,,
hbo:7307,"ምንፈስ, እስትንፋስ, ንስፋ,  መንፈስ",,,,,,,,,,,,,,,,,,,,,
hbo:7311,,"ከፍ ማለት, መኩራራት",,ከፍ ማድረግ,ከፍ መደረግ,ራስን ከፍ ማድረግ,"ማንሳት, ማስወገድ፣ መለየት",መወገድ,,,,,,,,,,,,,,
hbo:7451,"መጥፎ, ክፉ",,,,,,,,,,,,,,,,,,,,,
hbo:7462,ክፋት,,,,,,,,,,,,,,,,,,,,,
hbo:7563,"ክፉ ሃጥያተኛ, በደለኛ, ጥፋተኛ",,,,,,,,,,,,,,,,,,,,,
hbo:7586,ሳኦል,,,,,,,,,,,,,,,,,,,,,
hbo:7592,,"ጠየቀ, መጠየቅ, መፈለግ",ላለመኖር መጠየቅ,"ለመነ, መጠየቅ, መለመን",,,"ፈቃድ መስጠት, ማበደር",,,,,,,,,,,,,,,
hbo:7626,በትር,,,,,,,,,,,,,,,,,,,,,
hbo:7650,,,"ማለ,  መማል",,,,"ማለ,  መማል",,,,,,,,,,,,,,,
hbo:7651,ሰባት,,,,,,,,,,,,,,,,,,,,,
hbo:7704,"ሜዳ, መስክ",,,,,,,,,,,,,,,,,,,,,
hbo:7709,ሜዳ,,,,,,,,,,,,,,,,,,,,,
hbo:7725,,"መመለስ, መዞር, መድገም",,መመለስ,,,መመለስ,እንዲመለስ መደረግ,,,,,,,,,,,,,,
hbo:7760,,"አስቀመጠ, ማስቀመጥ",,,,,"አደረገ, ማስቀመጥ","ተቀመጠ, መቀመጥ",,,,,,,,,,,,,,
hbo:7812a,,,,,,,,,"ሰገደ, መስገድ",,,,,,,,,,,,,
hbo:7838,ጥቁር,,,,,,,,,,,,,,,,,,,,,
hbo:7858,ጎርፍ,,,,,,,,,,,,,,,,,,,,,
hbo:7901,,መጋደም፣ ወሲብ መፈጸም,ከሌላው ሰው ጋር መተኛት,,ከሌላው ሰው ጋር መተኛት,,መጋደም,እንዲያርፍ መደረግ,,,,,,,,,,,,,,
hbo:7931,,"መኖር, መስፈር",,ማስፈር,,,ማስፈር,,,,,,,,,,,,,,,
hbo:7965,"ሰላም, ሰላም, ደህንነት",,,,,,,,,,,,,,,,,,,,,
hbo:7969,"ሶስት, ሦስት",,,,,,,,,,,,,,,,,,,,,
hbo:7971,,"ላከ, መላክ","ተላከ, መላክ","ተወ, መልቀቅ, መዘርጋት","ተወ ለቀቀ, መለቀቅ, መላክ, መተው",,"ተፈታ, መስደድ",,,,,,,,,,,,,,,
hbo:7993,,,,,,,"መወርወር, መስደድ","መወርወር, መሰደድ",,,,,,,,,,,,,,
hbo:7999,,"ሙሉ መሆን, ፍጹም መሆን",,ካሳ መክፈል,ካሳ መከፈል,,ሰላም ማድረግ,ሰላም መሆን,,,,,,,,,,,,,,
hbo:8010,ሰለሞን,,,,,,,,,,,,,,,,,,,,,
hbo:8033,"እዛ, እዚያ, ከዚያ",,,,,,,,,,,,,,,,,,,,,
hbo:8034,ስም,,,,,,,,,,,,,,,,,,,,,
hbo:8055,,መደሰት,,ሐሴት ማድረግ,,,ሃሴት ማድረግ,,,,,,,,,,,,,,,
hbo:8060,ሻማይ,,,,,,,,,,,,,,,,,,,,,
hbo:8064,ሰማይ,,,,,,,,,,,,,,,,,,,,,
hbo:8081,ዘይት,,,,,,,,,,,,,,,,,,,,,
hbo:8085,,"ሰማ, መስማት","ተሰማ, መሰማት","ጠራ, መጥራት",,,"እንዲሰማ አደረገ, ማሰማት",,,,,,,,,,,,,,,
hbo:8104,,"ጠበቀ, መጠበቅ መከላከል",መጠበቅ,ማምለክ,,መጠንቀቅ,,,,,,,,,,,,,,,,
hbo:8130,,"መጥላት, ጠላት (ፓ ግሳዊ ቅጽል)",መጠላት,ጠላት መሆን,,,,,,,,,,,,,,,,,,
hbo:8141,"ዓመት, አመት",,,,,,,,,,,,,,,,,,,,,
hbo:8145,ሁለተኛ,,,,,,,,,,,,,,,,,,,,,
hbo:8147,ሁለት,,,,,,,,,,,,,,,,,,,,,
hbo:8179,"የአጥር በር , በር, ደጃፍ",,,,,,,,,,,,,,,,,,,,,
hbo:8193,ከንፈር,,,,,,,,,,,,,,,,,,,,,
hbo:8199,,"መፍረድ, ግጭት ውስጥ መግባት",መለመን,,,,,,,,,,,,,,,,,,,
hbo:8269,"መሪ ልዑል, መሪ, አለቃ",,,,,,,,,,,,,,,,,,,,,
hbo:8313,,ማቃጠል,መቃጠል,,መቃጠል,,,,,,,,,,,,,,,,,
hbo:8337,ስድስት,,,,,,,,,,,,,,,,,,,,,
hbo:8354,,"ጠጣ, መጠጣት","ሰከረ, መጠጣት",,,,,,,,,,,,,,,,,,,
hbo:8366a,,,,,,,ሸና,,,,,,,,,,,,,,,
hbo:8380,መንታ,,,,,,,,,,,,,,,,,,,,,
hbo:8431,ተስፋ,,,,,,,,,,,,,,,,,,,,,
hbo:8432,"መሃከል, መካከል",,,,,,,,,,,,,,,,,,,,,
hbo:8451,"ህግ, መመሪያ, ሕግ",,,,,,,,,,,,,,,,,,,,,
hbo:8478,"በታች በምትክ, ከታች, ከታች ያለ ክፍል, በምትኩ",,,,,,,,,,,,,,,,,,,,,
hbo:8555,ትምና,,,,,,,,,,,,,,,,,,,,,
