lexeme,default,qal,niphal,piel,pual,hithpael,hiphil,hophal,hishtaphel,ithpaal,nithpael,hithpaal,poal,poel
hbo:0001,far,,,,,,,,,,,,,
hbo:0006,,gå til grunde,,,,,,,,,,,,
hbo:0014,,"ville, ønske, akceptere",,,,,,,,,,,,
hbo:0034,"fattig, undertrykt",,,,,,,,,,,,,
hbo:0047,"stærk, magtfuld",,,,,,,,,,,,,
hbo:0049,Abishag,,,,,,,,,,,,,
hbo:0053,Absalom,,,,,,,,,,,,,
hbo:0054,Ebjatar,,,,,,,,,,,,,
hbo:0061,"sandelig; men, imidlertid",,,,,,,,,,,,,
hbo:0068,sten,,,,,,,,,,,,,
hbo:0073,bælte,,,,,,,,,,,,,
hbo:0074,Abner,,,,,,,,,,,,,
hbo:0083,vinge,,,,,,,,,,,,,
hbo:0085,Abraham,,,,,,,,,,,,,
hbo:0086,Hil dig? (uvist),,,,,,,,,,,,,
hbo:0087,Abram,,,,,,,,,,,,,
hbo:0098,"dam, sø med siv",,,,,,,,,,,,,
hbo:0101,skål,,,,,,,,,,,,,
hbo:0106,næve,,,,,,,,,,,,,
hbo:0108,"kilde, tåge",,,,,,,,,,,,,
hbo:0113,herre,,,,,,,,,,,,,
hbo:0117,mægtig; fornemme (n pl),,,,,,,,,,,,,
hbo:0120,"mand, menneske",,,,,,,,,,,,,
hbo:0123,Edom,,,,,,,,,,,,,
hbo:0127,jord,,,,,,,,,,,,,
hbo:0134,"fodstykke, sokkel",,,,,,,,,,,,,
hbo:0136,Herre,,,,,,,,,,,,,
hbo:0138,Adonija,,,,,,,,,,,,,
hbo:0138a,Adonijahu,,,,,,,,,,,,,
hbo:0155,"Kappe, herlighed",,,,,,,,,,,,,
hbo:0157,,elske,,,,,,,,,,,,
hbo:0162,"ak, åh",,,,,,,,,,,,,
hbo:0168,telt,,,,,,,,,,,,,
hbo:0175,Aron,,,,,,,,,,,,,
hbo:0176,"eller, eller endog",,,,,,,,,,,,,
hbo:0181,"brændeknude, træstump",,,,,,,,,,,,,
hbo:0183,,,,"ønske, længes efter, have lyst til",,begære,,,,,,,,
hbo:0188,ve!,,,,,,,,,,,,,
hbo:0190,ve!,,,,,,,,,,,,,
hbo:0194,måske,,,,,,,,,,,,,
hbo:0199,"dog, på den anden side",,,,,,,,,,,,,
hbo:0202,"magt, styrke, rigdom",,,,,,,,,,,,,
hbo:0205,"ondskab, uretfærdighed",,,,,,,,,,,,,
hbo:0215,,være lys,,,,,"skinne, give lys",,,,,,,
hbo:0216,lys,,,,,,,,,,,,,
hbo:0218a,Ur,,,,,,,,,,,,,
hbo:0226,tegn,,,,,,,,,,,,,
hbo:0227,"da; dengang, eftersom",,,,,,,,,,,,,
hbo:0231,ysop,,,,,,,,,,,,,
hbo:0241,øre,,,,,,,,,,,,,
hbo:0247,,spænde bælte om,,,,,,,,,,,,
hbo:0251,bror,,,,,,,,,,,,,
hbo:0253,"ak, åh",,,,,,,,,,,,,
hbo:0256,Ahab,,,,,,,,,,,,,
hbo:0259,"en, engang",,,,,,,,,,,,,
hbo:0269,søster,,,,,,,,,,,,,
hbo:0270,,"gribe, tage fat i","grives, holdes fast",,,,,,,,,,,
hbo:0271,Akaz,,,,,,,,,,,,,
hbo:0272,"ejendom, jord",,,,,,,,,,,,,
hbo:0305,hvis blot,,,,,,,,,,,,,
hbo:0309,,,,"sinke, blive bagved",,,,,,,,,,
hbo:0310,"efter, bagved, bagside",,,,,,,,,,,,,
hbo:0312,en anden,,,,,,,,,,,,,
hbo:0314,"sidst, bagerst; til sidst",,,,,,,,,,,,,
hbo:0319,"ende, fremtid",,,,,,,,,,,,,
hbo:0322,baglæns,,,,,,,,,,,,,
hbo:0335,hvor (interr),,,,,,,,,,,,,
hbo:0337,hvordan dog (interj),,,,,,,,,,,,,
hbo:0339,"kyster, fjerne øer",,,,,,,,,,,,,
hbo:0341,,være en fjende af,,,,,,,,,,,,
hbo:0342,fjendskab,,,,,,,,,,,,,
hbo:0346,hvor,,,,,,,,,,,,,
hbo:0347,Job,,,,,,,,,,,,,
hbo:0349,"hvordan (exclam), hvor (interr)",,,,,,,,,,,,,
hbo:0349a,"hvordan (exclam), hvor (interr)",,,,,,,,,,,,,
hbo:0349b,"hvordan (exclam), hvor (interr)",,,,,,,,,,,,,
hbo:0352,"vædder, handyr af fåreslægten, leder",,,,,,,,,,,,,
hbo:0360,styrke; hjælp,,,,,,,,,,,,,
hbo:0365,hind,,,,,,,,,,,,,
hbo:0367,rædsel,,,,,,,,,,,,,
hbo:0369,"der er ikke, ikke-eksistens",,,,,,,,,,,,,
hbo:0370,hvorfra (interr),,,,,,,,,,,,,
hbo:0371,hvor (interr),,,,,,,,,,,,,
hbo:0375,hvor (interr),,,,,,,,,,,,,
hbo:0376,"mand, menneske, væsen, en eller anden, alle",,,,,,,,,,,,,
hbo:0389,"virkelig, kun, imidlertid",,,,,,,,,,,,,
hbo:0398,,"spise, fortære",blive spist,,blive konsumeret,,fodre,,,,,,,
hbo:0400,mad,,,,,,,,,,,,,
hbo:0402,mad,,,,,,,,,,,,,
hbo:0403,"visselig, virkelig",,,,,,,,,,,,,
hbo:0403a,"visselig, virkelig",,,,,,,,,,,,,
hbo:0408,ikke,,,,,,,,,,,,,
hbo:0413,til; hen til,,,,,,,,,,,,,
hbo:0428,disse,,,,,,,,,,,,,
hbo:0430,"Gud, guder, gud",,,,,,,,,,,,,
hbo:0436,"eg, terebinte",,,,,,,,,,,,,
hbo:0451,fedthale,,,,,,,,,,,,,
hbo:0452,Elias,,,,,,,,,,,,,
hbo:0461,Eliezer,,,,,,,,,,,,,
hbo:0464,Elifaz,,,,,,,,,,,,,
hbo:0480,ve,,,,,,,,,,,,,
hbo:0483,stum,,,,,,,,,,,,,
hbo:0490,enke,,,,,,,,,,,,,
hbo:0499,Eleazar,,,,,,,,,,,,,
hbo:0504,kvæg,,,,,,,,,,,,,
hbo:0505,tusind,,,,,,,,,,,,,
hbo:0517,mor,,,,,,,,,,,,,
hbo:0518,"hvis, da (adv), så (adv)",,,,,,,,,,,,,
hbo:0519,"tjenestepige, slavinde, tjenerinde, underdanig kvinde (ANE høflighed)",,,,,,,,,,,,,
hbo:0520,"alen, underarm (mål)",,,,,,,,,,,,,
hbo:0525,"hovedkonstruktør, yndling",,,,,,,,,,,,,
hbo:0530,"troskab, trofasthed",,,,,,,,,,,,,
hbo:0531,Amos,,,,,,,,,,,,,
hbo:0533,stærk,,,,,,,,,,,,,
hbo:0536,"svag, faldefærdig",,,,,,,,,,,,,
hbo:0539,,,"stå fast, være tro imod, være pålidelig",,,,"tro, stole på",,,,,,,
hbo:0543,"visselig, amen",,,,,,,,,,,,,
hbo:0546,virkelig (emph),,,,,,,,,,,,,
hbo:0551,"virkelig, sandelige (emph)",,,,,,,,,,,,,
hbo:0552,"virkelig, sandelige (emph)",,,,,,,,,,,,,
hbo:0553,,være stærk,,styrke,,,,,,,,,,
hbo:0559,,"sige, tænke","siges, kaldes",,,,erklære,,,,,,,
hbo:0567,amorittisk,,,,,,,,,,,,,
hbo:0571,"sandhed, troværdighed, stabilitet",,,,,,,,,,,,,
hbo:0573,Ammitai,,,,,,,,,,,,,
hbo:0575,"hvor, hvorfra (interr)",,,,,,,,,,,,,
hbo:0577,"dog, venligst (emph)",,,,,,,,,,,,,
hbo:0579,,,,"lade ske, tillade at det sker",,,,,,,,,,
hbo:0582,menneske,,,,,,,,,,,,,
hbo:0585,"suk, stønnen",,,,,,,,,,,,,
hbo:0587,vi,,,,,,,,,,,,,
hbo:0589,jeg,,,,,,,,,,,,,
hbo:0591,skib,,,,,,,,,,,,,
hbo:0595,jeg,,,,,,,,,,,,,
hbo:0599,,være vred,,,,,,,,,,,,
hbo:0611,"ulykke, dødsfald",,,,,,,,,,,,,
hbo:0622,,samle,"samles, blive samlet",,,,,,,,,,,
hbo:0637,"også, endog",,,,,,,,,,,,,
hbo:0639,"næse, vrede, næsebor",,,,,,,,,,,,,
hbo:0645,"så, derfor",,,,,,,,,,,,,
hbo:0657,"ende, intethed (n), uden (adv)",,,,,,,,,,,,,
hbo:0665,"aske, støv",,,,,,,,,,,,,
hbo:0669,Efraim,,,,,,,,,,,,,
hbo:0676,"finger, tå",,,,,,,,,,,,,
hbo:0681,"ved siden af, side",,,,,,,,,,,,,
hbo:0702,fire,,,,,,,,,,,,,
hbo:0727,"ark, kiste",,,,,,,,,,,,,
hbo:0730,cedertræ,,,,,,,,,,,,,
hbo:0734,"sti, vej",,,,,,,,,,,,,
hbo:0738,løve,,,,,,,,,,,,,
hbo:0748,,,,,,,"gøre lang, forlænge",,,,,,,
hbo:0750,"sen, lang",,,,,,,,,,,,,
hbo:0758,Aram,,,,,,,,,,,,,
hbo:0776,"jord, land, territorie",,,,,,,,,,,,,
hbo:0779,,forbande,,,,,,,,,,,,
hbo:0784,ild,,,,,,,,,,,,,
hbo:0802,"kvinde, hustru",,,,,,,,,,,,,
hbo:0804,"Assyrien, assyrisk; Assur",,,,,,,,,,,,,
hbo:0817,"skyldoffer, skyld, fejl",,,,,,,,,,,,,
hbo:0834,"som (rel); at, så at, fordi (konj)",,,,,,,,,,,,,
hbo:0835a,"lykke, glæde",,,,,,,,,,,,,
hbo:0853,OM; objektsmarkør,,,,,,"bedrage, snyde",,,,,,,
hbo:0854,"med, ved siden af",,,,,,,,,,,,,
hbo:0859,du,,,,,,,,,,,,,
hbo:0859a,du,,,,,,,,,,,,,
hbo:0859b,du,,,,,,,,,,,,,
hbo:0859c,du,,,,,,,,,,,,,
hbo:0860,"æselhoppe, hunæsel",,,,,,,,,,,,,
hbo:0871a,"i, på, ved hjælp af",,,,,,,,,,,,,
hbo:0871b,"i, på, ved hjælp af",,,,,,,,,,,,,
hbo:0875,"brønd, grube",,,,,,,,,,,,,
hbo:0884,Sheba,,,,,,,,,,,,,
hbo:0887,,stinke,,,,,,,,,,,,
hbo:0894,"Babylon, Babel",,,,,,,,,,,,,
hbo:0898,,behandle troløst,,,,,,,,,,,,
hbo:0899,tøj,,,,,,,,,,,,,
hbo:0905,"alene, bærestænger, skud",,,,,,,,,,,,,
hbo:0914,,,,,,,"skille fra, gøre forskel",,,,,,,
hbo:0916,bedellium,,,,,,,,,,,,,
hbo:0922,"tom, øde",,,,,,,,,,,,,
hbo:0926,,,"være skræmt, være rædselsslagen","skræmme, haste",,,,,,,,,,
hbo:0929,"husdyr, kvæg",,,,,,,,,,,,,
hbo:0935,,"komme, ankomme, gå ind",,,,,"bringe, lade komme",blive bragt,,,,,,
hbo:0953,"cisterne, grube, vandtank",,,,,,,,,,,,,
hbo:0954,,skamme sig,,,,skamme sig over for hinanden,,,,,,,,
hbo:0959,,foragte,foragtes,,,,,,,,,,,
hbo:0970,ung mand,,,,,,,,,,,,,
hbo:0977,,udvælge,,,,,,,,,,,,
hbo:0980,Bahurim,,,,,,,,,,,,,
hbo:0982,,stole på,,,,,skabe tillid,,,,,,,
hbo:0990,"mave, bug",,,,,,,,,,,,,
hbo:0994,vær venlig at,,,,,,,,,,,,,
hbo:0995,,forstå,have indsigt,,,"få indsigt i, forsøge at forstå, skaffe mig indsigt i","give indsigt, forstå",,,,,,,
hbo:0996,"mellem, interval (n)",,,,,,,,,,,,,
hbo:0998,indsigt,,,,,,,,,,,,,
hbo:1004,"hus, familie",,,,,,,,,,,,,
hbo:1008,Betel,,,,,,,,,,,,,
hbo:1058,,græde,,,,,,,,,,,,
hbo:1060,førstefødte,,,,,,,,,,,,,
hbo:1065,"gråd, græden",,,,,,,,,,,,,
hbo:1077,ikke,,,,,,,,,,,,,
hbo:1085,Bildad,,,,,,,,,,,,,
hbo:1097,uden,,,,,,,,,,,,,
hbo:1101,,forvirre,,,,,,,,,,,,
hbo:1104,,sluge,,fortære,,,,,,,,,,
hbo:1115,ikke (neg biltî),,,,,,,,,,,,,
hbo:1116,kulthøj,,,,,,,,,,,,,
hbo:1119,i,,,,,,,,,,,,,
hbo:1121,søn,,,,,,,,,,,,,
hbo:1129,,bygge,blive bygget,,,,,,,,,,,
hbo:1141,Benaja,,,,,,,,,,,,,
hbo:1144,Benjamin,,,,,,,,,,,,,
hbo:1145,"-jaminit, benjaminit",,,,,,,,,,,,,
hbo:1157,"bag, til fordel for",,,,,,,,,,,,,
hbo:1167,"ejer, ægtemand; Baal",,,,,,,,,,,,,
hbo:1197,,"brænde, afgræsse",,"afgræsse, brænde af",,,,,,,,,,
hbo:1219b,,,"være umulig, være utilgængelig",,,,,,,,,,,
hbo:1234,,kløve,"kløves, bryde frem","kløve, sprætte op, flænse",,,bryde igennem,,,,,,,
hbo:1237,"slette, dal",,,,,,,,,,,,,
hbo:1241,"køer, okse, kvæg",,,,,,,,,,,,,
hbo:1242,morgen,,,,,,,,,,,,,
hbo:1245,,,,søge,,,,,,,,,,
hbo:1248,søn,,,,,,,,,,,,,
hbo:1254,,skabe,skabes,,,,,,,,,,,
hbo:1265,"enebærtræ, fyrretræ",,,,,,,,,,,,,
hbo:1270,jern,,,,,,,,,,,,,
hbo:1271,Barzillaj,,,,,,,,,,,,,
hbo:1272,,flygte,,,,,,,,,,,,
hbo:1280,"portslå, tværlægte",,,,,,,,,,,,,
hbo:1285,"pagt, aftale",,,,,,,,,,,,,
hbo:1288,,velsigne,velsigne sig selv,velsigne,være velsignet,velsigne hinanden,,,,,,,,
hbo:1293,velsigne,,,,,,,,,,,,,
hbo:1295,dam,,,,,,,,,,,,,
hbo:1300,lyn,,,,,,,,,,,,,
hbo:1316,Basan,,,,,,,,,,,,,
hbo:1319,,,,formidle nyhed,,,,,,,,,,
hbo:1320,kød,,,,,,,,,,,,,
hbo:1323,datter,,,,,,,,,,,,,
hbo:1327,kløft,,,,,,,,,,,,,
hbo:1330,"ung pige, jomfru",,,,,,,,,,,,,
hbo:1334,,"skære i stykker, halvere",,"skære i stykker, halvere",,,,,,,,,,
hbo:1335,del,,,,,,,,,,,,,
hbo:1346,"majestæt, ophøjethed",,,,,,,,,,,,,
hbo:1347,"storhed, stolthed",,,,,,,,,,,,,
hbo:1350,,løskøbe,,,,,,,,,,,,
hbo:1361,,være høj,,,,,gøre høj,,,,,,,
hbo:1364,høj,,,,,,,,,,,,,
hbo:1366,"grænse, territorie",,,,,,,,,,,,,
hbo:1368,"kriger, stormand",,,,,,,,,,,,,
hbo:1379,,,,,,,"afspærre, sætte grænse",,,,,,,
hbo:1389,"bakke, kulthøj",,,,,,,,,,,,,
hbo:1391,Gibeon,,,,,,,,,,,,,
hbo:1397,"stærk mand, ung mand",,,,,,,,,,,,,
hbo:1419,stor,,,,,,,,,,,,,
hbo:1431,,blive stor,,"gøre stor, opfostre, berømme",,,,,,,,,,
hbo:1433,storhed,,,,,,,,,,,,,
hbo:1469,"turteldue, ung fugl",,,,,,,,,,,,,
hbo:1471,"folk, nation",,,,,,,,,,,,,
hbo:1478,,"dø, udånde",,,,,,,,,,,,
hbo:1481,,bo midlertidigt,,,,,,,,,,,,
hbo:1481b,,"frygte, være bange for",,,,,,,,,,,,
hbo:1486,"lod, udlodning, lodkastning",,,,,,,,,,,,,
hbo:1494,,"klippe, skære af",,,,,,,,,,,,
hbo:1503,rodskud,,,,,,,,,,,,,
hbo:1504,,skære,skæres,,,,,,,,,,,
hbo:1506,stykke,,,,,,,,,,,,,
hbo:1512,bug,,,,,,,,,,,,,
hbo:1516,dal,,,,,,,,,,,,,
hbo:1518,,bryde frem,,,,,,,,,,,,
hbo:1521,Gihon,,,,,,,,,,,,,
hbo:1523,,råbe af fryd,,,,,,,,,,,,
hbo:1530,bølge,,,,,,,,,,,,,
hbo:1540,,"afdække, åbenbare, rejse bort","afdækkes, åbenbares",være i eksil,,,føre i eksil,,,,,,,
hbo:1548,,,,barbere,,,,,,,,,,
hbo:1556,,rulle,,,,,,,,,,,,
hbo:1558,"takket være, for skyld, på grund af",,,,,,,,,,,,,
hbo:1567,Gilead,,,,,,,,,,,,,
hbo:1568,Gilead,,,,,,,,,,,,,
hbo:1569,gileaditisk,,,,,,,,,,,,,
hbo:1571,"også, i sandhed",,,,,,,,,,,,,
hbo:1580,,"handle, vænne af med at die",,,,,,,,,,,,
hbo:1581,kamel,,,,,,,,,,,,,
hbo:1588,have,,,,,,,,,,,,,
hbo:1589,,stjæle,,,,,,,,,,,,
hbo:1606,"trussel, bebrejdelse",,,,,,,,,,,,,
hbo:1610a,"som single, krop",,,,,,,,,,,,,
hbo:1612,vintræ,,,,,,,,,,,,,
hbo:1616,fremmed,,,,,,,,,,,,,
hbo:1617,Gera,,,,,,,,,,,,,
hbo:1622,girgashit,,,,,,,,,,,,,
hbo:1623,,,,,,skrabe sig selv,,,,,,,,
hbo:1639,,formindske,,,,,,,,,,,,
hbo:1644,,,,"drive ud, formene adgang",,,,,,,,,,
hbo:1665,gittit (term.),,,,,,,,,,,,,
hbo:1682,bi,,,,,,,,,,,,,
hbo:1692,,"holde sig til, klæbe til",,,,,,få til at klæbe sig til,,,,,,
hbo:1696,,tale,tales,"meddele, tale",blive meddelt,lade tales,,,,,,,,
hbo:1697,"ord, ting, gerning",,,,,,,,,,,,,
hbo:1706,honning,,,,,,,,,,,,,
hbo:1709,fisk,,,,,,,,,,,,,
hbo:1710,fisk,,,,,,,,,,,,,
hbo:1715,korn,,,,,,,,,,,,,
hbo:1732,David,,,,,,,,,,,,,
hbo:1747,tavshed,,,,,,,,,,,,,
hbo:1748,"tyst, i stilhed",,,,,,,,,,,,,
hbo:1749,voks,,,,,,,,,,,,,
hbo:1755,"generation, slægtsled, livstid, alder",,,,,,,,,,,,,
hbo:1767,"tilstrækkelig, nødvendig forsyning",,,,,,,,,,,,,
hbo:1777,,dømme,,,,,,,,,,,,
hbo:1792,,,knuses,"knuse, pulverisere",knuses,,,,,,,,,
hbo:1794,,,knuses,knuse,,,,,,,,,,
hbo:1800,"hjælpeløs, fattig",,,,,,,,,,,,,
hbo:1805,spand,,,,,,,,,,,,,
hbo:1817,dør,,,,,,,,,,,,,
hbo:1818,blod,,,,,,,,,,,,,
hbo:1819,,,,"sammenligne med, overveje",,,,,,,,,,
hbo:1823,lighed. form,,,,,,,,,,,,,
hbo:1831,"most, hvad der presses eller drypper ud",,,,,,,,,,,,,
hbo:1832,tårer,,,,,,,,,,,,,
hbo:1834,Damaskus,,,,,,,,,,,,,
hbo:1847,"viden, kundskab",,,,,,,,,,,,,
hbo:1851,"tynd, mager, fin",,,,,,,,,,,,,
hbo:1852,"forhæng (?), slør (?)",,,,,,,,,,,,,
hbo:1863,tidsel,,,,,,,,,,,,,
hbo:1869,,træde på,,,,,"stampe fast, lade vandre",,,,,,,
hbo:1870,"vej, rejse, skik",,,,,,,,,,,,,
hbo:1875,,"søge, spørge om",,,,,,,,,,,,
hbo:1876,,,,,,,få til at gro op,,,,,,,
hbo:1877,grønt græs,,,,,,,,,,,,,
hbo:1879,"fed, den fede",,,,,,,,,,,,,
hbo:1886a,"ART, -en, -et; bestemt artikel",,,,,,,,,,,,,
hbo:1886b,mon,,,,,,,,,,,,,
hbo:1886f,mon,,,,,,,,,,,,,
hbo:1886g,"ART, -en, -et; bestemt artikel",,,,,,,,,,,,,
hbo:1887,"her er, se bare, værsgo",,,,,,,,,,,,,
hbo:1889,ah,,,,,,,,,,,,,
hbo:1897,,"mumle, kurre",,,,,,,,,,,,
hbo:1920,,skubbe,,,,,,,,,,,,
hbo:1921,,ære,,,,,,,,,,,,
hbo:1926,udsmykning,,,,,,,,,,,,,
hbo:1929,ak,,,,,,,,,,,,,
hbo:1930,ve,,,,,,,,,,,,,
hbo:1931,han,,,,,,,,,,,,,
hbo:1931a,han,,,,,,,,,,,,,
hbo:1931b,han,,,,,,,,,,,,,
hbo:1935,"skønhed, majestæt, højde",,,,,,,,,,,,,
hbo:1949,,være i forvirring,være i oprør,,,,,,,,,,,
hbo:1961,,"være, blive til, forekomme",forekomme,,,,,,,,,,,
hbo:1973,"videre, der hen",,,,,,,,,,,,,
hbo:1975,der henne,,,,,,,,,,,,,
hbo:1976,der henne,,,,,,,,,,,,,
hbo:1980,,"gå, vandre","forsvinde, falme","gå, vandre",,"gå omkring, bevæge sig","lede, bringe, få til at gå",,,,,,,
hbo:1984a,,,,prise,,,,,,,,,,
hbo:1988,hertil,,,,,,,,,,,,,
hbo:1992,de,,,,,,,,,,,,,
hbo:1993,,"larme, brøle",,,,,,,,,,,,
hbo:2005,se (udråb),,,,,,,,,,,,,
hbo:2007,de,,,,,,,,,,,,,
hbo:2009,"se, se bare (udråb), her er jeg (med suffiks)",,,,,,,,,,,,,
hbo:2015,,,"ødelægges, vendes rundt",,,svinge frem og tilbage,,,,,,,,
hbo:2022,"bjerg, bjergland",,,,,,,,,,,,,
hbo:2026,,"myrde, dræbe",,,,,,,,,,,,
hbo:2030,gravid,,,,,,,,,,,,,
hbo:2032,graviditet,,,,,,,,,,,,,
hbo:2040,,rive ned,,,,,,,,,,,,
hbo:2050b,og,,,,,,,,,,,,,
hbo:2050d,og,,,,,,,,,,,,,
hbo:2063,"denne, dette",,,,,,,,,,,,,
hbo:2070,fluer,,,,,,,,,,,,,
hbo:2076,,"slagte, ofre",,ofre,,,,,,,,,,
hbo:2077,slagtoffer,,,,,,,,,,,,,
hbo:2088,"denne, dette",,,,,,,,,,,,,
hbo:2090,"denne, dette",,,,,,,,,,,,,
hbo:2091,guld,,,,,,,,,,,,,
hbo:2097,denne,,,,,,,,,,,,,
hbo:2098,"denne, som",,,,,,,,,,,,,
hbo:2100,,flyde,,,,,,,,,,,,
hbo:2102,,,,,,,"blive ophidset, behandle groft",,,,,,,
hbo:2108,undtagen,,,,,,,,,,,,,
hbo:2114b,"fremmed, forbudt, underlig",,,,,,,,,,,,,
hbo:2120,Zohelet,,,,,,,,,,,,,
hbo:2132,"oliven, oliventræ",,,,,,,,,,,,,
hbo:2135,,"være ren, være ulastelig",,rense,,,,,,,,,,
hbo:2142,,huske,,,,,"nævne, gøre kendt",,,,,,,
hbo:2143,"errindring, minde",,,,,,,,,,,,,
hbo:2145,mand,,,,,,,,,,,,,
hbo:2161,,"planlægge, udtænke",,,,,,,,,,,,
hbo:2167,,,,"lovprise, synge",,,,,,,,,,
hbo:2172,"spil, musik",,,,,,,,,,,,,
hbo:2180,"hale, ende",,,,,,,,,,,,,
hbo:2181,,"være utro, have sex uden for ægteskab",,,,,,,,,,,,
hbo:2188,sved,,,,,,,,,,,,,
hbo:2196,,være bekymret,,,,,,,,,,,,
hbo:2197,rase,,,,,,,,,,,,,
hbo:2199,,råbe,,,,,"udråbe, kalde til våben",,,,,,,
hbo:2204,,være gammel,,,,,,,,,,,,
hbo:2205,"gammel, ældre person",,,,,,,,,,,,,
hbo:2206,skæg,,,,,,,,,,,,,
hbo:2220,"arm, underarm",,,,,,,,,,,,,
hbo:2224,,"skinne, stå op",,,,,,,,,,,,
hbo:2232,,så,,,blive sået,,"sætte frø, få afkom",,,,,,,
hbo:2233,"frø, efterkommer",,,,,,,,,,,,,
hbo:2236,,"stænke på, strø, sprede",,,,,,,,,,,,
hbo:2239,"håndfuld, ½ alen, ca. 25 cm",,,,,,,,,,,,,
hbo:2244,,,"skjule sig, være skjult",,,"holde sig skjult, gemme sig","skjule sig, være skjult",,,,,,,
hbo:2250,"sår, flænge",,,,,,,,,,,,,
hbo:2254,,tage pant,,,,,,,,,,,,
hbo:2259,sømand,,,,,,,,,,,,,
hbo:2275,Hebron,,,,,,,,,,,,,
hbo:2280,,"sadle, binde, forbinde",,,,,,,,,,,,
hbo:2284,græshopper,,,,,,,,,,,,,
hbo:2290a,"lændeklæde, bælte",,,,,,,,,,,,,
hbo:2294,Haggit,,,,,,,,,,,,,
hbo:2296,,"spænde bælte, binde lændeklæde omkring sig",,,,,,,,,,,,
hbo:2308,,ophøre med,,,,,,,,,,,,
hbo:2310,"tab, ophør",,,,,,,,,,,,,
hbo:2313,Tigris,,,,,,,,,,,,,
hbo:2315,"kammer, soveværelse",,,,,,,,,,,,,
hbo:2318,,,,"forny, genoprette",,,,,,,,,,
hbo:2319,"ny, frisk, fornyet",,,,,,,,,,,,,
hbo:2320,"måned, nymåne",,,,,,,,,,,,,
hbo:2329,"hvælv, cirkel",,,,,,,,,,,,,
hbo:2332,Eva,,,,,,,,,,,,,
hbo:2340,hivvitter,,,,,,,,,,,,,
hbo:2341,Havila,,,,,,,,,,,,,
hbo:2342a,,,,,"fødes, komme til at bæve",,,,,,,,,
hbo:2344,"sand, mudder",,,,,,,,,,,,,
hbo:2346,mur,,,,,,,,,,,,,
hbo:2347,,"bekymre sig om, vise barmhjertighed",,,,,,,,,,,,
hbo:2351,"uden for, udenfor, uden (adv), gade (n),",,,,,,,,,,,,,
hbo:2363,,"haste, skynde sig",,,,,,,,,,,,
hbo:2368,"segl, signetring",,,,,,,,,,,,,
hbo:2372,,"se, forstå, stirre",,,,,,,,,,,,
hbo:2373,bryststykke,,,,,,,,,,,,,
hbo:2388,,"være stærk, blive stærk",,"gøre stærk, styrke",,"styrke sig selv, finde mod til",gribe,,,,,,,
hbo:2389,"stærk, høj",,,,,,,,,,,,,
hbo:2390,stærk,,,,,,,,,,,,,
hbo:2394,styrke,,,,,,,,,,,,,
hbo:2396a,Hizkija,,,,,,,,,,,,,
hbo:2398,,"synde, blive skyldig, ramme forbi",,"rense, give et syndoffer",,"rense sig, trække sig tilbage","få til at synde, erklære skyldig, ramme forbi",,,,,,,
hbo:2399,"synd, skyld, fejl",,,,,,,,,,,,,
hbo:2400,"synder, syndig",,,,,,,,,,,,,
hbo:2403,"synd, syndoffer, soning",,,,,,,,,,,,,
hbo:2416,liv; livstid (pl),,,,,,,,,,,,,
hbo:2416c,vilde dyr,,,,,,,,,,,,,
hbo:2421,,"være i live, leve, komme til kræfterve",,"holde i live, forårsage liv",,,"holde i live, forårsage liv, genoplive",,,,,,,
hbo:2428,"styrke, rigdom, hær",,,,,,,,,,,,,
hbo:2436,"bryst, skød",,,,,,,,,,,,,
hbo:2449,,"være vis, handle klogt",,,,,,,,,,,,
hbo:2450,"vis, dygtig",,,,,,,,,,,,,
hbo:2451,"visdom, evner, erfaring",,,,,,,,,,,,,
hbo:2459,"fedt, det bedste",,,,,,,,,,,,,
hbo:2461,mælk,,,,,,,,,,,,,
hbo:2470,,"være syg, være svag",,,,,"gøre syg, svække",,,,,,,
hbo:2472,drøm,,,,,,,,,,,,,
hbo:2483,sygdom,,,,,,,,,,,,,
hbo:2485,fløjte,,,,,,,,,,,,,
hbo:2486,"langtfra, det kan umuligt være sådan at",,,,,,,,,,,,,
hbo:2490,,,,,,,begynde,,,,,,,
hbo:2498,,"passere forbi, følge efter",,,,,"erstatte, ændre",,,,,,,
hbo:2502,,,,"befri, plydre",,,,,,,,,,
hbo:2505,,,,sprede,,,,,,,,,,
hbo:2526,Kam,,,,,,,,,,,,,
hbo:2529,surmælk,,,,,,,,,,,,,
hbo:2530,,"begære, have lyst til",være attråværdig,,,,,,,,,,,
hbo:2534,"vrede, gift",,,,,,,,,,,,,
hbo:2543,æselhoppe,,,,,,,,,,,,,
hbo:2549,femte,,,,,,,,,,,,,
hbo:2552,,være varm,,,,,,,,,,,,
hbo:2554,,øve vold imod,,,,,,,,,,,,
hbo:2555,"vold, uret",,,,,,,,,,,,,
hbo:2563,homer,,,,,,,,,,,,,
hbo:2563b,"mørtel, ler",,,,,,,,,,,,,
hbo:2564,"tjære, asfalt",,,,,,,,,,,,,
hbo:2568,fem,,,,,,,,,,,,,
hbo:2580,"anerkendelse, påskønnelse, overbærenhed, nåde, ynde",,,,,,,,,,,,,
hbo:2583,,slå lejr,,,,,,,,,,,,
hbo:2587,"nåde, imødekommende",,,,,,,,,,,,,
hbo:2595,"spyd, kastespyd",,,,,,,,,,,,,
hbo:2600,uden vederlag,,,,,,,,,,,,,
hbo:2603,,"være nådig mod, være imødekommende",,,,,,,,,,,,
hbo:2617,"loyalitet, venlighed, trofasthed, kærlighed",,,,,,,,,,,,,
hbo:2620,,søge tilflugt,,,,,,,,,,,,
hbo:2623,"from, trofast, hengiven, loyal",,,,,,,,,,,,,
hbo:2624,stork,,,,,,,,,,,,,
hbo:2637,,,,lade savne,,,,,,,,,,
hbo:2648,,,skynde sig væk,,,,,,,,,,,
hbo:2654,,"have lyst til, glæde sig over",,,,,,,,,,,,
hbo:2656,"lyst, glæde, begær",,,,,,,,,,,,,
hbo:2658,,"grave, søge efter",,,,,,,,,,,,
hbo:2670,frigivet,,,,,,,,,,,,,
hbo:2671,"pil, lyn",,,,,,,,,,,,,
hbo:2672,,udhugge,,,,,,,,,,,,
hbo:2673,,dele,,,,,,,,,,,,
hbo:2677,"halvdel, midte",,,,,,,,,,,,,
hbo:2682,græs,,,,,,,,,,,,,
hbo:2689,trumpet,,,,,,,,,,,,,
hbo:2691,"beboelse, indhegning, gårdsplads",,,,,,,,,,,,,
hbo:2706,"forordning, lov, bestemmelse, vejledning",,,,,,,,,,,,,
hbo:2708,"bestemmelse, forordning, sædvane",,,,,,,,,,,,,
hbo:2710,,"indgravere, udhugge",,,,,,,,,,,,
hbo:2714,"undersøgelse, eftersøgning",,,,,,,,,,,,,
hbo:2719,"sværd, dolk",,,,,,,,,,,,,
hbo:2722,Horeb,,,,,,,,,,,,,
hbo:2729,,"bæve, ryste",,,,,,,,,,,,
hbo:2734,,"være vred, blive varm (om næse)",,,,,,,,,,,,
hbo:2740,"vrede, raseri",,,,,,,,,,,,,
hbo:2748,"mirakelmager, varselstagere",,,,,,,,,,,,,
hbo:2750,"være, raseri",,,,,,,,,,,,,
hbo:2759,"gloende, brændende (om vind)",,,,,,,,,,,,,
hbo:2771a,Karan,,,,,,,,,,,,,
hbo:2781,"vanære, irettesættelse",,,,,,,,,,,,,
hbo:2789,"ler, potteskår",,,,,,,,,,,,,
hbo:2790,,pløje,,,,,,,,,,,,
hbo:2795,døv,,,,,,,,,,,,,
hbo:2796,"håndværker, kunstner",,,,,,,,,,,,,
hbo:2803,,"beregne, regne for, anse, vurdere","regnes for, vurderes som","anse for, planlægge, være ved at",,,,,,,,,,
hbo:2820,,"skåne, holde tilbage",,,,,,,,,,,,
hbo:2821,,,,,,,formørke,,,,,,,
hbo:2822,mørke,,,,,,,,,,,,,
hbo:2825,mørke,,,,,,,,,,,,,
hbo:2850,hittitter,,,,,,,,,,,,,
hbo:2854,"svøb, bånd til svøb omkring spædbørn",,,,,,,,,,,,,
hbo:2859a,,svigerfar,,,,"blive svigersøn, indgå ægteskabs-alliance",,,,,,,,
hbo:2860,"brudgom, svigersøn, slægtning",,,,,,,,,,,,,
hbo:2864,,"bryde igennem, ro",,,,,,,,,,,,
hbo:2865,,,"rystes, gribes af rædsel",,,,,,,,,,,
hbo:2870,Tab’al,,,,,,,,,,,,,
hbo:2873,,slagte,,,,,,,,,,,,
hbo:2874,slagtning,,,,,,,,,,,,,
hbo:2883,,synke ned i,,,,,,sænkes,,,,,,
hbo:2889,"ren, renset",,,,,,,,,,,,,
hbo:2891,,"være ren, være renset",,"rense, erklære for renset",,,,,,,,,,
hbo:2896,"god, godhed",være god,,,,,,,,,,,,
hbo:2898,"godhed, det bedste",,,,,,,,,,,,,
hbo:2903,"tegn, fylakterier",,,,,,,,,,,,,
hbo:2904,,,,,,,kaste,,,,,,,
hbo:2910,"inderste?, ibis?",,,,,,,,,,,,,
hbo:2930,,være uren,,gøre uren,,,,,,,,,,
hbo:2938,,smage,,,,,,,,,,,,
hbo:2940,"smag, dekret",,,,,,,,,,,,,
hbo:2962,endnu ikke (neg),,,,,,,,,,,,,
hbo:2963,,"sønderrive, rive i stykker",,,,,,,,,,,,
hbo:2964,"bytte, mad",,,,,,,,,,,,,
hbo:2966,"kadaver, dyr sønderrevet af rovdyr",,,,,,,,,,,,,
hbo:2975,"Nilen, Eufrat, stor flod",,,,,,,,,,,,,
hbo:2981,afgrøde,,,,,,,,,,,,,
hbo:2983,Jebusit,,,,,,,,,,,,,
hbo:2986,,,,,,,,bringes,,,,,,
hbo:3001,,"være tør, visne",,,,,,,,,,,,
hbo:3004,"landjord, det tørre land",,,,,,,,,,,,,
hbo:3006,"landjord, det tørre land",,,,,,,,,,,,,
hbo:3015,sorg,,,,,,,,,,,,,
hbo:3021,,være træt,,,,,,,,,,,,
hbo:3027,"hånd, kraft, monument",,,,,,,,,,,,,
hbo:3034,,,,,,,"takke, prise",,,,,,,
hbo:3045,,"vide, kende, bemærke, lære","gøre sig selv kendt, blive kendt",kundgøre,"blive kendt, bekendtskab",gøre sig selv kendt,"kundgøre, gøre kendt",blive gjort kendt,,,,,"lade vide, informere",
hbo:3050,"Jah, JHVH, Herren",,,,,,,,,,,,,
hbo:3051,,kom nu! giv!,,,,,,,,,,,,
hbo:3058,Jehu,,,,,,,,,,,,,
hbo:3063,Juda,,,,,,,,,,,,,
hbo:3068,"JHWH, JHVH, Jahve, HERREN",,,,,,,,,,,,,
hbo:3077,Jojada,,,,,,,,,,,,,
hbo:3083,Jonatan,,,,,,,,,,,,,
hbo:3091,Josva,,,,,,,,,,,,,
hbo:3092,Joshafat,,,,,,,,,,,,,
hbo:3097,Joab,,,,,,,,,,,,,
hbo:3104,"vædderhorn, jubelår",,,,,,,,,,,,,
hbo:3117,dag,,,,,,,,,,,,,
hbo:3119,om dagen,,,,,,,,,,,,,
hbo:3124,Jonas,,,,,,,,,,,,,
hbo:3126,skud,,,,,,,,,,,,,
hbo:3129,Jonatan,,,,,,,,,,,,,
hbo:3130,Josef,,,,,,,,,,,,,
hbo:3138,"efterårsregn, tidlig regn",,,,,,,,,,,,,
hbo:3147,Jotam,,,,,,,,,,,,,
hbo:3162,"sammen, samtidig",,,,,,,,,,,,,
hbo:3162a,"sammen, samtidig",,,,,,,,,,,,,
hbo:3173,"kun, alene",,,,,,,,,,,,,
hbo:3179,,være i brunst,,parre sig i brunst,,,,,,,,,,
hbo:3190,,"være god, gå godt",,,,,"handle ret, gøre godt",,,,,,,
hbo:3196,"vin, druk",,,,,,,,,,,,,
hbo:3198,,,,,,,irettesætte,,,,,,,
hbo:3201,,"kunne, være i stand til",,,,,,,,,,,,
hbo:3205,,"føde, få afkom, blive far",blive født,"hjælpe med at frembringe, jordmoder",blive født,få éns stamtavle erklæret,"blive far til, få et barn, frembringe",blive født,,,,,,
hbo:3206,"dreng, barn, ung mand",,,,,,,,,,,,,
hbo:3220,"hav, vest",,,,,,,,,,,,,
hbo:3225,"højre hånd, syd, højre side",,,,,,,,,,,,,
hbo:3238,,,,,,,undertrykke,,,,,,,
hbo:3243,,"amme, die",,,,,"amme, die",,,,,,,
hbo:3245,,"lægge fundament, grundlægge",,"grundlægge, oprette",,,,,,,,,,
hbo:3254,,"tilføje, fortsætte",,,,,"fortsætte, tilføje",,,,,,,
hbo:3256,,,lære sig selv,"irettesætte, vejlede",,,,,,,,,,
hbo:3259,,"udpege, bestemme til","mødes, komme sammen, blive enige om",,,,,,,,,,,
hbo:3277,bjergged,,,,,,,,,,,,,
hbo:3282,"fordi, på grund af",,,,,,,,,,,,,
hbo:3286,,være træt,,,,,,,,,,,,
hbo:3287,træt,,,,,,,,,,,,,
hbo:3289,,"rådgive, råde","få rådgivning, rådføre sig med",,,,,,,,,,,
hbo:3290,Jakob,,,,,,,,,,,,,
hbo:3293,"skov, tykning",,,,,,,,,,,,,
hbo:3303,"smuk, flot, ret",,,,,,,,,,,,,
hbo:3305,Jafo,,,,,,,,,,,,,
hbo:3315,Jafet,,,,,,,,,,,,,
hbo:3318,,gå ud,,,,,bringe,blive frembragt,,,,,,
hbo:3320,,,,,,"stille sig op, stå fast, ankomme",,,,,,,,
hbo:3323,olivenolie,,,,,,,,,,,,,
hbo:3327,Isak,,,,,,,,,,,,,
hbo:3335,,forme,,,,,,,,,,,,
hbo:3335a,"pottemager, grundlægger",,,,,,,,,,,,,
hbo:3336,"planer, forehavender",,,,,,,,,,,,,
hbo:3364,,"være vågen, vågne op",,,,,,,,,,,,
hbo:3372,"bange for, angst (adj)","frygt, være bange","være frygtfuld, være frygteligt",gøre bange,,,,,,,,,,
hbo:3374,"frygt, gudsfrygt",,,,,,,,,,,,,
hbo:3379,Jeroboam,,,,,,,,,,,,,
hbo:3381,,gå ned,,,,,"bringe ned, tage ned","blive bragt ned, blive taget ned",,,,,,
hbo:3383,Jordan,,,,,,,,,,,,,
hbo:3384,,"kaste, skyde",skydes,,,,,,,,,,,
hbo:3384b,,,,,,,"undervise, instruere i",,,,,,,
hbo:3389,Jerusalem,,,,,,,,,,,,,
hbo:3394,måne,,,,,,,,,,,,,
hbo:3407,forhæng,,,,,,,,,,,,,
hbo:3411,"fjernliggende, bagerst, nederst",,,,,,,,,,,,,
hbo:3414,Jeremias,,,,,,,,,,,,,
hbo:3414a,"Jeremias, Jirmeja",,,,,,,,,,,,,
hbo:3418,"planter, det grønne",,,,,,,,,,,,,
hbo:3423,,"tage i eje, arve, tage ejendom fra",,,,,,,,,,,,
hbo:3426,der er,,,,,,,,,,,,,
hbo:3427,,"sidde, dvæle, bebo",være beboet,opsætte,,,"få til at sidde, få til at dvæle, ægte (verbum)","bebos, gøre beboeligt",,,,,,
hbo:3444,"frelse, udfrielse",,,,,,,,,,,,,
hbo:3462,,sove,,,,,,,,,,,,
hbo:3463,søvn,,,,,,,,,,,,,
hbo:3467,,,,,,,frelse,,,,,,,
hbo:3468,"frelse, udfrielse, hjælp",,,,,,,,,,,,,
hbo:3470a,Esajas,,,,,,,,,,,,,
hbo:3474,,,,"udjævne, rette op, gå lige",,,,,,,,,,
hbo:3476,"moral, retskaffenhed",,,,,,,,,,,,,
hbo:3477,"ret, retskaffen, ordentlig",,,,,,,,,,,,,
hbo:3478,Israel,,,,,,,,,,,,,
hbo:3483,retskaffenhed,,,,,,,,,,,,,
hbo:3490,forældreløs,,,,,,,,,,,,,
hbo:3498,,,efterlades,,,,,,,,,,,
hbo:3499,"overflod, det der levnes",,,,,,,,,,,,,
hbo:3500,Jetro,,,,,,,,,,,,,
hbo:3503,Jetro,,,,,,,,,,,,,
hbo:3508,leverlap,,,,,,,,,,,,,
hbo:3509a,"ligesom, så snart som, ifølge",,,,,,,,,,,,,
hbo:3509d,"ligesom, så snart som, ifølge",,,,,,,,,,,,,
hbo:3511,lidelse,,,,,,,,,,,,,
hbo:3513,,"æres, være rig, tung","æres, være æret","ære, gøre tung",,,"gøre tung, forhærde, gøre rig",,,,,,,
hbo:3515,"tung, rig",,,,,,,,,,,,,
hbo:3516,"lever, spådom ud fra leveren",,,,,,,,,,,,,
hbo:3519,"ære, herlighed, rigdom, ejendele",,,,,,,,,,,,,
hbo:3526,,"valke,  rengøre tøj",,vaske,,,,,,,,,,
hbo:3533,,underlægge sig,,,,,,,,,,,,
hbo:3536,ovn,,,,,,,,,,,,,
hbo:3541,"således, det følgende",,,,,,,,,,,,,
hbo:3548,præst,,,,,,,,,,,,,
hbo:3555,brandsår,,,,,,,,,,,,,
hbo:3556,stjerne,,,,,,,,,,,,,
hbo:3557,,tage,,,,,,,,,,,,
hbo:3559,,,"blive rejst, stå fast","sætte op, udgøre",,,"oprette, forberede",,,,,,,
hbo:3568a,"Kush, Nubien",,,,,,,,,,,,,
hbo:3581,"styrke, magt",,,,,,,,,,,,,
hbo:3588,"for, at, så snart, selv om, ja sandelig",,,,,,,,,,,,,
hbo:3602,sådan,,,,,,,,,,,,,
hbo:3605,"alle, enhver; helhed",,,,,,,,,,,,,
hbo:3611,hund,,,,,,,,,,,,,
hbo:3615,,"afsluttes, fuldføres",,"afslutte, fuldføre",være afsluttet,,,,,,,,,
hbo:3627,"beholder, redskab",,,,,,,,,,,,,
hbo:3629,nyre,,,,,,,,,,,,,
hbo:3632,"hel, fuld, heloffer",,,,,,,,,,,,,
hbo:3644,ligesom,,,,,,,,,,,,,
hbo:3648,,,vækkes til live,,,,,,,,,,,
hbo:3651,"således, det forudgående",,,,,,,,,,,,,
hbo:3658,lyre,,,,,,,,,,,,,
hbo:3667,Kana'an,,,,,,,,,,,,,
hbo:3669,kanaanæer,,,,,,,,,,,,,
hbo:3671,"vinge, ende, kant",,,,,,,,,,,,,
hbo:3678,"trone, tronstol",,,,,,,,,,,,,
hbo:3680,,"tilgive, skjule",,"tildække, skjule",,tildække sig,,,,,,,,
hbo:3682,"dække, tøj",,,,,,,,,,,,,
hbo:3690,tillid,,,,,,,,,,,,,
hbo:3701,"sølv, penge",,,,,,,,,,,,,
hbo:3707,"ærgrelse, vrede",,,,,,,,,,,,,
hbo:3709,"hånd, håndflade",,,,,,,,,,,,,
hbo:3715,ungløve,,,,,,,,,,,,,
hbo:3718,dobbelt,,,,,,,,,,,,,
hbo:3722,,,,"sone, skabe forsoning",,,,,,,,,,
hbo:3724c,bestikkelse,,,,,,,,,,,,,
hbo:3727,"låg, sonedække",,,,,,,,,,,,,
hbo:3738,,udgrave,,,,,,,,,,,,
hbo:3742,kerub,,,,,,,,,,,,,
hbo:3754,vingård,,,,,,,,,,,,,
hbo:3766,,knæle,,,,,,,,,,,,
hbo:3772,,"skære af, slutte pagt","blive skåret fra, udslette",,"blive skåret ned, blive afskåret",,"skære fra, ødelægge",blive skåret fra,,,,,,
hbo:3774,kretisk,,,,,,,,,,,,,
hbo:3778,"Kaldæa, kaldæisk",,,,,,,,,,,,,
hbo:3782,,snuble,"knækkes, snuble",,,,,,,,,,,
hbo:3784,,,,øve troldom,,,,,,,,,,
hbo:3789,,skrive,,,,,,,,,,,,
hbo:3801,"kjortel, tunika",,,,,,,,,,,,,
hbo:3803a,,,,omringe,,,,,,,,,,
hbo:3807,,"male, knuse, findele",,"male, knuse, findele",,,,,,,,,,
hbo:3807a,"til, for, med hensyn til",,,,,,,,,,,,,
hbo:3807b,"til, for, med hensyn til",,,,,,,,,,,,,
hbo:3807z,"til, for, med hensyn til",,,,,,,,,,,,,
hbo:3808,"ikke (neg), nej",,,,,,,,,,,,,
hbo:3811,,,,,,,gøre træt,,,,,,,
hbo:3816,folk,,,,,,,,,,,,,
hbo:3820,"hjerte, det inderste",,,,,,,,,,,,,
hbo:3824,"hjerte, indre",,,,,,,,,,,,,
hbo:3827,"flamme, (usikker)",,,,,,,,,,,,,
hbo:3830,"tøj, klæding",,,,,,,,,,,,,
hbo:3835,,,,,,,"gøre hvid, rense",,,,,,,
hbo:3835a,,fremstille lertegl,,,,,,,,,,,,
hbo:3837,Laban,,,,,,,,,,,,,
hbo:3843,lertegl,,,,,,,,,,,,,
hbo:3844,Libanon,,,,,,,,,,,,,
hbo:3847,,"tage tøj på, iføre sig",,,,,"iklæde, iføre, give tøj på",,,,,,,
hbo:3857,,"brænde, fortære",,,,,,,,,,,,
hbo:3858,flamme,,,,,,,,,,,,,
hbo:3860,derfor,,,,,,,,,,,,,
hbo:3863,hvis blot,,,,,,,,,,,,,
hbo:3867a,,,,,,,udlåne,,,,,,,
hbo:3871,tavle,,,,,,,,,,,,,
hbo:3876,Lot,,,,,,,,,,,,,
hbo:3878,Levi,,,,,,,,,,,,,
hbo:3882,Livjatan,,,,,,,,,,,,,
hbo:3885a,,overnatte,,,,,,,,,,,,
hbo:3898,,"føre krig, kæmpe","føre krig, kæmpe",,,,,,,,,,,
hbo:3899,"brød, mad",,,,,,,,,,,,,
hbo:3905,,"presse, undertrykke",,,,,,,,,,,,
hbo:3909,"hemmelige kunster, troldom",,,,,,,,,,,,,
hbo:3915,nat,,,,,,,,,,,,,
hbo:3925,,lære,,undervise,,,,,,,,,,
hbo:3932,,latterliggøre,,,,,spotte,,,,,,,
hbo:3940,"fakkel, lyn",,,,,,,,,,,,,
hbo:3947,,"tage, gribe","blive taget, blive bragt væk",,"blive taget, blive bragt",bliv ført hid og did,,blive taget væk,,,,,,
hbo:3950,,samle,,,,,,,,,,,,
hbo:3956,"sprog, tunge",,,,,,,,,,,,,
hbo:3966,"meget (adv), magt (n)",,,,,,,,,,,,,
hbo:3967,"hundrede, to hundrede (du)",,,,,,,,,,,,,
hbo:3972,noget overhovedet,,,,,,,,,,,,,
hbo:3974,"lampe, lyslegeme",,,,,,,,,,,,,
hbo:3976,"vægt, vægtskåle",,,,,,,,,,,,,
hbo:3978,føde,,,,,,,,,,,,,
hbo:3979,kniv,,,,,,,,,,,,,
hbo:3985,,,,"nægte, vægre sig ved",,,,,,,,,,
hbo:3988,,"foragte, afvise",,,,,,,,,,,,
hbo:3996,indgang,,,,,,,,,,,,,
hbo:4026,tårn,,,,,,,,,,,,,
hbo:4033,"ophold i udland, borgerrettigheder og beskyttelse i det fremmede",,,,,,,,,,,,,
hbo:4043,skjold,,,,,,,,,,,,,
hbo:4057,"ørken, steppe, græsningsareal",,,,,,,,,,,,,
hbo:4058,,måle,,,,,,,,,,,,
hbo:4069,hvorfor,,,,,,,,,,,,,
hbo:4080,Midjan,,,,,,,,,,,,,
hbo:4100,"hvad (interr), hvorledes (interr)",,,,,,,,,,,,,
hbo:4109,dagsrejse,,,,,,,,,,,,,
hbo:4120,"hurtigt (adv), hast (n)",,,,,,,,,,,,,
hbo:4124,Moab,,,,,,,,,,,,,
hbo:4127,,"ryste, bølge, smelte",smelte,,,,,,,,,,,
hbo:4131,,vakle,bringes til at vakle,,,,,,,,,,,
hbo:4132,vaklen,,,,,,,,,,,,,
hbo:4138,"efterkommere, oprindelse",,,,,,,,,,,,,
hbo:4139,omskærelse,,,,,,,,,,,,,
hbo:4144,grundvold,,,,,,,,,,,,,
hbo:4146,fundament,,,,,,,,,,,,,
hbo:4148,"opdragelse, irettesættelse, forbedring",,,,,,,,,,,,,
hbo:4150,"højtid, aftalt sted, sæson",,,,,,,,,,,,,
hbo:4159,"tegn, varsel",,,,,,,,,,,,,
hbo:4171,,,,,,,"bæver, giver efter",,,,,,,
hbo:4176,"More, lærer (betydning III)",,,,,,,,,,,,,
hbo:4179,Moria,,,,,,,,,,,,,
hbo:4181,ejendom,,,,,,,,,,,,,
hbo:4191,,dø,,dræb,,,dræbe,blive dræbt,,,,,,
hbo:4194,død,,,,,,,,,,,,,
hbo:4196,alter,,,,,,,,,,,,,
hbo:4201,"dørstolpe, karm",,,,,,,,,,,,,
hbo:4209,"plan,",,,,,,,,,,,,,
hbo:4210,salme,,,,,,,,,,,,,
hbo:4211,beskærekniv,,,,,,,,,,,,,
hbo:4222,,klappe,,,,,,,,,,,,
hbo:4229,,"tørre af, fjerne",,,,,,,,,,,,
hbo:4236,syn,,,,,,,,,,,,,
hbo:4237,"bjælkebugt, krumning opad på skibsdæk",,,,,,,,,,,,,
hbo:4264,"lejr, hær",,,,,,,,,,,,,
hbo:4266,Mahanajim,,,,,,,,,,,,,
hbo:4268,tilflugtssted,,,,,,,,,,,,,
hbo:4279,i morgen,,,,,,,,,,,,,
hbo:4283,næste dag,,,,,,,,,,,,,
hbo:4284,"tanke, plan, idé",,,,,,,,,,,,,
hbo:4294,"stav, stamme, pil, scepter",,,,,,,,,,,,,
hbo:4296,seng,,,,,,,,,,,,,
hbo:4305,,,,,,,give regn,,,,,,,
hbo:4306,regn,,,,,,,,,,,,,
hbo:4310,hvem (interr),,,,,,,,,,,,,
hbo:4325,"vand, vande",,,,,,,,,,,,,
hbo:4327,"art, slags",,,,,,,,,,,,,
hbo:4334,slette,,,,,,,,,,,,,
hbo:4339,retskaffenhed,,,,,,,,,,,,,
hbo:4341,smerte,,,,,,,,,,,,,
hbo:4349,"sted, fundament",,,,,,,,,,,,,
hbo:4370,bukser,,,,,,,,,,,,,
hbo:4373,beløb,,,,,,,,,,,,,
hbo:4374,dække,,,,,,,,,,,,,
hbo:4376,,sælge,,,,,,,,,,,,
hbo:4390,,"være fyldt, fylde (med)","være fyldt, være fyldt med","fylde, fylde med, opfylde",være fyldt (med),"fylde op, være fyldt",,,,,,,,
hbo:4393,"fylde, overflod",,,,,,,,,,,,,
hbo:4395,"overflod, fylde",,,,,,,,,,,,,
hbo:4397,"budbringer, engel",,,,,,,,,,,,,
hbo:4399,"arbejde, beskæftigelse, opgave",,,,,,,,,,,,,
hbo:4405,"ord, budskab",,,,,,,,,,,,,
hbo:4410,"kongedømme, kongelighed",,,,,,,,,,,,,
hbo:4411,herberge,,,,,,,,,,,,,
hbo:4419,"sømand, søfolk",,,,,,,,,,,,,
hbo:4421,"kamp, krig",,,,,,,,,,,,,
hbo:4422,,,undslippe,"udfri, redde",,,,,,,,,,
hbo:4427,,"regere, være konge",,,,,gøre til konge,blive gjort til konge,,,,,,
hbo:4428,konge,,,,,,,,,,,,,
hbo:4456,"forårsregn, senregn",,,,,,,,,,,,,
hbo:4461,mål,,,,,,,,,,,,,
hbo:4467,kongerige,,,,,,,,,,,,,
hbo:4468,kongerige,,,,,,,,,,,,,
hbo:4475,"herredømme, magt",,,,,,,,,,,,,
hbo:4478a,hvad,,,,,,,,,,,,,
hbo:4480,"fra, ud fra, på grund af (præp); end (komp, supp)",,,,,,,,,,,,,
hbo:4487,,,"tælles, regnes","levere, tildele",,,,,,,,,,
hbo:4503,"gave, kornoffer, afgift",,,,,,,,,,,,,
hbo:4513,,tilbageholde,tilbageholdes,,,,,,,,,,,
hbo:4519,Manasse,,,,,,,,,,,,,
hbo:4529,,,,,,,"få til at smelte, opløse, væde",,,,,,,
hbo:4535,ellers,,,,,,,,,,,,,
hbo:4546,"vej, hovedvej",,,,,,,,,,,,,
hbo:4549,,,"smeltes, opløses",,,,,,,,,,,
hbo:4557,antal,,,,,,,,,,,,,
hbo:4564,"skjule, holde hænder for ansigt i græmmelse",,,,,,,,,,,,,
hbo:4576,hakke,,,,,,,,,,,,,
hbo:4578,"Indvolde, mave, indre, krop",,,,,,,,,,,,,
hbo:4585,"skjulested, bolig",,,,,,,,,,,,,
hbo:4592,"få (adj), smule (n)",,,,,,,,,,,,,
hbo:4598,kappe,,,,,,,,,,,,,
hbo:4599,kilde,,,,,,,,,,,,,
hbo:4605,"oven over, opad, højeste del",,,,,,,,,,,,,
hbo:4609,"valfart, festrejse, opstigen",,,,,,,,,,,,,
hbo:4616,"på grund af, for at",,,,,,,,,,,,,
hbo:4639,"arbejde, gerning",,,,,,,,,,,,,
hbo:4659a,"gerning, arbejde",,,,,,,,,,,,,
hbo:4672,,finde,blive fundet,,,,til stede,,,,,,,
hbo:4676,stenstøtte,,,,,,,,,,,,,
hbo:4687,"befaling, ordre",,,,,,,,,,,,,
hbo:4691,"lidelse, pinsel",,,,,,,,,,,,,
hbo:4701,"turban,",,,,,,,,,,,,,
hbo:4713,egypter,,,,,,,,,,,,,
hbo:4714,Egypten,,,,,,,,,,,,,
hbo:4723a,samling,,,,,,,,,,,,,
hbo:4725,sted,,,,,,,,,,,,,
hbo:4735,"kvæg, ejendom",,,,,,,,,,,,,
hbo:4758,"syn, udseende",,,,,,,,,,,,,
hbo:4782,Mordokaj,,,,,,,,,,,,,
hbo:4791,"høj, højt sted, det høje",,,,,,,,,,,,,
hbo:4806,"fedekvæg, dyr avlet til opfedning",,,,,,,,,,,,,
hbo:4820,"bedrag, svig",,,,,,,,,,,,,
hbo:4823,nedtrampet land,,,,,,,,,,,,,
hbo:4834,,,"være skadellig,, være pinefuld",,,,,,,,,,,
hbo:4836,syl,,,,,,,,,,,,,
hbo:4863,dejtrug,,,,,,,,,,,,,
hbo:4869,"højt sted, tilflugststed",,,,,,,,,,,,,
hbo:4872,Moses,,,,,,,,,,,,,
hbo:4886,,"salve, indvi",,,,,,,,,,,,
hbo:4893,"skamferet, vansiret ansigt",,,,,,,,,,,,,
hbo:4899,salvet,,,,,,,,,,,,,
hbo:4900,,"gribe, trække",,,,,,,,,,,,
hbo:4904,"seng, sofa, leje",,,,,,,,,,,,,
hbo:4908,"bolig, mødetelt, tabernakel",,,,,,,,,,,,,
hbo:4910,,"styre, regere",,,,,"sætte til at styre, udøve magt",,,,,,,
hbo:4911,,lave spottevise,,,,,,,,,,,,
hbo:4916,"gøremål, forehavende, aktiviet",,,,,,,,,,,,,
hbo:4931,"krav, forpligtelse",,,,,,,,,,,,,
hbo:4932,"kopi, anden bydel",,,,,,,,,,,,,
hbo:4938a,"stok, krykke, støtte",,,,,,,,,,,,,
hbo:4940,"storfamilie, slægt, klan",,,,,,,,,,,,,
hbo:4941,"dom, retfærdighed, beslutning, skik",,,,,,,,,,,,,
hbo:4943,"arv, søn af arv=arving (?)",,,,,,,,,,,,,
hbo:4960,"fest, middag med udskænkning af drikkevarer",,,,,,,,,,,,,
hbo:4969,,sprede ud,,,,,,,,,,,,
hbo:4970,hvornår,,,,,,,,,,,,,
hbo:4975,lænder,,,,,,,,,,,,,
hbo:4994,"vær venlig at, dog, nu",,,,,,,,,,,,,
hbo:5002,"udsagn, ytring",,,,,,,,,,,,,
hbo:5003,,bryde ægteskab,,,,,,,,,,,,
hbo:5009,"jamren, stønnen",,,,,,,,,,,,,
hbo:5027,,,,,,,"se efter, se på",,,,,,,
hbo:5030,profet,,,,,,,,,,,,,
hbo:5034,,"visne, forsvinde, være dum",,,,,,,,,,,,
hbo:5036,"tåbelig, gudløs, tåbe",,,,,,,,,,,,,
hbo:5045,"Sydlandet, Negev",,,,,,,,,,,,,
hbo:5046,,,,,,,"gøre kendt, fortælle, rapportere",blive rapporteret,,,,,,
hbo:5048,"mod, overfor (n, prep, adv)",,,,,,,,,,,,,
hbo:5055,,stange,,,,,,,,,,,,
hbo:5056,stangende,,,,,,,,,,,,,
hbo:5057,"leder, regent, prins, embedsmand",,,,,,,,,,,,,
hbo:5058,strengespil,,,,,,,,,,,,,
hbo:5060,,"røre, skade, ankomme",,"ramme, påfører sygdom",,,"røre, ankomme, kaste, indtræffe",,,,,,,
hbo:5061,"slag, angreb, plage",,,,,,,,,,,,,
hbo:5062,,"skade, slå, forøve legemesbekadigelse",,,,,,,,,,,,
hbo:5065,,"banke, inddrive, presse",presses hård,,,,,,,,,,,
hbo:5066,,"nærme sig, være nær ved",nærme sig,,,,bringe nær hen til,,,,,,,
hbo:5081,"frivillig, fornemme",,,,,,,,,,,,,
hbo:5087,,aflægge løfte,,,,,,,,,,,,
hbo:5088,løfte,,,,,,,,,,,,,
hbo:5090,,"føre, lede, drive",,,,,,,,,,,,
hbo:5095,,,,"lede, rådgive",,,,,,,,,,
hbo:5097,vandingsplads,,,,,,,,,,,,,
hbo:5104,flod,,,,,,,,,,,,,
hbo:5110,,"vise sympati, svaje, være hjemløs",,,,,,,,,,,,
hbo:5117,,"hvile, bosætte sig",,,,,"anbringe, sætte",,,,,,,
hbo:5123,,falde i søvn,,,,,,,,,,,,
hbo:5127,,flygte,,,,,,,,,,,,
hbo:5128,,"ryste, vakle",,,,,"ryste, få til at vakle, gøre hjemløs",,,,,,,
hbo:5130,,,,,,,"svinge med, bevæge frem og tilbage",,,,,,,
hbo:5137,,bestænkes,,,,,stænke på,,,,,,,
hbo:5146,Noa,,,,,,,,,,,,,
hbo:5157,,arve ejendom,,,,,,,,,,,,
hbo:5158,"wadi, flodleje der kun er vandfyldt i regntiden",,,,,,,,,,,,,
hbo:5159,"arvelod, ejendom",,,,,,,,,,,,,
hbo:5162,,,"være ked af, fortryde",trøste,trøstes,,,,,,,,,
hbo:5168,vi,,,,,,,,,,,,,
hbo:5175,slange,,,,,,,,,,,,,
hbo:5186,,"strække ud, vende",,,,,"strække ud, sprede, dreje af",,,,,,,
hbo:5190,,"løfte, bære",,,,,,,,,,,,
hbo:5193,,plante,plantes,,,,,,,,,,,
hbo:5203,,"efterlade, forlade, tillade",,,,,,,,,,,,
hbo:5210,Nineve,,,,,,,,,,,,,
hbo:5221,,,blive ramt,,blive slået (ned),,"slå, plage","blive slået, blive plaget",,,,,,
hbo:5234,,,,,,,"genkende, undersøge",,,,,,,
hbo:5237,fremmed,,,,,,,,,,,,,
hbo:5254,,,,"sætte på prøve, lade afprøve",,,,,,,,,,
hbo:5258,,"hælde ud, skænke op, støbe",hældes ud,hælde ud,,,,,,,,,,
hbo:5265,,rejse,,,,,,,,,,,,
hbo:5271,ungdom,,,,,,,,,,,,,
hbo:5275,sandal,,,,,,,,,,,,,
hbo:5279,Na’ama,,,,,,,,,,,,,
hbo:5284,"na'amatit, fra Na'ama",,,,,,,,,,,,,
hbo:5285,tjørnebusk,,,,,,,,,,,,,
hbo:5287,,,rystes af,ryste af,,,,,,,,,,
hbo:5288,"ung, dreng, karl",,,,,,,,,,,,,
hbo:5291,ung pige,,,,,,,,,,,,,
hbo:5301,,"puste, blæse",,,,,,,,,,,,
hbo:5303,"herskere, kæmper, nefilim",,,,,,,,,,,,,
hbo:5307,,"falde, ligge",,falde,,"kaste sig selv på, underkaste sig",lade falde,,,,,,,
hbo:5310,,"splintre, slå itu",,smadre,,,,,,,,,,
hbo:5314,,,"få vejret, ånde lettet op",,,,,,,,,,,
hbo:5315,"sjæl, levende væsen, liv, selv, svælg",,,,,,,,,,,,,
hbo:5324,,,"stille sig, stå",,,,,,,,,,,
hbo:5327,,,komme op at slås,,,,,,,,,,,
hbo:5329,,,,"lede, overvåge",,,,,,,,,,
hbo:5331,"vedvarende, herlighed",,,,,,,,,,,,,
hbo:5337,,,,"udfri, rive væk (pi)",,,"fjerne, rive væk",,,,,,,
hbo:5341,,"vogte, holde øje med",,,,,,,,,,,,
hbo:5347,kvinde,,,,,,,,,,,,,
hbo:5352,,,"frigives, befries, renses ud","lade ustraffet, slippe løs",,,,,,,,,,
hbo:5355,"uskyldig, friet for",,,,,,,,,,,,,
hbo:5357,kløft,,,,,,,,,,,,,
hbo:5358,,"skaffe oprejsnig, hævne","skaffe sig oprejsnig, få hævn",,,"skaffe sig oprejsnng, hævne sig",,"få oprejsnig, få hævn",,,,,,
hbo:5362a,,,,,,,"fuldende, lave en årlig rundtur",,,,,,,
hbo:5369,Ner,,,,,,,,,,,,,
hbo:5375,,"løfte op, bære, fjerne, tilgive","blive løftet, båret","løfte op, bære, assistere",,løfte sig selv op,"få til at bære, få til at bringe",,,,,,,
hbo:5378,,låne ud,,,,,,,,,,,,
hbo:5380,,blæse,,,,,"lade blæse, drive væk",,,,,,,
hbo:5387,"stormand, fyrste",,,,,,,,,,,,,
hbo:5392,renter,,,,,,,,,,,,,
hbo:5394,,"tage af, fjerne",,,,,,,,,,,,
hbo:5397,"åndedræt, indblæsning af Guds ånde",,,,,,,,,,,,,
hbo:5398,,blæse,,,,,,,,,,,,
hbo:5401,,kysse,,kysse,,,,,,,,,,
hbo:5404,"ørn, grib",,,,,,,,,,,,,
hbo:5414,,"give, anbringe","blive givet, sætte",,,,,"blive givet, lægge på",,,,,,
hbo:5416,Natan,,,,,,,,,,,,,
hbo:5423,,,,"rive væk, trække af",,,,,,,,,,
hbo:5437,,"omgive, gå rundt om",,,,,,,,,,,,
hbo:5439,"gå rundt om, kredsløb, rundt omkring, omsluttende",,,,,,,,,,,,,
hbo:5442,krat,,,,,,,,,,,,,
hbo:5445,,bære,,,,,,,,,,,,
hbo:5450,tvangsarbejde,,,,,,,,,,,,,
hbo:5459,"ejendom, personligt eje",,,,,,,,,,,,,
hbo:5462,,lukke,,,,,,,,,,,,
hbo:5475,"råd, fortrolig samtale",,,,,,,,,,,,,
hbo:5483,hest,,,,,,,,,,,,,
hbo:5488,siv,,,,,,,,,,,,,
hbo:5493,,"dreje af, gå til side",,uorden,,,"tage væk, fjerne",blive fjernet,,,,,,
hbo:5496,,,,,,,"lokke, forføre, lede på afveje, provokere",,,,,,,
hbo:5511,Sihon,,,,,,,,,,,,,
hbo:5514,Sinaj,,,,,,,,,,,,,
hbo:5521,"hytte, solskærm",,,,,,,,,,,,,
hbo:5526,,"lukke inde, isolere",,,,,"spærre inde, gøre utilgængelig",,,,,,,
hbo:5532,,"være anvendelig, være til tjeneste",,,,,,,,,,,,
hbo:5542,Selah (term.),,,,,,,,,,,,,
hbo:5545,,tilgive,,,,,,,,,,,,
hbo:5553,"klippe, stenformation for gravkammer, som bjergtinde",,,,,,,,,,,,,
hbo:5557,,,,"fordreje, forvanske, ødelægge",,,,,,,,,,
hbo:5564,,"understøtte, forsyne med livsfornødenheder",,,,,,,,,,,,
hbo:5572,tjørnebusk,,,,,,,,,,,,,
hbo:5582,,"styrke sig, understøtte",,,,,,,,,,,,
hbo:5590,,"rase, piskes op (havet)",,,,,,,,,,,,
hbo:5591,storm,,,,,,,,,,,,,
hbo:5591a,"orkan, storm",,,,,,,,,,,,,
hbo:5595,,"fjerne, feje bort",,,,,,,,,,,,
hbo:5596,,"forbinde med, knytte til",,,,,,,,,,,,
hbo:5600,skib,,,,,,,,,,,,,
hbo:5608,,"tælle, skrive, opregne",tælles,"meddele, fortælle, opregne",meddeles,,,,,,,,,
hbo:5612,bogrulle,,,,,,,,,,,,,
hbo:5619,,stene,stenes,,stenes,,,,,,,,,
hbo:5640,,"stoppe til, lukke for, hemmeligholde",,,,,,,,,,,,
hbo:5641,,,skjule sig,,,,skjule,,,,,,,
hbo:5645,"sky, skydække",,,,,,,,,,,,,
hbo:5647,,tjene,dyrke,,det er arbejdet med,,"lade arbejde, tjene",blive ledt til tjeneste,,,,,,
hbo:5650,"slave, tjener",,,,,,,,,,,,,
hbo:5656,"arbejde, tjeneste",,,,,,,,,,,,,
hbo:5657,"slaver, tjenere",,,,,,,,,,,,,
hbo:5668,"på grund af, med henblik på, for at",,,,,,,,,,,,,
hbo:5674,,"gå forbi, overtræde",krydses,gøre gravid; lade gå forbi,,,"lade passere, føre forbi, ofre, fjerne",,,,,,,
hbo:5676,"på den anden side, modsat",,,,,,,,,,,,,
hbo:5677,Eber,,,,,,,,,,,,,
hbo:5678,"stolthed, hovmod, vrede",,,,,,,,,,,,,
hbo:5680,hebræer,,,,,,,,,,,,,
hbo:5688,"reb, snor",,,,,,,,,,,,,
hbo:5697,kvie,,,,,,,,,,,,,
hbo:5699,"vogn, stridsvogn, kærre",,,,,,,,,,,,,
hbo:5704,"til, helt til, indtil, imens",,,,,,,,,,,,,
hbo:5707,"vidne, vidneforklaring",,,,,,,,,,,,,
hbo:5713,"menighed, forsamling",,,,,,,,,,,,,
hbo:5715,"bestemmelser (de ti ord), love, skudsmål (om person)",,,,,,,,,,,,,
hbo:5731,Eden,,,,,,,,,,,,,
hbo:5739,flok (får og geder),,,,,,,,,,,,,
hbo:5747,Og,,,,,,,,,,,,,
hbo:5749a,,,,,,,omgive,advares,,,,,,
hbo:5750,"stadig, igen",,,,,,,,,,,,,
hbo:5763,,die,,,,,,,,,,,,
hbo:5769,"gammel tid, fjern tid, lang tid, for evigt, evighed",,,,,,,,,,,,,
hbo:5771,"overtrædelse, skyld, straf",,,,,,,,,,,,,
hbo:5774,,,,flyve,,,,,,,,,,
hbo:5775,"fugle, flyvende dyr, insekter",,,,,,,,,,,,,
hbo:5780,Uz,,,,,,,,,,,,,
hbo:5780a,Uz,,,,,,,,,,,,,
hbo:5782,,,,,,,"vække, ophidse",,,,,,,
hbo:5785,"hud, læder",,,,,,,,,,,,,
hbo:5786,,,,gøre blind,,,,,,,,,,
hbo:5787,blind,,,,,,,,,,,,,
hbo:5795,"ged, gedehår",,,,,,,,,,,,,
hbo:5797,"styrke, magt",,,,,,,,,,,,,
hbo:5799,Azazel,,,,,,,,,,,,,
hbo:5800,,"forlade, efterlade","blive forladt, blive  efterladt",,,,,,,,,,,
hbo:5810,,"være stærk, vinde over",,,,,,,,,,,,
hbo:5818a,Uzzija,,,,,,,,,,,,,
hbo:5826,,hjælpe,,,,,,,,,,,,
hbo:5828,hjælper,,,,,,,,,,,,,
hbo:5833,"hjælp, hjælper",,,,,,,,,,,,,
hbo:5844,,"pakke ind i, svøbe, dække",,,,,"pakke ind i, svøbe, hylle",,,,,,,
hbo:5849,,,,krone,,,,,,,,,,
hbo:5857,Aj,,,,,,,,,,,,,
hbo:5861,rovfugl,,,,,,,,,,,,,
hbo:5869,"øje, kilde",,,,,,,,,,,,,
hbo:5883,Rogel-kilden,,,,,,,,,,,,,
hbo:5892,by,,,,,,,,,,,,,
hbo:5903,nøgen,,,,,,,,,,,,,
hbo:5921,"på, over; imod",,,,,,,,,,,,,
hbo:5921|3963a,"på, over; imod",,,,,,,,,,,,,
hbo:5927,,gå op,"blive taget op, blive ophøjet, trække, blive talt om",,,løfte sig selv op,"bringe, føre op, få til at stige","blive ofret, båret væk, blive indsat",,,,,,
hbo:5929,"blad, blade",,,,,,,,,,,,,
hbo:5930,brændoffer,,,,,,,,,,,,,
hbo:5939,mørke,,,,,,,,,,,,,
hbo:5944,"tagkammer, festsal, privat rum på øverste etage",,,,,,,,,,,,,
hbo:5945a,"øverst, Den Højeste",,,,,,,,,,,,,
hbo:5956,,,,,,,skjule,,,,,,,
hbo:5959,"ung pige, jomfru",,,,,,,,,,,,,
hbo:5968,,,,,,"tildække sig, besvime",,,,,,,,
hbo:5970,,juble over,,,,,,,,,,,,
hbo:5971,"folk, slægtskab, slægtning",,,,,,,,,,,,,
hbo:5973,"med, sammen med, ligesom",,,,,,,,,,,,,
hbo:5975,,"stå, stå op; stoppe",,,,,"sætte op, lade stå up, udnævne",sættes op,,,,,,
hbo:5978,"med, selskab",,,,,,,,,,,,,
hbo:5983,Ammon,,,,,,,,,,,,,
hbo:5998,,"slide med, arbejde",,,,,,,,,,,,
hbo:5999,"nød, bekymring, behov",,,,,,,,,,,,,
hbo:6009,,,,,,,"gøre dyb, dybt nede (auxilary)",,,,,,,
hbo:6021,Amasa,,,,,,,,,,,,,
hbo:6030,,svare,"besvare, bringe sig selv til svar",,,,"svar?, pas på?",,,,,,,
hbo:6031,,,"ydmyge sig selv, blive ydmyget","undertrykke, ydmyge","blive ydmyget, ydmyge sig selv",,,,,,,,,
hbo:6035,"fattig, ydmyg, svag",,,,,,,,,,,,,
hbo:6039,trængsel?,,,,,,,,,,,,,
hbo:6040,"fattigdom, elende, lidelse",,,,,,,,,,,,,
hbo:6041,"fattig, undertrykt, ydmyg",,,,,,,,,,,,,
hbo:6051,"skyer, tykt skydække",,,,,,,,,,,,,
hbo:6064,,lægge bøde på,betales for,,,,,,,,,,,
hbo:6074,"løvværk, kraftig vækst på grenene",,,,,,,,,,,,,
hbo:6083,"støv, tør jord, affald",,,,,,,,,,,,,
hbo:6086,"træ, skov",,,,,,,,,,,,,
hbo:6087a,,"finde fejl ved, gøre ondt",,,,"være fortivlet, være bekymret",,,,,,,,
hbo:6089a,"byrdefuldt arbejde, smerte",,,,,,,,,,,,,
hbo:6093,smerte,,,,,,,,,,,,,
hbo:6098,"råd, plan",,,,,,,,,,,,,
hbo:6098a,"ulydighed, modstand",,,,,,,,,,,,,
hbo:6099,"mægtig, talrig, om en stor menneskemængde",,,,,,,,,,,,,
hbo:6106,"knogle, skelet, ben, væsen",,,,,,,,,,,,,
hbo:6109,magt,,,,,,,,,,,,,
hbo:6113,,"holde tilbage, fængsle",,,,,,,,,,,,
hbo:6115,"undertrykkelse, nød, forvaring (?)",,,,,,,,,,,,,
hbo:6119,hæl,,,,,,,,,,,,,
hbo:6121a,bakket land,,,,,,,,,,,,,
hbo:6123,,binde,,,,,,,,,,,,
hbo:6149,,være behagelig,,,,,,,,,,,,
hbo:6153,aften,,,,,,,,,,,,,
hbo:6160,"ørken, slette",,,,,,,,,,,,,
hbo:6168,,,,,,,"afdække, gøre nøgen, kaste bort",,,,,,,
hbo:6174,nøgen,,,,,,,,,,,,,
hbo:6175,"listig, snu",,,,,,,,,,,,,
hbo:6185,barnløs,,,,,,,,,,,,,
hbo:6186,,"stille op, ordne",,,,,,,,,,,,
hbo:6189,uomskåret,,,,,,,,,,,,,
hbo:6190,forhud,,,,,,,,,,,,,
hbo:6195,"trick, smart idé",,,,,,,,,,,,,
hbo:6205,tykt mørke,,,,,,,,,,,,,
hbo:6210,seng,,,,,,,,,,,,,
hbo:6212,"grønsager, grønne planter",,,,,,,,,,,,,
hbo:6213,,"gøre, lave","blive lavet, gjort","presse, klemme",blive lavet,,,,,,,,,
hbo:6215,Esau,,,,,,,,,,,,,
hbo:6223,rig,,,,,,,,,,,,,
hbo:6225,,ryge,,,,,,,,,,,,
hbo:6226,rygende,,,,,,,,,,,,,
hbo:6227,røg,,,,,,,,,,,,,
hbo:6239,rigdom,,,,,,,,,,,,,
hbo:6240,ti,,,,,,,,,,,,,
hbo:6242,"tyve (num), tyvende",,,,,,,,,,,,,
hbo:6244,,blive svag,,,,,,,,,,,,
hbo:6256,"tid, sæson",,,,,,,,,,,,,
hbo:6258,nu,,,,,,,,,,,,,
hbo:6275,,"gå videre, blive gammel",,,,,"gå videre, efterlade",,,,,,,
hbo:6279,,,,,,,"bønfalde, bede",,,,,,,
hbo:6286,,,,,,vise sin herlighed,,,,,,,,
hbo:6293,,"møde, angribe, tigge",,,,,"lade skade, gå i forbøn for",,,,,,,
hbo:6297,"lig, kadaver",,,,,,,,,,,,,
hbo:6298,,møde,"mødes, møde hinanden",,,,,,,,,,,
hbo:6299,,løskøbe,,,,,lade løskøbe,,,,,,,
hbo:6306a,løsesum,,,,,,,,,,,,,
hbo:6310,"mund, åbning, del (sub.)",,,,,,,,,,,,,
hbo:6311,"her, herhen",,,,,,,,,,,,,
hbo:6327,,"sprede sig, flyde over",,,,,lade sprede,,,,,,,
hbo:6329,,rave rundt,,,,,rave rundt,,,,,,,
hbo:6358,,,,,,,vrænge mund ad,,,,,,,
hbo:6376,Pishon,,,,,,,,,,,,,
hbo:6381,,,være forunderlig,,,,,,,,,,,
hbo:6388,"kanal, vandstrømme",,,,,,,,,,,,,
hbo:6403,,,,"bære væk, lade undslippe",,,,,,,,,,
hbo:6414,dommer,,,,,,,,,,,,,
hbo:6419,,,,,,bede,,,,,,,,
hbo:6425,vægtskål,,,,,,,,,,,,,
hbo:6430,filistæisk,,,,,,,,,,,,,
hbo:6432,pleter,,,,,,,,,,,,,
hbo:6435,for at ikke,,,,,,,,,,,,,
hbo:6437,,"dreje af, vende omkring",,"fjerne, rydde",,,,,,,,,,
hbo:6438,"hjørne, hjørnesten, hjørnetårn",,,,,,,,,,,,,
hbo:6440,"ansigt, overflade, foran",,,,,,,,,,,,,
hbo:6441,indefor,,,,,,,,,,,,,
hbo:6459,"gudefigur, afgudsbillede",,,,,,,,,,,,,
hbo:6466,,gøre,,,,,,,,,,,,
hbo:6467,"handling, arbejde",,,,,,,,,,,,,
hbo:6468,"arbejde, løn, belønning",,,,,,,,,,,,,
hbo:6471,"gang, fod, trin, ambolt",,,,,,,,,,,,,
hbo:6475,,åbne; sætte fri,,,,,,,,,,,,
hbo:6476,,juble,,,,,,,,,,,,
hbo:6482,sår,,,,,,,,,,,,,
hbo:6485,,"besøge, tage sig af, mønstre, udpege","være savnet, blive udpeget, blive besøgt",mønstre,"blive indkaldt?, blive angivet?",blive mønstret,"udpege, betro, indsætte","blive udpeget, blive indsat",,,,,,
hbo:6491,,åbne,blive åbnet,,,,,,,,,,,
hbo:6492,Peka,,,,,,,,,,,,,
hbo:6493,klart seende,,,,,,,,,,,,,
hbo:6499,tyrekalv,,,,,,,,,,,,,
hbo:6501,vildæsel,,,,,,,,,,,,,
hbo:6504,,,dele sig,,,"spredes, skilles fra hinanden",,,,,,,,
hbo:6506,hunæsel,,,,,,,,,,,,,
hbo:6509,,bære frugt,,,,,,,,,,,,
hbo:6522,perizzitter,,,,,,,,,,,,,
hbo:6529,"frugt; afkom, efterkommer",,,,,,,,,,,,,
hbo:6532,forhæng,,,,,,,,,,,,,
hbo:6544,,"løse, frigive, forsømme",,,,,,,,,,,,
hbo:6547,Farao,,,,,,,,,,,,,
hbo:6555,,"lave brud, bryde ud",,,,,,,,,,,,
hbo:6561,,rive sig løs,,,,,,,,,,,,
hbo:6565,,,,,,,"bryde ud, barse ud",,,,,,,
hbo:6571,"hestespand, vognkæmper, rytter",,,,,,,,,,,,,
hbo:6578,Eufrat,,,,,,,,,,,,,
hbo:6584,,"tage af, angribe",,,,,,,,,,,,
hbo:6586,,gøre oprør,,,,,,,,,,,,
hbo:6588,"overtrædelse, oprør",,,,,,,,,,,,,
hbo:6597,pludselig,,,,,,,,,,,,,
hbo:6601,,være uerfaren,,,,,,,,,,,,
hbo:6605,,åbne,,,,,,,,,,,,
hbo:6607,"indgang, åbning, dør, port",,,,,,,,,,,,,
hbo:6629,småkvæg,,,,,,,,,,,,,
hbo:6635,"hærskare, hoveritjeneste",,,,,,,,,,,,,
hbo:6651,,indsamle,,,,,,,,,,,,
hbo:6658,,ligge på lur,,,,,,,,,,,,
hbo:6659,Sadok,,,,,,,,,,,,,
hbo:6662,"retfærdig, lovlydig",,,,,,,,,,,,,
hbo:6663,,"være retskaffen, have ret",,,,,"sikre ret, erklære retfærdig, behandle som uskyldig",,,,,,,
hbo:6664,"retfærdighed; ret, det rette",,,,,,,,,,,,,
hbo:6666,retfærdighed,,,,,,,,,,,,,
hbo:6667,Sidkija,,,,,,,,,,,,,
hbo:6667a,Sidkija,,,,,,,,,,,,,
hbo:6670a,,,,,,,få til at glinse,,,,,,,
hbo:6680,,,,befale,blive beordret,,,,,,,,,
hbo:6685,faste,,,,,,,,,,,,,
hbo:6691,Sofar,,,,,,,,,,,,,
hbo:6723,tørt land,,,,,,,,,,,,,
hbo:6726,Zion,,,,,,,,,,,,,
hbo:6731,blomstre,,,,,,,,,,,,,
hbo:6738,skygge,,,,,,,,,,,,,
hbo:6743,,lykkes,,,,,,,,,,,,
hbo:6754,billede,,,,,,,,,,,,,
hbo:6763,"side, sidebygning, ribben?",,,,,,,,,,,,,
hbo:6772,tørst,,,,,,,,,,,,,
hbo:6776,"åg, tønder land",,,,,,,,,,,,,
hbo:6779,,"skyde op, gro frem",,,,,lade vokse,,,,,,,
hbo:6801,,"fæstne, vikle om, binde",,,,,,,,,,,,
hbo:6817,,"råbe, skrige",,,,,,,,,,,,
hbo:6818,"skrig, råb om hjælp",,,,,,,,,,,,,
hbo:6828,"nord, nordenvind",,,,,,,,,,,,,
hbo:6833,fugl,,,,,,,,,,,,,
hbo:6854,frø,,,,,,,,,,,,,
hbo:6855,Sippora,,,,,,,,,,,,,
hbo:6862a,"fjende, undertrykker, modstander",,,,,,,,,,,,,
hbo:6864,"flintekniv, flint",,,,,,,,,,,,,
hbo:6869,nød,,,,,,,,,,,,,
hbo:6870,Seruja,,,,,,,,,,,,,
hbo:6879,,,,,få udslet,,,,,,,,,
hbo:6884,,"smelte, lutre (rense, raffinere)",,,,,,,,,,,,
hbo:6887a,,"være fjendtlig imod, binde op",,,,,,,,,,,,
hbo:6901,,,,"acceptere, tage imod som en gave",,,,,,,,,,
hbo:6908,,,,samle,,,,,,,,,,
hbo:6912,,begrave,begraves,,,,,,,,,,,
hbo:6913,grav,,,,,,,,,,,,,
hbo:6915,,"knæle, bøje sig ned for",,,,,,,,,,,,
hbo:6918,"hellig, afsondret",,,,,,,,,,,,,
hbo:6921,"østside, østenvind",,,,,,,,,,,,,
hbo:6923,,,,"møde, gå foran, gøre første gang, gøre tidligt",,,,,,,,,,
hbo:6924,"foran, øst, ældre tider, gamle dage",,,,,,,,,,,,,
hbo:6926,foran,,,,,,,,,,,,,
hbo:6935,kadmonitter,,,,,,,,,,,,,
hbo:6936,isse,,,,,,,,,,,,,
hbo:6942,,"være hellig (qa), gøre hellig (pi)",,"indvie, erklære hellig",,"hellige sig selv, opføre sig som helliget",,,,,,,,
hbo:6944,hellig (ting),,,,,,,,,,,,,
hbo:6951,"forsmamling, menighed",,,,,,,,,,,,,
hbo:6960,,vente,,afvente,,,,,,,,,,
hbo:6960a,,,blive samlet,,,,,,,,,,,
hbo:6963,"røst, lyd, torden",,,,,,,,,,,,,
hbo:6965,,"rejse sig, stå op",,"oprette, bekræfte",,gøre oprør,"rejse op, føre ud, få til at stige? (usikker)",oprejses,,,,,,
hbo:6973,,"føle væmmelse, være rædselsslagen",,,,,,,,,,,,
hbo:6975,tjørnebusk,,,,,,,,,,,,,
hbo:6994,,være lille,,,,,,,,,,,,
hbo:6996,"lille, ung",,,,,,,,,,,,,
hbo:6999,,,,,,,"ofre, lade gå op i røg",,,,,,,
hbo:7017,kenit,,,,,,,,,,,,,
hbo:7021,"olieplante, lat. ricinus communis, agurk (?)",,,,,,,,,,,,,
hbo:7043,,,,erklære for forbandet,,,"lette, behandle med foragt",,,,,,,
hbo:7045,forbandelse,,,,,,,,,,,,,
hbo:7067,lidenskabelig,,,,,,,,,,,,,
hbo:7069,,"skaffe, købe",,,,,,,,,,,,
hbo:7069a,,"skabe, erhverve",,,,,,,,,,,,
hbo:7074,kenizzitter,,,,,,,,,,,,,
hbo:7075,ejendom,,,,,,,,,,,,,
hbo:7077,,,,bygge rede,,,,,,,,,,
hbo:7092,,"lukke, trække sammen",,,,,,,,,,,,
hbo:7097,"kant, ende, grænse",,,,,,,,,,,,,
hbo:7098,"kant, ende, grænse",,,,,,,,,,,,,
hbo:7112,,,,"skære op, skære af",,,,,,,,,,
hbo:7115,"utålmodighed, korthed",,,,,,,,,,,,,
hbo:7121,,"kalde, møde, læse (højt)","blive kaldt, nævnet, erklæret, læse højt",,blive kaldt,,,,,,,,,
hbo:7122,,"ramme, komme til, imod (inf. efter bevægelsesvarbum)",,,,,,,,,,,,
hbo:7126,,nærme sig,"komme nær, blive bragt nær","bringe nær, lade antaste, være nær",,,bringe nær,,,,,,,
hbo:7130,"midte, indre",,,,,,,,,,,,,
hbo:7133,"offer, offergave",,,,,,,,,,,,,
hbo:7136,,,"være tilgængelig for, træffes med",bygge med tømmer,,,,,,,,,,
hbo:7138,"nær, forestående",,,,,,,,,,,,,
hbo:7141,Korah,,,,,,,,,,,,,
hbo:7150,"instruks, dekret",,,,,,,,,,,,,
hbo:7151,"by, stad",,,,,,,,,,,,,
hbo:7161,"horn, top, stråleglans",,,,,,,,,,,,,
hbo:7167,,"flænge, rive af",,,,,,,,,,,,
hbo:7179,"avner, stub",,,,,,,,,,,,,
hbo:7185,,,,,,,"gøre hård, forhærde",,,,,,,
hbo:7186,"hård, vanskelig, tung",,,,,,,,,,,,,
hbo:7194,,"binde om, knytte sig til",,,,,,,,,,,,
hbo:7198,"bue, regnbue",,,,,,,,,,,,,
hbo:7200,,"se, indse, se på, vælge","blive set, blive synlig, mødes",,blive set,"se på hinanden, møde i kamp",vise,"gøres til at se, blive vist",,,,,,
hbo:7205,Ruben,,,,,,,,,,,,,
hbo:7214,vildokse,,,,,,,,,,,,,
hbo:7218,"hoved, top; begyndelse; bedst; leder; sum; afdeling",,,,,,,,,,,,,
hbo:7223,"først, tidligere",,,,,,,,,,,,,
hbo:7225,"begyndelse, først",,,,,,,,,,,,,
hbo:7227,"meget, mange, kaptajn, chef",,,,,,,,,,,,,
hbo:7227a,"kaptajn, kommandant, stor",,,,,,,,,,,,,
hbo:7230,"mængde, overflod",,,,,,,,,,,,,
hbo:7231,,"være stor, være talrig",,,,,,,,,,,,
hbo:7235,,"være talrig, være stor",,,,,"gøre talrig, gøre stor",,,,,,,
hbo:7239,ti tusind,,,,,,,,,,,,,
hbo:7243,fjerde,,,,,,,,,,,,,
hbo:7256,fjerde generation,,,,,,,,,,,,,
hbo:7257,,"ligge ned, lejre sig",,,,,,,,,,,,
hbo:7272,"fod, ben",,,,,,,,,,,,,
hbo:7281,"øjeblik, ro",,,,,,,,,,,,,
hbo:7284,,være i oprør,,,,,,,,,,,,
hbo:7287,,herske,,,,,,,,,,,,
hbo:7290,,,sove tungt,,,,,,,,,,,
hbo:7307,"vind, ånd, ånde",,,,,,,,,,,,,
hbo:7309,"lettelse, pause",,,,,,,,,,,,,
hbo:7311,,"være høj, være ophøjet, hovmode sig",,,,,"oprejse, løfte op, ophøje, fjerne",,,,,,,
hbo:7321,,,,,,,"råbe, råbe til angreb",,,,,,,
hbo:7323,,løbe,,,,,,,,,,,,
hbo:7336,,"fyrste, officer",,,,,,,,,,,,
hbo:7337,,,,,,,"udvide, give plads til",,,,,,,
hbo:7342,"bred, vid",,,,,,,,,,,,,
hbo:7346,Rehabeam,,,,,,,,,,,,,
hbo:7349,barmhjertig,,,,,,,,,,,,,
hbo:7350,"fjern, langt væk (adj), distance (n)",,,,,,,,,,,,,
hbo:7353,moderfår,,,,,,,,,,,,,
hbo:7354,Rakel,,,,,,,,,,,,,
hbo:7356,medlidenhed,,,,,,,,,,,,,
hbo:7358,moderliv,,,,,,,,,,,,,
hbo:7363,,,,svære over,,,,,,,,,,
hbo:7364,,"vaske, vaske sig selv",,,,,,,,,,,,
hbo:7368,,være langt væk,,,,,,,,,,,,
hbo:7378,,"føre en retsssag, bestride",,,,,,,,,,,,
hbo:7379,"retssag, strid, retsbelæring",,,,,,,,,,,,,
hbo:7385,"tomhed (n), tom, værdiløs (adj)",,,,,,,,,,,,,
hbo:7387,forgæves,,,,,,,,,,,,,
hbo:7392,,,,,,,"stige op, køre",,,,,,,
hbo:7393,"stridsvogn, vognstyrker",,,,,,,,,,,,,
hbo:7398,vogn,,,,,,,,,,,,,
hbo:7399,"ejndom, gods",,,,,,,,,,,,,
hbo:7401,,være svag,,,,,,,,,,,,
hbo:7406,ujævnt land,,,,,,,,,,,,,
hbo:7408,,"erhverve, samle sammen",,,,,,,,,,,,
hbo:7409,hestespand,,,,,,,,,,,,,
hbo:7425,Remalja,,,,,,,,,,,,,
hbo:7430,,"myldre rundt,",,,,,,,,,,,,
hbo:7431,"krybdyr, små kravlende dyr",,,,,,,,,,,,,
hbo:7442,,råbe af fryd,,proklamere i fryderåb,,,,,,,,,,
hbo:7451,"ond, dårlig, skadelig",,,,,,,,,,,,,
hbo:7453,"ven, fælle, ledsager",,,,,,,,,,,,,
hbo:7456,,"sulte, være hungrig",,,,,,,,,,,,
hbo:7458,"hungersnød,sult",,,,,,,,,,,,,
hbo:7460,,"skælve, bæve",,,,,,,,,,,,
hbo:7461a,rysten,,,,,,,,,,,,,
hbo:7462,"ondskab, elendighed",,,,,,,,,,,,,
hbo:7472,Re'i,,,,,,,,,,,,,
hbo:7482,torden,,,,,,,,,,,,,
hbo:7489,,være ond,,,,,"skade, handle ondt",,,,,,,
hbo:7489a,,"brække, knuse",,,,bryde op,,,,,,,,
hbo:7493,,"skylve, ryste",,,,,,,,,,,,
hbo:7495,,helbrede,blive helbredt,"helbrede, betale for helbredelse",,,,,,,,,,
hbo:7497,refaitterne,,,,,,,,,,,,,
hbo:7503,,blive slap,være doven,,,,"efterlade, forlade",,,,,,,
hbo:7508,Refidim,,,,,,,,,,,,,
hbo:7521,,"være glad for, synes om","godkendes, behandles som acceptabelt",,,,,,,,,,,
hbo:7521a,,,betales,,,,,,,,,,,
hbo:7522,"lyst, behag, accept",,,,,,,,,,,,,
hbo:7523,,"myrde, egå mord, overlagt og uoverlagt manddrab",,,,,,,,,,,,
hbo:7524,"myrde,",,,,,,,,,,,,,
hbo:7526,Resin,,,,,,,,,,,,,
hbo:7527,,gennembore,,,,,,,,,,,,
hbo:7535,kun,,,,,,,,,,,,,
hbo:7537,,rådne,,,,,,,,,,,,
hbo:7549,himmelhvælving,,,,,,,,,,,,,
hbo:7554,,"stampe, trampe ned",,,,,,,,,,,,
hbo:7563,"skyldig, ugudelig, ugudelig person",,,,,,,,,,,,,
hbo:7568,"net, til fuglefangst",,,,,,,,,,,,,
hbo:7578a,"som, der (rel), at",,,,,,,,,,,,,
hbo:7580,,brøle,,,,,,,,,,,,
hbo:7581,brølen,,,,,,,,,,,,,
hbo:7585,"dødsrige, grav, underverden",,,,,,,,,,,,,
hbo:7586,Saul,,,,,,,,,,,,,
hbo:7592,,"spørge, kræve",,,,,,,,,,,,
hbo:7604,,,"levnes, blive til overs",,,,,,,,,,,
hbo:7607,"krop, kød, slægtning",,,,,,,,,,,,,
hbo:7610,Shearjashub,,,,,,,,,,,,,
hbo:7614,Sheba,,,,,,,,,,,,,
hbo:7622a,fangenskab,,,,,,,,,,,,,
hbo:7626,"stav, stamme",,,,,,,,,,,,,
hbo:7637,syvende,,,,,,,,,,,,,
hbo:7646,,"være mæt, være tilfreds",,,,,,,,,,,,
hbo:7650,,,sværge,,,,sværge,,,,,,,
hbo:7651,syv,,,,,,,,,,,,,
hbo:7665,,brække,brækkes,"smadre, knuse i småstumper",,,,,,,,,,
hbo:7673,,"hvile, holde hvilepause, overholde sabbaten",,,,,"bringe til ophør, stoppe",,,,,,,
hbo:7674,"sygeorlov, inaktivitet for at komme til kræfter",,,,,,,,,,,,,
hbo:7676,"sabbat, hviledag",,,,,,,,,,,,,
hbo:7699,bryst,,,,,,,,,,,,,
hbo:7704,åben mark,,,,,,,,,,,,,
hbo:7704a,"markerne, åbent land",,,,,,,,,,,,,
hbo:7706,"Sadaj, Den Almægtige",,,,,,,,,,,,,
hbo:7716,"lam, ung ged",,,,,,,,,,,,,
hbo:7723,"det værdiløse, bedrag, forgæves",,,,,,,,,,,,,
hbo:7725,,"vende, vende tilbage, gentage",,"bringe tilbage, forføre, genoprette",,,bringe tilbage,blive bragt tilbage,,,,,,
hbo:7747,"shuit, fra Shua",,,,,,,,,,,,,
hbo:7751,,"tage rundt, gå omkring",,,,,,,,,,,,
hbo:7753,,"lukke inde, indhegne med tjørnehæk",,,,,,,,,,,,
hbo:7760,,"placere, anbringe",,,,,"placere, gøre til",placeres,,,,,,
hbo:7767,shunamit,,,,,,,,,,,,,
hbo:7768,,,,råbe om hjælp,,,,,,,,,,
hbo:7779,,hugge,,,,,,,,,,,,
hbo:7782,"vædderhorn, trompet",,,,,,,,,,,,,
hbo:7785,"kølle, ben",,,,,,,,,,,,,
hbo:7794,"tyr, tyrekalv",,,,,,,,,,,,,
hbo:7810,"bestikkelse, gave",,,,,,,,,,,,,
hbo:7811,,,,,,,"lade svømme, væde",,,,,,,
hbo:7812a,,,,,,,,,"bøje sig dybt for, tilbede",,,,,
hbo:7819,,slagte,slagtes,,,,,,,,,,,
hbo:7822,byld,,,,,,,,,,,,,
hbo:7832,,"le ad, underholde",,"underholde, lege",,,,,,,,,,
hbo:7834,"støv, støvsky",,,,,,,,,,,,,
hbo:7837,daggry,,,,,,,,,,,,,
hbo:7843,,,ødelægges,udslette,,,"ødelægge, fjerne",,,,,,,
hbo:7854,"Satan, anklager",,,,,,,,,,,,,
hbo:7872,"alderdom, går hår",,,,,,,,,,,,,
hbo:7878,,,,tænke over,,,,,,,,,,
hbo:7879,"noget bekymrende, noget interessant",,,,,,,,,,,,,
hbo:7880,buske,,,,,,,,,,,,,
hbo:7891,,synge,,,,,,,,,,,,
hbo:7892,sang,,,,,,,,,,,,,
hbo:7896,,"placere, anbringe",,,,,,pålægges,,,,,,
hbo:7898,ukrudt,,,,,,,,,,,,,
hbo:7901,,"ligge ned, have sex",,,,,"lægge, lade ligge",,,,,,,
hbo:7911,,glemme,,,,,,,,,,,,
hbo:7916,"daglejer, lejesoldat",,,,,,,,,,,,,
hbo:7919,,,,,,,forstå,,,,,,,
hbo:7925,,,,,,,"stå tidligt op, gå i gang tidligt om morgenen",,,,,,,
hbo:7931,,"bo, boætte sig",,,,,placere,,,,,,,
hbo:7934,"nabo, beboer",,,,,,,,,,,,,
hbo:7939,"løn, belønning, betaling",,,,,,,,,,,,,
hbo:7950,sne,,,,,,,,,,,,,
hbo:7965,"fred, velbefindende, helbred",,,,,,,,,,,,,
hbo:7969,tre,,,,,,,,,,,,,
hbo:7971,,sende,blive sendt,"lade gå, strække ud, sende","blive sluppet løs, sendt, forladt",,slippe løs,,,,,,,
hbo:7979,"bord, alterbord",,,,,,,,,,,,,
hbo:7991a,tredjedel,,,,,,,,,,,,,
hbo:7992,tredje,,,,,,,,,,,,,
hbo:7993,,,,,,,kaste,kastes,,,,,,
hbo:7998,"bytte, plyndringsgods",,,,,,,,,,,,,
hbo:7999,,,,gengælde,,,,,,,,,,
hbo:8002,"fællesskabsoffer, fredsoffer",,,,,,,,,,,,,
hbo:8003,"fuldkommen, uskadt, fredelig",,,,,,,,,,,,,
hbo:8008,"kappe, overtøj",,,,,,,,,,,,,
hbo:8010,Salomo,,,,,,,,,,,,,
hbo:8027,,,,,blive treårig (ptc),,,,,,,,,
hbo:8029,"barnebarn, oldebarn",,,,,,,,,,,,,
hbo:8032,i forgårs,,,,,,,,,,,,,
hbo:8033,der,,,,,,,,,,,,,
hbo:8034,navn,,,,,,,,,,,,,
hbo:8035,Sem,,,,,,,,,,,,,
hbo:8040,"venstre, venstre side, venstre hånd, mod nord",,,,,,,,,,,,,
hbo:8045,,,,,,,udrydde,,,,,,,
hbo:8047,"skrækkeligt, frygtindgydende",,,,,,,,,,,,,
hbo:8050,Samuel,,,,,,,,,,,,,
hbo:8052,"nyheder, beretning",,,,,,,,,,,,,
hbo:8055,,"glæde sig, være glad",,"glæde, gøre glad",,,"glæde, gøre glad",,,,,,,
hbo:8056,glad,,,,,,,,,,,,,
hbo:8057,"glæde, jubel",,,,,,,,,,,,,
hbo:8058,,"give slip på, ligge brak",,,,,,,,,,,,
hbo:8064,"himmel, himlene",,,,,,,,,,,,,
hbo:8066,ottende,,,,,,,,,,,,,
hbo:8071,"kappe, overtøj",,,,,,,,,,,,,
hbo:8074,,"være forladt, være isoleret, være chokeret",,,,,,,,,,,,
hbo:8081,oliven,,,,,,,,,,,,,
hbo:8083,otte,,,,,,,,,,,,,
hbo:8085,,"høre, lytte, adlyde",blive hørt,tilkalde,,,"gøre hørt, tilkalde",,,,,,,
hbo:8088,"rygte, fortælling",,,,,,,,,,,,,
hbo:8096,Shim’i,,,,,,,,,,,,,
hbo:8104,,"holde vagt, bevogte","vær på vagt, pas på",tilbede,,pas på,,,,,,,,
hbo:8111,Samaria,,,,,,,,,,,,,
hbo:8121,sol,,,,,,,,,,,,,
hbo:8127,tand,,,,,,,,,,,,,
hbo:8130,,"hade; være uvillig til at finde sig i, fjende (qal part)",,"være fjende, kun partcipium (part)",,,,,,,,,,
hbo:8135,had,,,,,,,,,,,,,
hbo:8141,år,,,,,,,,,,,,,
hbo:8145,anden,,,,,,,,,,,,,
hbo:8147,to,,,,,,,,,,,,,
hbo:8150a,,,,"gentage, repetere",,,,,,,,,,
hbo:8152,Sinear,,,,,,,,,,,,,
hbo:8163a,gedebuk,,,,,,,,,,,,,
hbo:8168,"hule hånd, hådfuld",,,,,,,,,,,,,
hbo:8179,port,,,,,,,,,,,,,
hbo:8181,hår,,,,,,,,,,,,,
hbo:8185,et hår,,,,,,,,,,,,,
hbo:8191,fornøjelse,,,,,,,,,,,,,
hbo:8193,"sprog, læbe, kyst",,,,,,,,,,,,,
hbo:8198,"tjenstepige, trælkvinde",,,,,,,,,,,,,
hbo:8199,,"dømme, gå ind i strid",,,,,,,,,,,,
hbo:8201,"straffedom, staffende handlinger",,,,,,,,,,,,,
hbo:8210,,hælde ud,hældes ud,,,,,,,,,,,
hbo:8213,,"være lav, være ydmyg, synke ned",,,,,,,,,,,,
hbo:8227,klippegrævling,,,,,,,,,,,,,
hbo:8239,,sætte,,,,,,,,,,,,
hbo:8242,"sæk, særk (undertøj af gedehår), sørgeklæder",,,,,,,,,,,,,
hbo:8245,,"være vågen, våge",,,,,,,,,,,,
hbo:8248,,,,,,,"vande, give vand til",,,,,,,
hbo:8252,,,,,,,"give fred, være stille",,,,,,,
hbo:8254,,"veje, veje af",,,,,,,,,,,,
hbo:8255,sekel,,,,,,,,,,,,,
hbo:8259,,,se ned,,,,se ned,,,,,,,
hbo:8262,,,,foragte; gøre uren,,,,,,,,,,
hbo:8267,"løgn, bedrag",,,,,,,,,,,,,
hbo:8269,"embedsmand, leder, hersker",,,,,,,,,,,,,
hbo:8297,Saraj,,,,,,,,,,,,,
hbo:8313,,brænde,,,,,,,,,,,,
hbo:8316,"brænding, ovnbrændte lertegl",,,,,,,,,,,,,
hbo:8317,,sværme,,,,,,,,,,,,
hbo:8318,"sværm, sværmende dyr",,,,,,,,,,,,,
hbo:8319,,fløjte,,,,,,,,,,,,
hbo:8327,,,,,,,,,,,,,,slå rod
hbo:8330,rod,,,,,,,,,,,,,
hbo:8334,,,,tjene,,,,,,,,,,
hbo:8337,seks,,,,,,,,,,,,,
hbo:8342,"glæde, jubel",,,,,,,,,,,,,
hbo:8345,sjette,,,,,,,,,,,,,
hbo:8354,,drikke,,,,,,,,,,,,
hbo:8367,,blive stille,,,,,,,,,,,,
hbo:8378,længsel,,,,,,,,,,,,,
hbo:8384,"figen, figentræ",,,,,,,,,,,,,
hbo:8389,"udseende, form",,,,,,,,,,,,,
hbo:8393,"afgrøde, udbytte",,,,,,,,,,,,,
hbo:8394,"evne, intellegens, færdiged",,,,,,,,,,,,,
hbo:8398,"jord, fastlandet",,,,,,,,,,,,,
hbo:8414,"gold, tomhed, ørken",,,,,,,,,,,,,
hbo:8415,"ocean, urdyb",,,,,,,,,,,,,
hbo:8416,"lovprisning, herlighed",,,,,,,,,,,,,
hbo:8432,midte,,,,,,,,,,,,,
hbo:8435,"slægtsfortælling, efterkommere",,,,,,,,,,,,,
hbo:8438,orm,,,,,,,,,,,,,
hbo:8449,turteldue,,,,,,,,,,,,,
hbo:8451,"lov, vejledning, åbenbaring",,,,,,,,,,,,,
hbo:8467,"bønfaldelse, bøn",,,,,,,,,,,,,
hbo:8478,"under, i stedet for",,,,,,,,,,,,,
hbo:8482,"nedre, underste",,,,,,,,,,,,,
hbo:8485,"temanit, fra Tema",,,,,,,,,,,,,
hbo:8489,"Temanit, fra Teman",,,,,,,,,,,,,
hbo:8492,"vin (arkaisk, poetisk)",,,,,,,,,,,,,
hbo:8505,,,,"måle, ordne, stabilisere",,,,,,,,,,
hbo:8535,"fuldkommen, ret, resindig, pletfri",,,,,,,,,,,,,
hbo:8537,"uskyld, fuldkommenhed",,,,,,,,,,,,,
hbo:8538,"uskyld, retsindighed, integritet",,,,,,,,,,,,,
hbo:8543,i går,,,,,,,,,,,,,
hbo:8544,"afbildning, form",,,,,,,,,,,,,
hbo:8548,"altid, normalt, vedvaren",,,,,,,,,,,,,
hbo:8549,"hel, pletfri, ærlig",,,,,,,,,,,,,
hbo:8552,,"være fuldkommen, være aflsuttet",,,,,,,,,,,,
hbo:8567,,hyre?,,,,,,,,,,,,
hbo:8573,"svingning, svingningsoffer",,,,,,,,,,,,,
hbo:8574,"ovn, ildkrukke",,,,,,,,,,,,,
hbo:8577,"stort havdyr, søuhyre, drage",,,,,,,,,,,,,
hbo:8582,,"vandre omkring, vakle rundt",,,,,,,,,,,,
hbo:8585,kanal,,,,,,,,,,,,,
hbo:8593,barberkniv,,,,,,,,,,,,,
hbo:8604,"noget forkert, noget utilbørligt",,,,,,,,,,,,,
hbo:8605,bøn,,,,,,,,,,,,,
hbo:8609,,sy sammen,,,,,,,,,,,,
hbo:8628,,"støde, slå i, klappe, blæse (musikinstrument)",,,,,,,,,,,,
hbo:8639,dyb søvn,,,,,,,,,,,,,
hbo:8641,"afgift, kultgave",,,,,,,,,,,,,
hbo:8659,Tarshish,,,,,,,,,,,,,
hbo:8668,"frelse, hjælp",,,,,,,,,,,,,
hbo:8669,"lyst, begær",,,,,,,,,,,,,
