# CANDIDATE Hebrew pairs from MACULA Hebrew verb frames (CC BY 4.0): nouns filling the same verb slots, verbs taking
# the same arguments (PPMI cosine, mutual top-5). Derived data CC0. Built by shoresh/macula/build_verb_frames.py.
strong_a	strong_b	lexeme_a	lexeme_b	kind	cosine
H0524	H3961	hbo:0524	hbo:3961	noun	0.954
H0826	H2445	hbo:0826	hbo:2445	noun	0.93
H0753	H7341	hbo:0753	hbo:7341	noun	0.917
H0524	H5972	hbo:0524	hbo:5972	noun	0.804
H7110	H8444	hbo:7110	hbo:8444	noun	0.798
H2259	H4419	hbo:2259	hbo:4419	noun	0.797
H6473	H8138	hbo:6473	hbo:8138a	verb	0.77
H3961	H5972	hbo:3961	hbo:5972	noun	0.768
H4744	H8444	hbo:4744	hbo:8444	noun	0.744
H0858	H3673	hbo:0858	hbo:3673	verb	0.718
H5308	H5457	hbo:5308	hbo:5457	verb	0.717
H4501	H7550	hbo:4501	hbo:7550	noun	0.706
H4159	H7225	hbo:4159	hbo:7225	noun	0.702
H0490	H3490	hbo:0490	hbo:3490	noun	0.692
H5457	H8086	hbo:5457	hbo:8086	verb	0.688
H1375	H2580	hbo:1375	hbo:2580	noun	0.679
H1322	H3639	hbo:1322	hbo:3639	noun	0.673
H2493	H6591	hbo:2493	hbo:6591	noun	0.671
H3453	H5057	hbo:3453	hbo:5057	noun	0.67
H2213	H5039	hbo:2213	hbo:5039	noun	0.668
H0231	H6595	hbo:0231	hbo:6595	noun	0.666
H1753	H5457	hbo:1753	hbo:5457	verb	0.656
H6793	H7420	hbo:6793a	hbo:7420	noun	0.645
H3887	H6612	hbo:3887a	hbo:6612	noun	0.636
H7430	H8317	hbo:7430	hbo:8317	verb	0.632
H3176	H8138	hbo:3176	hbo:8138a	verb	0.632
H3176	H6473	hbo:3176	hbo:6473	verb	0.624
H0801	H7133	hbo:0801	hbo:7133	noun	0.615
H3767	H7130	hbo:3767	hbo:7130	noun	0.613
H5359	H5360	hbo:5359	hbo:5360	noun	0.608
H2213	H4219	hbo:2213	hbo:4219	noun	0.604
H5061	H5424	hbo:5061	hbo:5424	noun	0.602
H4744	H7110	hbo:4744	hbo:7110	noun	0.594
H1478	H7430	hbo:1478	hbo:7430	verb	0.591
H4219	H6720	hbo:4219	hbo:6720	noun	0.584
H6544	H7836	hbo:6544	hbo:7836	verb	0.581
H4133	H4147	hbo:4133	hbo:4147a	noun	0.579
H5461	H6346	hbo:5461	hbo:6346	noun	0.578
H0134	H2885	hbo:0134	hbo:2885	noun	0.574
H4490	H6720	hbo:4490	hbo:6720	noun	0.57
H2213	H8201	hbo:2213	hbo:8201	noun	0.567
H3323	H8492	hbo:3323	hbo:8492	noun	0.564
H3828	H4853	hbo:3828	hbo:4853	noun	0.563
H3742	H8561	hbo:3742	hbo:8561	noun	0.562
H2213	H4303	hbo:2213	hbo:4303	noun	0.56
H3595	H4501	hbo:3595	hbo:4501	noun	0.553
H2213	H5521	hbo:2213	hbo:5521	noun	0.549
H3673	H6966	hbo:3673	hbo:6966	verb	0.539
H0014	H3985	hbo:0014	hbo:3985	verb	0.537
H3595	H7550	hbo:3595	hbo:7550	noun	0.535
H7110	H8435	hbo:7110	hbo:8435	noun	0.535
H1826	H8138	hbo:1826	hbo:8138a	verb	0.535
H1715	H3323	hbo:1715	hbo:3323	noun	0.534
H1826	H6473	hbo:1826	hbo:6473	verb	0.528
H1715	H8492	hbo:1715	hbo:8492	noun	0.525
H6950	H7275	hbo:6950	hbo:7275	verb	0.524
H0875	H7845	hbo:0875	hbo:7845	noun	0.52
H7081	H7723	hbo:7081	hbo:7723	noun	0.52
H8467	H8605	hbo:8467	hbo:8605	noun	0.52
H0953	H6913	hbo:0953	hbo:6913	noun	0.518
H4539	H5251	hbo:4539	hbo:5251	noun	0.518
H0665	H8242	hbo:0665	hbo:8242	noun	0.513
H7195	H8144	hbo:7195	hbo:8144	noun	0.512
H5688	H6616	hbo:5688	hbo:6616	noun	0.511
H2406	H8184	hbo:2406	hbo:8184	noun	0.509
H4541	H6456	hbo:4541	hbo:6456	noun	0.509
H2715	H5461	hbo:2715	hbo:5461	noun	0.509
H3791	H5612	hbo:3791	hbo:5612	noun	0.508
H0817	H6453	hbo:0817	hbo:6453	noun	0.498
H7004	H7133	hbo:7004	hbo:7133	noun	0.497
H7716	H7794	hbo:7716	hbo:7794	noun	0.496
H1447	H6556	hbo:1447	hbo:6556	noun	0.494
H7440	H8088	hbo:7440	hbo:8088	noun	0.493
H5308	H8086	hbo:5308	hbo:8086	verb	0.493
H2821	H6937	hbo:2821	hbo:6937	verb	0.492
H5006	H6544	hbo:5006	hbo:6544	verb	0.488
H0520	H7341	hbo:0520	hbo:7341	noun	0.485
H6341	H7568	hbo:6341	hbo:7568	noun	0.483
H3462	H7937	hbo:3462	hbo:7937	verb	0.479
H7175	H8561	hbo:7175	hbo:8561	noun	0.478
H6187	H7979	hbo:6187	hbo:7979	noun	0.478
H0490	H3453	hbo:0490	hbo:3453	noun	0.475
H1753	H5308	hbo:1753	hbo:5308	verb	0.472
H4054	H5592	hbo:4054	hbo:5592	noun	0.462
H1242	H6153	hbo:1242	hbo:6153	noun	0.46
H1067	H6810	hbo:1067	hbo:6810	noun	0.459
H1926	H1935	hbo:1926	hbo:1935	noun	0.456
H2351	H2691	hbo:2351	hbo:2691	noun	0.455
H2280	H7401	hbo:2280	hbo:7401	verb	0.455
H1250	H7668	hbo:1250	hbo:7668	noun	0.453
H3985	H6544	hbo:3985	hbo:6544	verb	0.453
H3724	H4219	hbo:3724c	hbo:4219	noun	0.451
H1826	H3176	hbo:1826	hbo:3176	verb	0.451
H1698	H4490	hbo:1698	hbo:4490	noun	0.45
H4147	H6616	hbo:4147a	hbo:6616	noun	0.45
H2461	H3563	hbo:2461	hbo:3563	noun	0.449
H1653	H7950	hbo:1653	hbo:7950	noun	0.448
H0858	H6966	hbo:0858	hbo:6966	verb	0.448
H2529	H4682	hbo:2529	hbo:4682	noun	0.446
H2487	H4853	hbo:2487	hbo:4853	noun	0.446
H0998	H2451	hbo:0998	hbo:2451	noun	0.446
H0520	H0753	hbo:0520	hbo:0753	noun	0.445
H8336	H8438	hbo:8336	hbo:8438	noun	0.445
H6793	H7979	hbo:6793a	hbo:7979	noun	0.445
H0212	H6957	hbo:0212	hbo:6957	noun	0.443
H0014	H6544	hbo:0014	hbo:6544	verb	0.443
H3724	H8184	hbo:3724c	hbo:8184	noun	0.442
H3453	H3490	hbo:3453	hbo:3490	noun	0.441
H5929	H6227	hbo:5929	hbo:6227	noun	0.438
H3684	H6612	hbo:3684	hbo:6612	noun	0.438
H0560	H6032	hbo:0560	hbo:6032	verb	0.438
H1753	H8086	hbo:1753	hbo:8086	verb	0.438
H3462	H6974	hbo:3462	hbo:6974a	verb	0.437
H0352	H6499	hbo:0352	hbo:6499	noun	0.435
H2487	H4219	hbo:2487	hbo:4219	noun	0.433
H2580	H2885	hbo:2580	hbo:2885	noun	0.432
H6476	H7442	hbo:6476	hbo:7442	verb	0.431
H3882	H7431	hbo:3882	hbo:7431	noun	0.427
H0014	H7836	hbo:0014	hbo:7836	verb	0.427
H0272	H4054	hbo:0272	hbo:4054	noun	0.426
H1375	H3724	hbo:1375	hbo:3724c	noun	0.425
H6187	H6793	hbo:6187	hbo:6793a	noun	0.425
H6239	H7596	hbo:6239	hbo:7596	noun	0.424
H2077	H6453	hbo:2077	hbo:6453	noun	0.423
H0212	H3742	hbo:0212	hbo:3742	noun	0.423
H0934	H5061	hbo:0934	hbo:5061	noun	0.423
H4219	H4303	hbo:4219	hbo:4303	noun	0.423
H2336	H2351	hbo:2336	hbo:2351	noun	0.422
H1698	H7458	hbo:1698	hbo:7458	noun	0.421
H3801	H4598	hbo:3801	hbo:4598	noun	0.418
H4744	H6685	hbo:4744	hbo:6685	noun	0.418
H6187	H8444	hbo:6187	hbo:8444	noun	0.416
H3577	H7081	hbo:3577	hbo:7081	noun	0.416
H0014	H5006	hbo:0014	hbo:5006	verb	0.416
H3394	H3556	hbo:3394	hbo:3556	noun	0.415
H0905	H3828	hbo:0905a	hbo:3828	noun	0.415
H1280	H7175	hbo:1280	hbo:7175	noun	0.414
H7785	H8641	hbo:7785	hbo:8641	noun	0.414
H1855	H1934	hbo:1855	hbo:1934	verb	0.413
H2373	H7785	hbo:2373	hbo:7785	noun	0.411
H1681	H8435	hbo:1681	hbo:8435	noun	0.41
H3828	H4159	hbo:3828	hbo:4159	noun	0.41
H4643	H8393	hbo:4643	hbo:8393	noun	0.409
H5592	H7341	hbo:5592	hbo:7341	noun	0.409
H2580	H3724	hbo:2580	hbo:3724c	noun	0.408
H0801	H2459	hbo:0801	hbo:2459	noun	0.408
H4687	H6490	hbo:4687	hbo:6490	noun	0.407
H2154	H4147	hbo:2154	hbo:4147a	noun	0.407
H1546	H7628	hbo:1546	hbo:7628	noun	0.407
H6413	H7605	hbo:6413	hbo:7605	noun	0.405
H1984	H6937	hbo:1984a	hbo:6937	verb	0.404
H1067	H5959	hbo:1067	hbo:5959	noun	0.401
H0934	H5424	hbo:0934	hbo:5424	noun	0.401
H5141	H7596	hbo:5141	hbo:7596	noun	0.4
H3985	H7836	hbo:3985	hbo:7836	verb	0.4
H2320	H4979	hbo:2320	hbo:4979	noun	0.399
H0343	H1242	hbo:0343	hbo:1242	noun	0.399
H1892	H6227	hbo:1892	hbo:6227	noun	0.399
H4539	H6172	hbo:4539	hbo:6172	noun	0.397
H2195	H5550	hbo:2195	hbo:5550	noun	0.396
H3320	H6950	hbo:3320	hbo:6950	verb	0.393
H3828	H4643	hbo:3828	hbo:4643	noun	0.392
H5251	H8392	hbo:5251	hbo:8392	noun	0.392
H2610	H7270	hbo:2610	hbo:7270	verb	0.392
H4501	H7979	hbo:4501	hbo:7979	noun	0.39
H2471	H4289	hbo:2471	hbo:4289	noun	0.39
H2336	H2691	hbo:2336	hbo:2691	noun	0.39
H3684	H3887	hbo:3684	hbo:3887a	noun	0.39
H2416	H7431	hbo:2416c	hbo:7431	noun	0.389
H0520	H2691	hbo:0520	hbo:2691	noun	0.389
H1473	H7457	hbo:1473	hbo:7457	noun	0.389
H3724	H4960	hbo:3724c	hbo:4960	noun	0.388
H0231	H8144	hbo:0231	hbo:8144	noun	0.388
H1353	H8444	hbo:1353	hbo:8444	noun	0.388
H3577	H7723	hbo:3577	hbo:7723	noun	0.387
H1935	H3639	hbo:1935	hbo:3639	noun	0.387
H2529	H4303	hbo:2529	hbo:4303	noun	0.386
H7550	H7979	hbo:7550	hbo:7979	noun	0.386
H0155	H8255	hbo:0155	hbo:8255	noun	0.386
H0801	H2529	hbo:0801	hbo:2529	noun	0.385
H4289	H8641	hbo:4289	hbo:8641	noun	0.385
H3535	H8449	hbo:3535	hbo:8449	noun	0.384
H5787	H6455	hbo:5787	hbo:6455	noun	0.384
H2474	H4501	hbo:2474	hbo:4501	noun	0.381
H2471	H5560	hbo:2471	hbo:5560	noun	0.381
H5071	H7133	hbo:5071	hbo:7133	noun	0.38
H0899	H4598	hbo:0899	hbo:4598	noun	0.379
H5039	H8201	hbo:5039	hbo:8201	noun	0.379
H2459	H8641	hbo:2459	hbo:8641	noun	0.379
H0231	H4864	hbo:0231	hbo:4864	noun	0.379
H1124	H3635	hbo:1124	hbo:3635	verb	0.379
H2656	H7596	hbo:2656	hbo:7596	noun	0.378
H5594	H6912	hbo:5594	hbo:6912	verb	0.378
H0134	H4005	hbo:0134	hbo:4005	noun	0.376
H0753	H5592	hbo:0753	hbo:5592	noun	0.376
H1375	H8655	hbo:1375	hbo:8655	noun	0.375
H6974	H7937	hbo:6974a	hbo:7937	verb	0.375
H4303	H5039	hbo:4303	hbo:5039	noun	0.374
H1443	H6555	hbo:1443	hbo:6555	verb	0.374
H0226	H4159	hbo:0226	hbo:4159	noun	0.373
H1280	H6754	hbo:1280	hbo:6754	noun	0.373
H4209	H8454	hbo:4209	hbo:8454	noun	0.373
H1576	H2896	hbo:1576	hbo:2896b	noun	0.373
H2487	H6720	hbo:2487	hbo:6720	noun	0.372
H2324	H3046	hbo:2324	hbo:3046	verb	0.372
H1217	H7058	hbo:1217	hbo:7058	noun	0.371
H6818	H8088	hbo:6818	hbo:8088	noun	0.37
H0801	H7004	hbo:0801	hbo:7004	noun	0.37
H0954	H2659	hbo:0954	hbo:2659	verb	0.37
H0520	H5592	hbo:0520	hbo:5592	noun	0.369
H2856	H5640	hbo:2856	hbo:5640	verb	0.369
H2487	H3972	hbo:2487	hbo:3972	noun	0.368
H6341	H8255	hbo:6341	hbo:8255	noun	0.368
H0539	H8138	hbo:0539	hbo:8138a	verb	0.368
H5039	H5521	hbo:5039	hbo:5521	noun	0.367
H0231	H5688	hbo:0231	hbo:5688	noun	0.367
H1322	H4598	hbo:1322	hbo:4598	noun	0.367
H0817	H1423	hbo:0817	hbo:1423	noun	0.366
H2981	H6913	hbo:2981	hbo:6913	noun	0.366
H7845	H8255	hbo:7845	hbo:8255	noun	0.366
H4410	H7596	hbo:4410	hbo:7596	noun	0.365
H4303	H8401	hbo:4303	hbo:8401	noun	0.364
H0134	H2580	hbo:0134	hbo:2580	noun	0.364
H5518	H7965	hbo:5518	hbo:7965	noun	0.363
H0539	H6473	hbo:0539	hbo:6473	verb	0.363
H2610	H5594	hbo:2610	hbo:5594	verb	0.363
H4289	H7036	hbo:4289	hbo:7036	noun	0.362
H2201	H8088	hbo:2201	hbo:8088	noun	0.361
H0632	H8088	hbo:0632	hbo:8088	noun	0.361
H7564	H7810	hbo:7564	hbo:7810	noun	0.361
H2372	H7080	hbo:2372	hbo:7080	verb	0.361
H3202	H5954	hbo:3202	hbo:5954	verb	0.361
H2091	H3701	hbo:2091	hbo:3701	noun	0.36
H5848	H6743	hbo:5848a	hbo:6743a	verb	0.359
H7225	H8641	hbo:7225	hbo:8641	noun	0.358
H3176	H6960	hbo:3176	hbo:6960	verb	0.358
H0571	H2617	hbo:0571	hbo:2617	noun	0.357
H4864	H5688	hbo:4864	hbo:5688	noun	0.357
H1375	H8401	hbo:1375	hbo:8401	noun	0.357
H0801	H2077	hbo:0801	hbo:2077	noun	0.357
H2932	H4948	hbo:2932	hbo:4948	noun	0.357
H5068	H6915	hbo:5068	hbo:6915	verb	0.356
H2896	H4159	hbo:2896b	hbo:4159	noun	0.355
H2336	H5850	hbo:2336	hbo:5850	noun	0.355
H6915	H7812	hbo:6915	hbo:7812a	verb	0.355
H3423	H7931	hbo:3423	hbo:7931	verb	0.354
H7579	H7925	hbo:7579	hbo:7925	verb	0.354
H6153	H8444	hbo:6153	hbo:8444	noun	0.353
H4159	H4490	hbo:4159	hbo:4490	noun	0.353
H1823	H2201	hbo:1823	hbo:2201	noun	0.353
H5006	H7836	hbo:5006	hbo:7836	verb	0.353
H1423	H6453	hbo:1423	hbo:6453	noun	0.352
H4339	H8201	hbo:4339	hbo:8201	noun	0.351
H1005	H2942	hbo:1005	hbo:2942	noun	0.35
H5775	H6833	hbo:5775	hbo:6833	noun	0.349
H2860	H8435	hbo:2860	hbo:8435	noun	0.349
H1314	H7834	hbo:1314	hbo:7834	noun	0.349
H1270	H2373	hbo:1270	hbo:2373	noun	0.349
H2487	H4979	hbo:2487	hbo:4979	noun	0.348
H7341	H8184	hbo:7341	hbo:8184	noun	0.348
H0919	H2416	hbo:0919	hbo:2416d	noun	0.348
H1823	H6957	hbo:1823	hbo:6957	noun	0.348
H6524	H6581	hbo:6524	hbo:6581	verb	0.348
H5068	H6743	hbo:5068	hbo:6743a	verb	0.348
H2077	H4503	hbo:2077	hbo:4503	noun	0.347
H1543	H7130	hbo:1543	hbo:7130	noun	0.346
H0490	H5057	hbo:0490	hbo:5057	noun	0.345
H0860	H2543	hbo:0860	hbo:2543	noun	0.342
H3196	H7941	hbo:3196	hbo:7941	noun	0.341
H4931	H8163	hbo:4931	hbo:8163a	noun	0.341
H0155	H8144	hbo:0155	hbo:8144	noun	0.341
H3474	H5549	hbo:3474	hbo:5549	verb	0.341
H4687	H8451	hbo:4687	hbo:8451	noun	0.34
H2471	H8641	hbo:2471	hbo:8641	noun	0.34
H3532	H8449	hbo:3532	hbo:8449	noun	0.34
H0343	H7098	hbo:0343	hbo:7098	noun	0.34
H5415	H7412	hbo:5415	hbo:7412	verb	0.34
H4503	H4682	hbo:4503	hbo:4682	noun	0.339
H2708	H4687	hbo:2708	hbo:4687	noun	0.339
H2706	H4687	hbo:2706	hbo:4687	noun	0.339
H4339	H5071	hbo:4339	hbo:5071	noun	0.339
H2244	H5144	hbo:2244	hbo:5144	verb	0.339
H1846	H3518	hbo:1846	hbo:3518	verb	0.339
H3595	H4196	hbo:3595	hbo:4196	noun	0.338
H6157	H7458	hbo:6157	hbo:7458	noun	0.337
H2224	H2821	hbo:2224	hbo:2821	verb	0.337
H4931	H5592	hbo:4931	hbo:5592	noun	0.336
H4399	H8201	hbo:4399	hbo:8201	noun	0.335
H4503	H5930	hbo:4503	hbo:5930	noun	0.335
H1612	H8384	hbo:1612	hbo:8384	noun	0.335
H0107	H4490	hbo:0107	hbo:4490	noun	0.335
H0693	H6293	hbo:0693	hbo:6293	verb	0.335
H2403	H5771	hbo:2403	hbo:5771	noun	0.334
H4735	H7399	hbo:4735	hbo:7399	noun	0.334
H2461	H7668	hbo:2461	hbo:7668	noun	0.334
H5141	H8251	hbo:5141	hbo:8251	noun	0.334
H7568	H8255	hbo:7568	hbo:8255	noun	0.334
H0107	H5612	hbo:0107	hbo:5612	noun	0.334
H0352	H5930	hbo:0352	hbo:5930	noun	0.333
H3394	H8121	hbo:3394	hbo:8121	noun	0.333
H4864	H7225	hbo:4864	hbo:7225	noun	0.333
H5715	H6490	hbo:5715	hbo:6490	noun	0.333
H5688	H8144	hbo:5688	hbo:8144	noun	0.333
H1353	H4643	hbo:1353	hbo:4643	noun	0.333
H6403	H7533	hbo:6403	hbo:7533	verb	0.333
H2324	H3202	hbo:2324	hbo:3202	verb	0.333
H6187	H7110	hbo:6187	hbo:7110	noun	0.332
H7440	H8605	hbo:7440	hbo:8605	noun	0.332
H1681	H8088	hbo:1681	hbo:8088	noun	0.331
H0226	H7596	hbo:0226	hbo:7596	noun	0.33
H3828	H8426	hbo:3828	hbo:8426	noun	0.33
H1715	H6720	hbo:1715	hbo:6720	noun	0.33
H5550	H6341	hbo:5550	hbo:6341	noun	0.33
H2492	H6974	hbo:2492a	hbo:6974a	verb	0.33
H0697	H6854	hbo:0697	hbo:6854	noun	0.329
H8251	H8655	hbo:8251	hbo:8655	noun	0.329
H2682	H6212	hbo:2682	hbo:6212	noun	0.329
H3974	H6532	hbo:3974	hbo:6532	noun	0.328
H2529	H8435	hbo:2529	hbo:8435	noun	0.328
H0646	H2529	hbo:0646	hbo:2529	noun	0.328
H4133	H6616	hbo:4133	hbo:6616	noun	0.328
H2076	H7819	hbo:2076	hbo:7819	verb	0.328
H7264	H7493	hbo:7264	hbo:7493	verb	0.328
H0560	H5457	hbo:0560	hbo:5457	verb	0.327
H5930	H6453	hbo:5930	hbo:6453	noun	0.325
H8142	H8378	hbo:8142	hbo:8378	noun	0.325
H3639	H4598	hbo:3639	hbo:4598	noun	0.325
H2734	H2963	hbo:2734	hbo:2963	verb	0.325
H3537	H6776	hbo:3537	hbo:6776	noun	0.324
H4959	H6298	hbo:4959	hbo:6298	verb	0.324
H1375	H7195	hbo:1375	hbo:7195	noun	0.323
H1513	H4144	hbo:1513	hbo:4144	noun	0.323
H7804	H8086	hbo:7804	hbo:8086	verb	0.323
H0226	H8441	hbo:0226	hbo:8441	noun	0.321
H0646	H3407	hbo:0646	hbo:3407	noun	0.321
H3202	H7804	hbo:3202	hbo:7804	verb	0.321
H2896	H7562	hbo:2896	hbo:7562	noun	0.32
H2580	H8401	hbo:2580	hbo:8401	noun	0.32
H0400	H7668	hbo:0400	hbo:7668	noun	0.32
H1817	H8392	hbo:1817	hbo:8392	noun	0.32
H3490	H5057	hbo:3490	hbo:5057	noun	0.32
H6172	H7130	hbo:6172	hbo:7130	noun	0.319
H2708	H4941	hbo:2708	hbo:4941	noun	0.319
H2471	H7550	hbo:2471	hbo:7550	noun	0.319
H2420	H8416	hbo:2420	hbo:8416	noun	0.319
H7195	H7214	hbo:7195	hbo:7214	noun	0.319
H1823	H6187	hbo:1823	hbo:6187	noun	0.319
H0136	H0430	hbo:0136	hbo:0430	noun	0.318
H4979	H8615	hbo:4979	hbo:8615	noun	0.318
H5088	H8002	hbo:5088	hbo:8002	noun	0.318
H3049	H8655	hbo:3049	hbo:8655	noun	0.318
H0753	H8184	hbo:0753	hbo:8184	noun	0.318
H0238	H7181	hbo:0238	hbo:7181	verb	0.318
H7123	H7560	hbo:7123	hbo:7560	verb	0.318
H4687	H5715	hbo:4687	hbo:5715	noun	0.317
H3049	H8251	hbo:3049	hbo:8251	noun	0.317
H4541	H6459	hbo:4541	hbo:6459	noun	0.317
H3577	H4339	hbo:3577	hbo:4339	noun	0.317
H0926	H1478	hbo:0926	hbo:1478	verb	0.317
H2610	H5503	hbo:2610	hbo:5503	verb	0.317
H1242	H3974	hbo:1242	hbo:3974	noun	0.316
H3556	H8121	hbo:3556	hbo:8121	noun	0.316
H1280	H6456	hbo:1280	hbo:6456	noun	0.316
H5550	H7568	hbo:5550	hbo:7568	noun	0.316
H6485	H7931	hbo:6485	hbo:7931	verb	0.316
H6780	H8181	hbo:6780	hbo:8181	noun	0.315
H0520	H8184	hbo:0520	hbo:8184	noun	0.315
H5695	H7058	hbo:5695	hbo:7058	noun	0.315
H3202	H7123	hbo:3202	hbo:7123	verb	0.315
H1242	H7098	hbo:1242	hbo:7098	noun	0.314
H4643	H8392	hbo:4643	hbo:8392	noun	0.314
H2154	H4133	hbo:2154	hbo:4133	noun	0.314
H2891	H3526	hbo:2891	hbo:3526	verb	0.314
H7521	H7819	hbo:7521	hbo:7819	verb	0.314
H2896	H7451	hbo:2896b	hbo:7451b	noun	0.313
H0034	H6041	hbo:0034	hbo:6041	noun	0.312
H1290	H3581	hbo:1290	hbo:3581	noun	0.312
H7832	H8446	hbo:7832	hbo:8446	verb	0.312
H0216	H5216	hbo:0216	hbo:5216	noun	0.311
H5038	H6297	hbo:5038	hbo:6297	noun	0.311
H4347	H7667	hbo:4347	hbo:7667	noun	0.311
H6913	H7845	hbo:6913	hbo:7845	noun	0.31
H3489	H7782	hbo:3489	hbo:7782	noun	0.31
H2595	H5688	hbo:2595	hbo:5688	noun	0.31
H1058	H5594	hbo:1058	hbo:5594	verb	0.31
H3801	H6595	hbo:3801	hbo:6595	noun	0.309
H3595	H7979	hbo:3595	hbo:7979	noun	0.309
H1353	H7110	hbo:1353	hbo:7110	noun	0.309
H2351	H5850	hbo:2351	hbo:5850	noun	0.309
H0816	H5503	hbo:0816	hbo:5503	verb	0.309
H2282	H2320	hbo:2282	hbo:2320	noun	0.308
H3336	H6490	hbo:3336	hbo:6490	noun	0.308
H0226	H7225	hbo:0226	hbo:7225	noun	0.307
H7522	H8394	hbo:7522	hbo:8394	noun	0.307
H6491	H7686	hbo:6491	hbo:7686	verb	0.307
H2077	H5930	hbo:2077	hbo:5930	noun	0.306
H7036	H8655	hbo:7036	hbo:8655	noun	0.306
H7399	H7628	hbo:7399	hbo:7628	noun	0.305
H2534	H3852	hbo:2534	hbo:3852	noun	0.305
H1314	H5251	hbo:1314	hbo:5251	noun	0.305
H0970	H1330	hbo:0970	hbo:1330	noun	0.305
H3671	H4539	hbo:3671	hbo:4539	noun	0.304
H0530	H3577	hbo:0530	hbo:3577	noun	0.304
H3238	H8138	hbo:3238	hbo:8138a	verb	0.304
H2094	H5106	hbo:2094a	hbo:5106	verb	0.303
H0734	H4546	hbo:0734	hbo:4546	noun	0.302
H2708	H5715	hbo:2708	hbo:5715	noun	0.302
H4133	H6754	hbo:4133	hbo:6754	noun	0.302
H0319	H7223	hbo:0319	hbo:7223	noun	0.302
H6957	H8435	hbo:6957	hbo:8435	noun	0.302
H1644	H3256	hbo:1644	hbo:3256	verb	0.302
H3985	H5006	hbo:3985	hbo:5006	verb	0.302
H3537	H7607	hbo:3537	hbo:7607	noun	0.301
H2545	H7860	hbo:2545	hbo:7860	noun	0.301
H3885	H6087	hbo:3885	hbo:6087a	verb	0.301
H0817	H7622	hbo:0817	hbo:7622	noun	0.3
H1215	H4979	hbo:1215	hbo:4979	noun	0.3
H0606	H0826	hbo:0606	hbo:0826	noun	0.3
H3238	H6473	hbo:3238	hbo:6473	verb	0.3
H5954	H6032	hbo:5954	hbo:6032	verb	0.3
H2896	H7225	hbo:2896b	hbo:7225	noun	0.299
H7323	H7925	hbo:7323	hbo:7925	verb	0.299
H0539	H3176	hbo:0539	hbo:3176	verb	0.299
H3978	H4960	hbo:3978	hbo:4960	noun	0.298
H1322	H1935	hbo:1322	hbo:1935	noun	0.298
H1706	H2461	hbo:1706	hbo:2461	noun	0.297
H1779	H4161	hbo:1779	hbo:4161	noun	0.297
H1197	H3518	hbo:1197	hbo:3518	verb	0.296
H6031	H7355	hbo:6031	hbo:7355	verb	0.296
H5068	H6950	hbo:5068	hbo:6950	verb	0.296
H0784	H3852	hbo:0784	hbo:3852	noun	0.295
H4410	H4744	hbo:4410	hbo:4744	noun	0.295
H0779	H1288	hbo:0779	hbo:1288	verb	0.295
H0423	H7621	hbo:0423	hbo:7621	noun	0.294
H1353	H2764	hbo:1353	hbo:2764	noun	0.294
H1116	H2945	hbo:1116	hbo:2945	noun	0.294
H2029	H5998	hbo:2029	hbo:5998	verb	0.294
H1541	H7804	hbo:1541	hbo:7804	verb	0.294
H6172	H7036	hbo:6172	hbo:7036	noun	0.293
H4735	H7628	hbo:4735	hbo:7628	noun	0.293
H1681	H6413	hbo:1681	hbo:6413	noun	0.293
H1217	H4682	hbo:1217	hbo:4682	noun	0.293
H0953	H3595	hbo:0953	hbo:3595	noun	0.293
H6499	H8163	hbo:6499	hbo:8163a	noun	0.293
H5080	H5496	hbo:5080	hbo:5496	verb	0.293
H0560	H5308	hbo:0560	hbo:5308	verb	0.293
H2885	H3802	hbo:2885	hbo:3802	noun	0.292
H6363	H7440	hbo:6363	hbo:7440	noun	0.292
H0200	H7195	hbo:0200	hbo:7195	noun	0.292
H3320	H8334	hbo:3320	hbo:8334	verb	0.292
H0400	H2461	hbo:0400	hbo:2461	noun	0.291
H2706	H8451	hbo:2706	hbo:8451	noun	0.291
H1698	H6157	hbo:1698	hbo:6157	noun	0.291
H5360	H8441	hbo:5360	hbo:8441	noun	0.291
H0117	H6810	hbo:0117	hbo:6810	noun	0.291
H4147	H7699	hbo:4147a	hbo:7699	noun	0.291
H1706	H3972	hbo:1706	hbo:3972	noun	0.29
H1779	H2940	hbo:1779	hbo:2940	noun	0.29
H3423	H6485	hbo:3423	hbo:6485	verb	0.29
H1935	H7045	hbo:1935	hbo:7045	noun	0.289
H1576	H7451	hbo:1576	hbo:7451b	noun	0.289
H2370	H3673	hbo:2370	hbo:3673	verb	0.289
H4682	H5560	hbo:4682	hbo:5560	noun	0.288
H4864	H7892	hbo:4864	hbo:7892	noun	0.288
H1698	H1710	hbo:1698	hbo:1710	noun	0.288
H3453	H6041	hbo:3453	hbo:6041	noun	0.288
H6006	H7185	hbo:6006	hbo:7185	verb	0.288
H2885	H6157	hbo:2885	hbo:6157	noun	0.287
H2603	H6403	hbo:2603	hbo:6403	verb	0.287
H2403	H6588	hbo:2403	hbo:6588	noun	0.286
H2077	H8002	hbo:2077	hbo:8002	noun	0.286
H0343	H6343	hbo:0343	hbo:6343	noun	0.286
H2100	H2610	hbo:2100	hbo:2610	verb	0.286
H3046	H3202	hbo:3046	hbo:3202	verb	0.286
H1347	H4676	hbo:1347	hbo:4676	noun	0.285
H1473	H1546	hbo:1473	hbo:1546	noun	0.285
H5251	H7568	hbo:5251	hbo:7568	noun	0.285
H6966	H8133	hbo:6966	hbo:8133	verb	0.285
H0929	H5775	hbo:0929	hbo:5775	noun	0.284
H3742	H7175	hbo:3742	hbo:7175	noun	0.284
H1259	H4306	hbo:1259	hbo:4306	noun	0.284
H4133	H4676	hbo:4133	hbo:4676	noun	0.284
H2940	H4161	hbo:2940	hbo:4161	noun	0.284
H5411	H7778	hbo:5411	hbo:7778	noun	0.284
H4116	H7579	hbo:4116	hbo:7579	verb	0.284
H3885	H7275	hbo:3885	hbo:7275	verb	0.284
H0272	H7668	hbo:0272	hbo:7668	noun	0.283
H5787	H8002	hbo:5787	hbo:8002	noun	0.283
H4147	H8328	hbo:4147a	hbo:8328	noun	0.283
H4406	H6591	hbo:4406	hbo:6591	noun	0.283
H3259	H5301	hbo:3259	hbo:5301	verb	0.283
H6231	H7355	hbo:6231	hbo:7355	verb	0.283
H0560	H8086	hbo:0560	hbo:8086	verb	0.283
H2461	H3196	hbo:2461	hbo:3196	noun	0.282
H5141	H5716	hbo:5141	hbo:5716	noun	0.282
H7081	H8267	hbo:7081	hbo:8267	noun	0.282
H0606	H2445	hbo:0606	hbo:2445	noun	0.282
H2423	H6755	hbo:2423	hbo:6755	noun	0.282
H0899	H3801	hbo:0899	hbo:3801	noun	0.281
H6172	H8457	hbo:6172	hbo:8457	noun	0.28
H5695	H6456	hbo:5695	hbo:6456	noun	0.28
H4043	H7982	hbo:4043	hbo:7982	noun	0.28
H1350	H4376	hbo:1350	hbo:4376	verb	0.28
H2554	H7355	hbo:2554	hbo:7355	verb	0.28
H2781	H3639	hbo:2781	hbo:3639	noun	0.279
H3018	H7939	hbo:3018	hbo:7939	noun	0.279
H7562	H7965	hbo:7562	hbo:7965	noun	0.279
H0899	H8071	hbo:0899	hbo:8071	noun	0.278
H1926	H7522	hbo:1926	hbo:7522	noun	0.278
H0200	H7564	hbo:0200	hbo:7564	noun	0.278
H6684	H7925	hbo:6684	hbo:7925	verb	0.278
H1285	H6490	hbo:1285	hbo:6490	noun	0.277
H0905	H4853	hbo:0905a	hbo:4853	noun	0.277
H7036	H7130	hbo:7036	hbo:7130	noun	0.277
H2270	H7440	hbo:2270	hbo:7440	noun	0.277
H2270	H6412	hbo:2270	hbo:6412a	noun	0.277
H5090	H7617	hbo:5090	hbo:7617	verb	0.277
H5930	H6499	hbo:5930	hbo:6499	noun	0.276
H4339	H7723	hbo:4339	hbo:7723	noun	0.276
H3857	H4131	hbo:3857	hbo:4131	verb	0.276
H5175	H6189	hbo:5175	hbo:6189	noun	0.275
H4541	H5262	hbo:4541	hbo:5262	noun	0.275
H1123	H3606	hbo:1123	hbo:3606	noun	0.275
H4437	H6523	hbo:4437	hbo:6523	noun	0.275
H1826	H2786	hbo:1826	hbo:2786	verb	0.275
H5144	H5810	hbo:5144	hbo:5810	verb	0.275
H2513	H6975	hbo:2513	hbo:6975	noun	0.274
H2748	H5633	hbo:2748	hbo:5633	noun	0.274
H2691	H7341	hbo:2691	hbo:7341	noun	0.274
H2748	H7991	hbo:2748	hbo:7991	noun	0.273
H2706	H5715	hbo:2706	hbo:5715	noun	0.273
H0657	H1779	hbo:0657	hbo:1779	noun	0.273
H4430	H5972	hbo:4430	hbo:5972	noun	0.273
H1681	H8163	hbo:1681	hbo:8163a	noun	0.272
H2377	H3577	hbo:2377	hbo:3577	noun	0.272
H5850	H8392	hbo:5850	hbo:8392	noun	0.272
H7440	H7782	hbo:7440	hbo:7782	noun	0.272
H0232	H0632	hbo:0232	hbo:0632	noun	0.272
H8057	H8449	hbo:8057	hbo:8449	noun	0.272
H6490	H8451	hbo:6490	hbo:8451	noun	0.272
H6231	H8199	hbo:6231	hbo:8199	verb	0.272
H3018	H6233	hbo:3018	hbo:6233	noun	0.27
H1280	H1817	hbo:1280	hbo:1817	noun	0.27
H0606	H3961	hbo:0606	hbo:3961	noun	0.27
H2195	H3563	hbo:2195	hbo:3563	noun	0.27
H7092	H7997	hbo:7092	hbo:7997	verb	0.27
H3556	H8064	hbo:3556	hbo:8064	noun	0.269
H7093	H7457	hbo:7093	hbo:7457	noun	0.269
H1710	H7381	hbo:1710	hbo:7381	noun	0.269
H5768	H6776	hbo:5768	hbo:6776	noun	0.269
H0919	H1280	hbo:0919	hbo:1280	noun	0.269
H0119	H1086	hbo:0119	hbo:1086	verb	0.269
H3584	H7231	hbo:3584	hbo:7231	verb	0.268
H7804	H7972	hbo:7804	hbo:7972	verb	0.268
H2063	H4948	hbo:2063	hbo:4948	noun	0.267
H5929	H6731	hbo:5929	hbo:6731	noun	0.267
H2319	H2682	hbo:2319	hbo:2682	noun	0.267
H0919	H4438	hbo:0919	hbo:4438	noun	0.267
H5012	H7080	hbo:5012	hbo:7080	verb	0.267
H2896	H4148	hbo:2896	hbo:4148	noun	0.266
H2896	H7451	hbo:2896	hbo:7451	noun	0.266
H4148	H8433	hbo:4148	hbo:8433a	noun	0.266
H4339	H5359	hbo:4339	hbo:5359	noun	0.266
H0426	H4430	hbo:0426	hbo:4430	noun	0.266
H3766	H6398	hbo:3766	hbo:6398	verb	0.266
H0639	H2534	hbo:0639	hbo:2534	noun	0.265
H3374	H4758	hbo:3374	hbo:4758	noun	0.265
H3374	H4054	hbo:3374	hbo:4054	noun	0.265
H3490	H6041	hbo:3490	hbo:6041	noun	0.265
H1935	H2320	hbo:1935	hbo:2320	noun	0.265
H2470	H4910	hbo:2470a	hbo:4910	verb	0.265
H5771	H6588	hbo:5771	hbo:6588	noun	0.264
H0606	H5972	hbo:0606	hbo:5972	noun	0.264
H4437	H6755	hbo:4437	hbo:6755	noun	0.264
H1478	H3950	hbo:1478	hbo:3950	verb	0.264
H6915	H7275	hbo:6915	hbo:7275	verb	0.264
H3190	H7489	hbo:3190	hbo:7489	verb	0.264
H0539	H1826	hbo:0539	hbo:1826	verb	0.264
H6684	H7579	hbo:6684	hbo:7579	verb	0.264
H6937	H7812	hbo:6937	hbo:7812a	verb	0.264
H5397	H6413	hbo:5397	hbo:6413	noun	0.263
H6595	H6833	hbo:6595	hbo:6833	noun	0.263
H2706	H2708	hbo:2706	hbo:2708	noun	0.263
H1486	H4194	hbo:1486	hbo:4194	noun	0.263
H5503	H7270	hbo:5503	hbo:7270	verb	0.263
H5594	H7925	hbo:5594	hbo:7925	verb	0.263
H6381	H6565	hbo:6381	hbo:6565	verb	0.262
H0644	H5503	hbo:0644	hbo:5503	verb	0.262
H2708	H4931	hbo:2708	hbo:4931	noun	0.261
H2611	H7563	hbo:2611	hbo:7563	noun	0.261
H0974	H3474	hbo:0974	hbo:3474	verb	0.261
H3259	H7275	hbo:3259	hbo:7275	verb	0.261
H4603	H4775	hbo:4603	hbo:4775	verb	0.261
H3898	H7937	hbo:3898	hbo:7937	verb	0.261
H0954	H2645	hbo:0954	hbo:2645	verb	0.261
H3767	H7004	hbo:3767	hbo:7004	noun	0.26
H1123	H1400	hbo:1123	hbo:1400	noun	0.26
H1523	H2100	hbo:1523	hbo:2100	verb	0.26
H0339	H7098	hbo:0339	hbo:7098	noun	0.257
H0615	H0632	hbo:0615	hbo:0632	noun	0.257
H0524	H0606	hbo:0524	hbo:0606	noun	0.257
H4999	H6212	hbo:4999	hbo:6212	noun	0.257
H5144	H5258	hbo:5144	hbo:5258	verb	0.257
H0560	H2370	hbo:0560	hbo:2370	verb	0.256
H1817	H6957	hbo:1817	hbo:6957	noun	0.255
H6363	H8002	hbo:6363	hbo:8002	noun	0.255
H2764	H6363	hbo:2764	hbo:6363	noun	0.255
H0561	H8454	hbo:0561	hbo:8454	noun	0.255
H0730	H7064	hbo:0730	hbo:7064	noun	0.255
H2280	H7392	hbo:2280	hbo:7392	verb	0.255
H2181	H5003	hbo:2181	hbo:5003	verb	0.255
H2554	H6231	hbo:2554	hbo:6231	verb	0.255
H1590	H6854	hbo:1590	hbo:6854	noun	0.254
H0632	H2282	hbo:0632	hbo:2282	noun	0.254
H1882	H2942	hbo:1882	hbo:2942	noun	0.254
H5774	H8025	hbo:5774	hbo:8025	verb	0.254
H3526	H6581	hbo:3526	hbo:6581	verb	0.254
H0727	H4853	hbo:0727	hbo:4853	noun	0.253
H3256	H5937	hbo:3256	hbo:5937	verb	0.253
H6684	H8334	hbo:6684	hbo:8334	verb	0.253
H1892	H5929	hbo:1892	hbo:5929	noun	0.252
H2658	H3738	hbo:2658	hbo:3738	verb	0.252
H1350	H6299	hbo:1350	hbo:6299	verb	0.252
H6743	H7114	hbo:6743a	hbo:7114a	verb	0.252
H3974	H8398	hbo:3974	hbo:8398	noun	0.251
H0875	H6913	hbo:0875	hbo:6913	noun	0.251
H3617	H8052	hbo:3617	hbo:8052	noun	0.251
H2324	H5954	hbo:2324	hbo:5954	verb	0.251
H2534	H5216	hbo:2534	hbo:5216	noun	0.25
H5145	H6731	hbo:5145	hbo:6731	noun	0.25
H0591	H3618	hbo:0591	hbo:3618	noun	0.25
H3617	H7621	hbo:3617	hbo:7621	noun	0.25
H0926	H7430	hbo:0926	hbo:7430	verb	0.25
